INFO:     Started server process [14772]
INFO:     Waiting for application startup.
INFO:     Application startup complete.
INFO:     Uvicorn running on http://127.0.0.1:8001 (Press CTRL+C to quit)
C:\Users\salva\AppData\Local\Programs\Python\Python313\Lib\site-packages\jwt\api_jwt.py:153: InsecureKeyLengthWarning: The HMAC key is 10 bytes long, which is below the minimum recommended length of 32 bytes for SHA256. See RFC 7518 Section 3.2.
  return self._jws.encode(
C:\Users\salva\AppData\Local\Programs\Python\Python313\Lib\site-packages\jwt\api_jwt.py:371: InsecureKeyLengthWarning: The HMAC key is 10 bytes long, which is below the minimum recommended length of 32 bytes for SHA256. See RFC 7518 Section 3.2.
  decoded = self.decode_complete(
C:\Users\salva\AppData\Local\Programs\Python\Python313\Lib\site-packages\jwt\api_jwt.py:153: InsecureKeyLengthWarning: The HMAC key is 10 bytes long, which is below the minimum recommended length of 32 bytes for SHA256. See RFC 7518 Section 3.2.
  return self._jws.encode(
C:\Users\salva\AppData\Local\Programs\Python\Python313\Lib\site-packages\jwt\api_jwt.py:371: InsecureKeyLengthWarning: The HMAC key is 10 bytes long, which is below the minimum recommended length of 32 bytes for SHA256. See RFC 7518 Section 3.2.
  decoded = self.decode_complete(
C:\Users\salva\AppData\Local\Programs\Python\Python313\Lib\site-packages\jwt\api_jwt.py:371: InsecureKeyLengthWarning: The HMAC key is 10 bytes long, which is below the minimum recommended length of 32 bytes for SHA256. See RFC 7518 Section 3.2.
  decoded = self.decode_complete(
ERROR:    Exception in ASGI application
Traceback (most recent call last):
  File "C:\Users\salva\AppData\Local\Programs\Python\Python313\Lib\site-packages\uvicorn\protocols\http\httptools_impl.py", line 416, in run_asgi
    result = await app(  # type: ignore[func-returns-value]
             ^^^^^^^^^^^^^^^^^^^^^^^^^^^^^^^^^^^^^^^^^^^^^^
        self.scope, self.receive, self.send
        ^^^^^^^^^^^^^^^^^^^^^^^^^^^^^^^^^^^
    )
    ^
  File "C:\Users\salva\AppData\Local\Programs\Python\Python313\Lib\site-packages\uvicorn\middleware\proxy_headers.py", line 60, in __call__
    return await self.app(scope, receive, send)
           ^^^^^^^^^^^^^^^^^^^^^^^^^^^^^^^^^^^^
  File "C:\Users\salva\AppData\Local\Programs\Python\Python313\Lib\site-packages\fastapi\applications.py", line 1138, in __call__
    await super().__call__(scope, receive, send)
  File "C:\Users\salva\AppData\Local\Programs\Python\Python313\Lib\site-packages\starlette\applications.py", line 107, in __call__
    await self.middleware_stack(scope, receive, send)
  File "C:\Users\salva\AppData\Local\Programs\Python\Python313\Lib\site-packages\starlette\middleware\errors.py", line 186, in __call__
    raise exc
  File "C:\Users\salva\AppData\Local\Programs\Python\Python313\Lib\site-packages\starlette\middleware\errors.py", line 164, in __call__
    await self.app(scope, receive, _send)
  File "C:\Users\salva\AppData\Local\Programs\Python\Python313\Lib\site-packages\starlette\middleware\cors.py", line 87, in __call__
    await self.app(scope, receive, send)
  File "C:\Users\salva\AppData\Local\Programs\Python\Python313\Lib\site-packages\starlette\middleware\exceptions.py", line 63, in __call__
    await wrap_app_handling_exceptions(self.app, conn)(scope, receive, send)
  File "C:\Users\salva\AppData\Local\Programs\Python\Python313\Lib\site-packages\starlette\_exception_handler.py", line 53, in wrapped_app
    raise exc
  File "C:\Users\salva\AppData\Local\Programs\Python\Python313\Lib\site-packages\starlette\_exception_handler.py", line 42, in wrapped_app
    await app(scope, receive, sender)
  File "C:\Users\salva\AppData\Local\Programs\Python\Python313\Lib\site-packages\fastapi\middleware\asyncexitstack.py", line 18, in __call__
    await self.app(scope, receive, send)
  File "C:\Users\salva\AppData\Local\Programs\Python\Python313\Lib\site-packages\starlette\routing.py", line 716, in __call__
    await self.middleware_stack(scope, receive, send)
  File "C:\Users\salva\AppData\Local\Programs\Python\Python313\Lib\site-packages\starlette\routing.py", line 736, in app
    await route.handle(scope, receive, send)
  File "C:\Users\salva\AppData\Local\Programs\Python\Python313\Lib\site-packages\starlette\routing.py", line 290, in handle
    await self.app(scope, receive, send)
  File "C:\Users\salva\AppData\Local\Programs\Python\Python313\Lib\site-packages\fastapi\routing.py", line 124, in app
    await wrap_app_handling_exceptions(app, request)(scope, receive, send)
  File "C:\Users\salva\AppData\Local\Programs\Python\Python313\Lib\site-packages\starlette\_exception_handler.py", line 53, in wrapped_app
    raise exc
  File "C:\Users\salva\AppData\Local\Programs\Python\Python313\Lib\site-packages\starlette\_exception_handler.py", line 42, in wrapped_app
    await app(scope, receive, sender)
  File "C:\Users\salva\AppData\Local\Programs\Python\Python313\Lib\site-packages\fastapi\routing.py", line 110, in app
    response = await f(request)
               ^^^^^^^^^^^^^^^^
  File "C:\Users\salva\AppData\Local\Programs\Python\Python313\Lib\site-packages\fastapi\routing.py", line 432, in app
    raw_response = await run_endpoint_function(
                   ^^^^^^^^^^^^^^^^^^^^^^^^^^^^
    ...<3 lines>...
    )
    ^
  File "C:\Users\salva\AppData\Local\Programs\Python\Python313\Lib\site-packages\fastapi\routing.py", line 322, in run_endpoint_function
    return await run_in_threadpool(dependant.call, **values)
           ^^^^^^^^^^^^^^^^^^^^^^^^^^^^^^^^^^^^^^^^^^^^^^^^^
  File "C:\Users\salva\AppData\Local\Programs\Python\Python313\Lib\site-packages\starlette\concurrency.py", line 32, in run_in_threadpool
    return await anyio.to_thread.run_sync(func)
           ^^^^^^^^^^^^^^^^^^^^^^^^^^^^^^^^^^^^
  File "C:\Users\salva\AppData\Local\Programs\Python\Python313\Lib\site-packages\anyio\to_thread.py", line 63, in run_sync
    return await get_async_backend().run_sync_in_worker_thread(
           ^^^^^^^^^^^^^^^^^^^^^^^^^^^^^^^^^^^^^^^^^^^^^^^^^^^^
        func, args, abandon_on_cancel=abandon_on_cancel, limiter=limiter
        ^^^^^^^^^^^^^^^^^^^^^^^^^^^^^^^^^^^^^^^^^^^^^^^^^^^^^^^^^^^^^^^^
    )
    ^
  File "C:\Users\salva\AppData\Local\Programs\Python\Python313\Lib\site-packages\anyio\_backends\_asyncio.py", line 2502, in run_sync_in_worker_thread
    return await future
           ^^^^^^^^^^^^
  File "C:\Users\salva\AppData\Local\Programs\Python\Python313\Lib\site-packages\anyio\_backends\_asyncio.py", line 986, in run
    result = context.run(func, *args)
  File "e:\Salvo\Desktop\Progetti\Role Mining\Role_Mining\backend\main.py", line 1473, in extract
    # BRDB: rebuild leggero (si basa su stato corrente: last_extract + role_meta + mapping)
  File "e:\Salvo\Desktop\Progetti\Role Mining\Role_Mining\backend\main.py", line 985, in extract_from_ldap
  File "C:\Users\salva\AppData\Local\Programs\Python\Python313\Lib\site-packages\ldap3\core\connection.py", line 363, in __init__
    self._do_auto_bind()
    ~~~~~~~~~~~~~~~~~~^^
  File "C:\Users\salva\AppData\Local\Programs\Python\Python313\Lib\site-packages\ldap3\core\connection.py", line 387, in _do_auto_bind
    self.open(read_server_info=False)
    ~~~~~~~~~^^^^^^^^^^^^^^^^^^^^^^^^
  File "C:\Users\salva\AppData\Local\Programs\Python\Python313\Lib\site-packages\ldap3\strategy\sync.py", line 57, in open
    BaseStrategy.open(self, reset_usage, read_server_info)
    ~~~~~~~~~~~~~~~~~^^^^^^^^^^^^^^^^^^^^^^^^^^^^^^^^^^^^^
  File "C:\Users\salva\AppData\Local\Programs\Python\Python313\Lib\site-packages\ldap3\strategy\base.py", line 146, in open
    raise exception_history[0][0]
ldap3.core.exceptions.LDAPSocketOpenError: socket connection error while opening: [WinError 10060] Impossibile stabilire la connessione. Risposta non corretta della parte connessa dopo l'intervallo di tempo oppure mancata risposta dall'host collegato
C:\Users\salva\AppData\Local\Programs\Python\Python313\Lib\site-packages\jwt\api_jwt.py:153: InsecureKeyLengthWarning: The HMAC key is 10 bytes long, which is below the minimum recommended length of 32 bytes for SHA256. See RFC 7518 Section 3.2.
  return self._jws.encode(
C:\Users\salva\AppData\Local\Programs\Python\Python313\Lib\site-packages\jwt\api_jwt.py:371: InsecureKeyLengthWarning: The HMAC key is 10 bytes long, which is below the minimum recommended length of 32 bytes for SHA256. See RFC 7518 Section 3.2.
  decoded = self.decode_complete(
ERROR:    Exception in ASGI application
Traceback (most recent call last):
  File "C:\Users\salva\AppData\Local\Programs\Python\Python313\Lib\site-packages\uvicorn\protocols\http\httptools_impl.py", line 416, in run_asgi
    result = await app(  # type: ignore[func-returns-value]
             ^^^^^^^^^^^^^^^^^^^^^^^^^^^^^^^^^^^^^^^^^^^^^^
        self.scope, self.receive, self.send
        ^^^^^^^^^^^^^^^^^^^^^^^^^^^^^^^^^^^
    )
    ^
  File "C:\Users\salva\AppData\Local\Programs\Python\Python313\Lib\site-packages\uvicorn\middleware\proxy_headers.py", line 60, in __call__
    return await self.app(scope, receive, send)
           ^^^^^^^^^^^^^^^^^^^^^^^^^^^^^^^^^^^^
  File "C:\Users\salva\AppData\Local\Programs\Python\Python313\Lib\site-packages\fastapi\applications.py", line 1138, in __call__
    await super().__call__(scope, receive, send)
  File "C:\Users\salva\AppData\Local\Programs\Python\Python313\Lib\site-packages\starlette\applications.py", line 107, in __call__
    await self.middleware_stack(scope, receive, send)
  File "C:\Users\salva\AppData\Local\Programs\Python\Python313\Lib\site-packages\starlette\middleware\errors.py", line 186, in __call__
    raise exc
  File "C:\Users\salva\AppData\Local\Programs\Python\Python313\Lib\site-packages\starlette\middleware\errors.py", line 164, in __call__
    await self.app(scope, receive, _send)
  File "C:\Users\salva\AppData\Local\Programs\Python\Python313\Lib\site-packages\starlette\middleware\cors.py", line 87, in __call__
    await self.app(scope, receive, send)
  File "C:\Users\salva\AppData\Local\Programs\Python\Python313\Lib\site-packages\starlette\middleware\exceptions.py", line 63, in __call__
    await wrap_app_handling_exceptions(self.app, conn)(scope, receive, send)
  File "C:\Users\salva\AppData\Local\Programs\Python\Python313\Lib\site-packages\starlette\_exception_handler.py", line 53, in wrapped_app
    raise exc
  File "C:\Users\salva\AppData\Local\Programs\Python\Python313\Lib\site-packages\starlette\_exception_handler.py", line 42, in wrapped_app
    await app(scope, receive, sender)
  File "C:\Users\salva\AppData\Local\Programs\Python\Python313\Lib\site-packages\fastapi\middleware\asyncexitstack.py", line 18, in __call__
    await self.app(scope, receive, send)
  File "C:\Users\salva\AppData\Local\Programs\Python\Python313\Lib\site-packages\starlette\routing.py", line 716, in __call__
    await self.middleware_stack(scope, receive, send)
  File "C:\Users\salva\AppData\Local\Programs\Python\Python313\Lib\site-packages\starlette\routing.py", line 736, in app
    await route.handle(scope, receive, send)
  File "C:\Users\salva\AppData\Local\Programs\Python\Python313\Lib\site-packages\starlette\routing.py", line 290, in handle
    await self.app(scope, receive, send)
  File "C:\Users\salva\AppData\Local\Programs\Python\Python313\Lib\site-packages\fastapi\routing.py", line 124, in app
    await wrap_app_handling_exceptions(app, request)(scope, receive, send)
  File "C:\Users\salva\AppData\Local\Programs\Python\Python313\Lib\site-packages\starlette\_exception_handler.py", line 53, in wrapped_app
    raise exc
  File "C:\Users\salva\AppData\Local\Programs\Python\Python313\Lib\site-packages\starlette\_exception_handler.py", line 42, in wrapped_app
    await app(scope, receive, sender)
  File "C:\Users\salva\AppData\Local\Programs\Python\Python313\Lib\site-packages\fastapi\routing.py", line 110, in app
    response = await f(request)
               ^^^^^^^^^^^^^^^^
  File "C:\Users\salva\AppData\Local\Programs\Python\Python313\Lib\site-packages\fastapi\routing.py", line 432, in app
    raw_response = await run_endpoint_function(
                   ^^^^^^^^^^^^^^^^^^^^^^^^^^^^
    ...<3 lines>...
    )
    ^
  File "C:\Users\salva\AppData\Local\Programs\Python\Python313\Lib\site-packages\fastapi\routing.py", line 322, in run_endpoint_function
    return await run_in_threadpool(dependant.call, **values)
           ^^^^^^^^^^^^^^^^^^^^^^^^^^^^^^^^^^^^^^^^^^^^^^^^^
  File "C:\Users\salva\AppData\Local\Programs\Python\Python313\Lib\site-packages\starlette\concurrency.py", line 32, in run_in_threadpool
    return await anyio.to_thread.run_sync(func)
           ^^^^^^^^^^^^^^^^^^^^^^^^^^^^^^^^^^^^
  File "C:\Users\salva\AppData\Local\Programs\Python\Python313\Lib\site-packages\anyio\to_thread.py", line 63, in run_sync
    return await get_async_backend().run_sync_in_worker_thread(
           ^^^^^^^^^^^^^^^^^^^^^^^^^^^^^^^^^^^^^^^^^^^^^^^^^^^^
        func, args, abandon_on_cancel=abandon_on_cancel, limiter=limiter
        ^^^^^^^^^^^^^^^^^^^^^^^^^^^^^^^^^^^^^^^^^^^^^^^^^^^^^^^^^^^^^^^^
    )
    ^
  File "C:\Users\salva\AppData\Local\Programs\Python\Python313\Lib\site-packages\anyio\_backends\_asyncio.py", line 2502, in run_sync_in_worker_thread
    return await future
           ^^^^^^^^^^^^
  File "C:\Users\salva\AppData\Local\Programs\Python\Python313\Lib\site-packages\anyio\_backends\_asyncio.py", line 986, in run
    result = context.run(func, *args)
  File "e:\Salvo\Desktop\Progetti\Role Mining\Role_Mining\backend\main.py", line 1473, in extract
    brdb_rebuild()
            ~~~~^^
  File "e:\Salvo\Desktop\Progetti\Role Mining\Role_Mining\backend\main.py", line 985, in extract_from_ldap
    # objectClass=user può includere account tecnici: in produzione aggiungere filtri più stretti
  File "C:\Users\salva\AppData\Local\Programs\Python\Python313\Lib\site-packages\ldap3\core\connection.py", line 363, in __init__
    self._do_auto_bind()
    ~~~~~~~~~~~~~~~~~~^^
  File "C:\Users\salva\AppData\Local\Programs\Python\Python313\Lib\site-packages\ldap3\core\connection.py", line 387, in _do_auto_bind
    self.open(read_server_info=False)
    ~~~~~~~~~^^^^^^^^^^^^^^^^^^^^^^^^
  File "C:\Users\salva\AppData\Local\Programs\Python\Python313\Lib\site-packages\ldap3\strategy\sync.py", line 57, in open
    BaseStrategy.open(self, reset_usage, read_server_info)
    ~~~~~~~~~~~~~~~~~^^^^^^^^^^^^^^^^^^^^^^^^^^^^^^^^^^^^^
  File "C:\Users\salva\AppData\Local\Programs\Python\Python313\Lib\site-packages\ldap3\strategy\base.py", line 146, in open
    raise exception_history[0][0]
ldap3.core.exceptions.LDAPSocketOpenError: socket connection error while opening: [WinError 10060] Impossibile stabilire la connessione. Risposta non corretta della parte connessa dopo l'intervallo di tempo oppure mancata risposta dall'host collegato
C:\Users\salva\AppData\Local\Programs\Python\Python313\Lib\site-packages\jwt\api_jwt.py:153: InsecureKeyLengthWarning: The HMAC key is 10 bytes long, which is below the minimum recommended length of 32 bytes for SHA256. See RFC 7518 Section 3.2.
  return self._jws.encode(
C:\Users\salva\AppData\Local\Programs\Python\Python313\Lib\site-packages\jwt\api_jwt.py:371: InsecureKeyLengthWarning: The HMAC key is 10 bytes long, which is below the minimum recommended length of 32 bytes for SHA256. See RFC 7518 Section 3.2.
  decoded = self.decode_complete(
ERROR:    Exception in ASGI application
Traceback (most recent call last):
  File "C:\Users\salva\AppData\Local\Programs\Python\Python313\Lib\site-packages\uvicorn\protocols\http\httptools_impl.py", line 416, in run_asgi
    result = await app(  # type: ignore[func-returns-value]
             ^^^^^^^^^^^^^^^^^^^^^^^^^^^^^^^^^^^^^^^^^^^^^^
        self.scope, self.receive, self.send
        ^^^^^^^^^^^^^^^^^^^^^^^^^^^^^^^^^^^
    )
    ^
  File "C:\Users\salva\AppData\Local\Programs\Python\Python313\Lib\site-packages\uvicorn\middleware\proxy_headers.py", line 60, in __call__
    return await self.app(scope, receive, send)
           ^^^^^^^^^^^^^^^^^^^^^^^^^^^^^^^^^^^^
  File "C:\Users\salva\AppData\Local\Programs\Python\Python313\Lib\site-packages\fastapi\applications.py", line 1138, in __call__
    await super().__call__(scope, receive, send)
  File "C:\Users\salva\AppData\Local\Programs\Python\Python313\Lib\site-packages\starlette\applications.py", line 107, in __call__
    await self.middleware_stack(scope, receive, send)
  File "C:\Users\salva\AppData\Local\Programs\Python\Python313\Lib\site-packages\starlette\middleware\errors.py", line 186, in __call__
    raise exc
  File "C:\Users\salva\AppData\Local\Programs\Python\Python313\Lib\site-packages\starlette\middleware\errors.py", line 164, in __call__
    await self.app(scope, receive, _send)
  File "C:\Users\salva\AppData\Local\Programs\Python\Python313\Lib\site-packages\starlette\middleware\cors.py", line 87, in __call__
    await self.app(scope, receive, send)
  File "C:\Users\salva\AppData\Local\Programs\Python\Python313\Lib\site-packages\starlette\middleware\exceptions.py", line 63, in __call__
    await wrap_app_handling_exceptions(self.app, conn)(scope, receive, send)
  File "C:\Users\salva\AppData\Local\Programs\Python\Python313\Lib\site-packages\starlette\_exception_handler.py", line 53, in wrapped_app
    raise exc
  File "C:\Users\salva\AppData\Local\Programs\Python\Python313\Lib\site-packages\starlette\_exception_handler.py", line 42, in wrapped_app
    await app(scope, receive, sender)
  File "C:\Users\salva\AppData\Local\Programs\Python\Python313\Lib\site-packages\fastapi\middleware\asyncexitstack.py", line 18, in __call__
    await self.app(scope, receive, send)
  File "C:\Users\salva\AppData\Local\Programs\Python\Python313\Lib\site-packages\starlette\routing.py", line 716, in __call__
    await self.middleware_stack(scope, receive, send)
  File "C:\Users\salva\AppData\Local\Programs\Python\Python313\Lib\site-packages\starlette\routing.py", line 736, in app
    await route.handle(scope, receive, send)
  File "C:\Users\salva\AppData\Local\Programs\Python\Python313\Lib\site-packages\starlette\routing.py", line 290, in handle
    await self.app(scope, receive, send)
  File "C:\Users\salva\AppData\Local\Programs\Python\Python313\Lib\site-packages\fastapi\routing.py", line 124, in app
    await wrap_app_handling_exceptions(app, request)(scope, receive, send)
  File "C:\Users\salva\AppData\Local\Programs\Python\Python313\Lib\site-packages\starlette\_exception_handler.py", line 53, in wrapped_app
    raise exc
  File "C:\Users\salva\AppData\Local\Programs\Python\Python313\Lib\site-packages\starlette\_exception_handler.py", line 42, in wrapped_app
    await app(scope, receive, sender)
  File "C:\Users\salva\AppData\Local\Programs\Python\Python313\Lib\site-packages\fastapi\routing.py", line 110, in app
    response = await f(request)
               ^^^^^^^^^^^^^^^^
  File "C:\Users\salva\AppData\Local\Programs\Python\Python313\Lib\site-packages\fastapi\routing.py", line 432, in app
    raw_response = await run_endpoint_function(
                   ^^^^^^^^^^^^^^^^^^^^^^^^^^^^
    ...<3 lines>...
    )
    ^
  File "C:\Users\salva\AppData\Local\Programs\Python\Python313\Lib\site-packages\fastapi\routing.py", line 322, in run_endpoint_function
    return await run_in_threadpool(dependant.call, **values)
           ^^^^^^^^^^^^^^^^^^^^^^^^^^^^^^^^^^^^^^^^^^^^^^^^^
  File "C:\Users\salva\AppData\Local\Programs\Python\Python313\Lib\site-packages\starlette\concurrency.py", line 32, in run_in_threadpool
    return await anyio.to_thread.run_sync(func)
           ^^^^^^^^^^^^^^^^^^^^^^^^^^^^^^^^^^^^
  File "C:\Users\salva\AppData\Local\Programs\Python\Python313\Lib\site-packages\anyio\to_thread.py", line 63, in run_sync
    return await get_async_backend().run_sync_in_worker_thread(
           ^^^^^^^^^^^^^^^^^^^^^^^^^^^^^^^^^^^^^^^^^^^^^^^^^^^^
        func, args, abandon_on_cancel=abandon_on_cancel, limiter=limiter
        ^^^^^^^^^^^^^^^^^^^^^^^^^^^^^^^^^^^^^^^^^^^^^^^^^^^^^^^^^^^^^^^^
    )
    ^
  File "C:\Users\salva\AppData\Local\Programs\Python\Python313\Lib\site-packages\anyio\_backends\_asyncio.py", line 2502, in run_sync_in_worker_thread
    return await future
           ^^^^^^^^^^^^
  File "C:\Users\salva\AppData\Local\Programs\Python\Python313\Lib\site-packages\anyio\_backends\_asyncio.py", line 986, in run
    result = context.run(func, *args)
  File "e:\Salvo\Desktop\Progetti\Role Mining\Role_Mining\backend\main.py", line 1473, in extract
  File "e:\Salvo\Desktop\Progetti\Role Mining\Role_Mining\backend\main.py", line 985, in extract_from_ldap
    except Exception as e:
               ^^^^^^^^^^^
  File "C:\Users\salva\AppData\Local\Programs\Python\Python313\Lib\site-packages\ldap3\core\connection.py", line 363, in __init__
    self._do_auto_bind()
    ~~~~~~~~~~~~~~~~~~^^
  File "C:\Users\salva\AppData\Local\Programs\Python\Python313\Lib\site-packages\ldap3\core\connection.py", line 387, in _do_auto_bind
    self.open(read_server_info=False)
    ~~~~~~~~~^^^^^^^^^^^^^^^^^^^^^^^^
  File "C:\Users\salva\AppData\Local\Programs\Python\Python313\Lib\site-packages\ldap3\strategy\sync.py", line 57, in open
    BaseStrategy.open(self, reset_usage, read_server_info)
    ~~~~~~~~~~~~~~~~~^^^^^^^^^^^^^^^^^^^^^^^^^^^^^^^^^^^^^
  File "C:\Users\salva\AppData\Local\Programs\Python\Python313\Lib\site-packages\ldap3\strategy\base.py", line 146, in open
    raise exception_history[0][0]
ldap3.core.exceptions.LDAPSocketOpenError: socket connection error while opening: [WinError 10060] Impossibile stabilire la connessione. Risposta non corretta della parte connessa dopo l'intervallo di tempo oppure mancata risposta dall'host collegato
C:\Users\salva\AppData\Local\Programs\Python\Python313\Lib\site-packages\jwt\api_jwt.py:153: InsecureKeyLengthWarning: The HMAC key is 10 bytes long, which is below the minimum recommended length of 32 bytes for SHA256. See RFC 7518 Section 3.2.
  return self._jws.encode(
C:\Users\salva\AppData\Local\Programs\Python\Python313\Lib\site-packages\jwt\api_jwt.py:371: InsecureKeyLengthWarning: The HMAC key is 10 bytes long, which is below the minimum recommended length of 32 bytes for SHA256. See RFC 7518 Section 3.2.
  decoded = self.decode_complete(
C:\Users\salva\AppData\Local\Programs\Python\Python313\Lib\site-packages\jwt\api_jwt.py:371: InsecureKeyLengthWarning: The HMAC key is 10 bytes long, which is below the minimum recommended length of 32 bytes for SHA256. See RFC 7518 Section 3.2.
  decoded = self.decode_complete(
C:\Users\salva\AppData\Local\Programs\Python\Python313\Lib\site-packages\jwt\api_jwt.py:371: InsecureKeyLengthWarning: The HMAC key is 10 bytes long, which is below the minimum recommended length of 32 bytes for SHA256. See RFC 7518 Section 3.2.
  decoded = self.decode_complete(
C:\Users\salva\AppData\Local\Programs\Python\Python313\Lib\site-packages\jwt\api_jwt.py:371: InsecureKeyLengthWarning: The HMAC key is 10 bytes long, which is below the minimum recommended length of 32 bytes for SHA256. See RFC 7518 Section 3.2.
  decoded = self.decode_complete(
C:\Users\salva\AppData\Local\Programs\Python\Python313\Lib\site-packages\jwt\api_jwt.py:371: InsecureKeyLengthWarning: The HMAC key is 10 bytes long, which is below the minimum recommended length of 32 bytes for SHA256. See RFC 7518 Section 3.2.
  decoded = self.decode_complete(
C:\Users\salva\AppData\Local\Programs\Python\Python313\Lib\site-packages\jwt\api_jwt.py:371: InsecureKeyLengthWarning: The HMAC key is 10 bytes long, which is below the minimum recommended length of 32 bytes for SHA256. See RFC 7518 Section 3.2.
  decoded = self.decode_complete(
C:\Users\salva\AppData\Local\Programs\Python\Python313\Lib\site-packages\jwt\api_jwt.py:371: InsecureKeyLengthWarning: The HMAC key is 10 bytes long, which is below the minimum recommended length of 32 bytes for SHA256. See RFC 7518 Section 3.2.
  decoded = self.decode_complete(
C:\Users\salva\AppData\Local\Programs\Python\Python313\Lib\site-packages\jwt\api_jwt.py:371: InsecureKeyLengthWarning: The HMAC key is 10 bytes long, which is below the minimum recommended length of 32 bytes for SHA256. See RFC 7518 Section 3.2.
  decoded = self.decode_complete(
C:\Users\salva\AppData\Local\Programs\Python\Python313\Lib\site-packages\jwt\api_jwt.py:371: InsecureKeyLengthWarning: The HMAC key is 10 bytes long, which is below the minimum recommended length of 32 bytes for SHA256. See RFC 7518 Section 3.2.
  decoded = self.decode_complete(
C:\Users\salva\AppData\Local\Programs\Python\Python313\Lib\site-packages\jwt\api_jwt.py:371: InsecureKeyLengthWarning: The HMAC key is 10 bytes long, which is below the minimum recommended length of 32 bytes for SHA256. See RFC 7518 Section 3.2.
  decoded = self.decode_complete(
C:\Users\salva\AppData\Local\Programs\Python\Python313\Lib\site-packages\jwt\api_jwt.py:371: InsecureKeyLengthWarning: The HMAC key is 10 bytes long, which is below the minimum recommended length of 32 bytes for SHA256. See RFC 7518 Section 3.2.
  decoded = self.decode_complete(
C:\Users\salva\AppData\Local\Programs\Python\Python313\Lib\site-packages\jwt\api_jwt.py:371: InsecureKeyLengthWarning: The HMAC key is 10 bytes long, which is below the minimum recommended length of 32 bytes for SHA256. See RFC 7518 Section 3.2.
  decoded = self.decode_complete(
C:\Users\salva\AppData\Local\Programs\Python\Python313\Lib\site-packages\jwt\api_jwt.py:371: InsecureKeyLengthWarning: The HMAC key is 10 bytes long, which is below the minimum recommended length of 32 bytes for SHA256. See RFC 7518 Section 3.2.
  decoded = self.decode_complete(
C:\Users\salva\AppData\Local\Programs\Python\Python313\Lib\site-packages\jwt\api_jwt.py:371: InsecureKeyLengthWarning: The HMAC key is 10 bytes long, which is below the minimum recommended length of 32 bytes for SHA256. See RFC 7518 Section 3.2.
  decoded = self.decode_complete(
C:\Users\salva\AppData\Local\Programs\Python\Python313\Lib\site-packages\jwt\api_jwt.py:371: InsecureKeyLengthWarning: The HMAC key is 10 bytes long, which is below the minimum recommended length of 32 bytes for SHA256. See RFC 7518 Section 3.2.
  decoded = self.decode_complete(
C:\Users\salva\AppData\Local\Programs\Python\Python313\Lib\site-packages\jwt\api_jwt.py:371: InsecureKeyLengthWarning: The HMAC key is 10 bytes long, which is below the minimum recommended length of 32 bytes for SHA256. See RFC 7518 Section 3.2.
  decoded = self.decode_complete(
C:\Users\salva\AppData\Local\Programs\Python\Python313\Lib\site-packages\jwt\api_jwt.py:371: InsecureKeyLengthWarning: The HMAC key is 10 bytes long, which is below the minimum recommended length of 32 bytes for SHA256. See RFC 7518 Section 3.2.
  decoded = self.decode_complete(
C:\Users\salva\AppData\Local\Programs\Python\Python313\Lib\site-packages\jwt\api_jwt.py:371: InsecureKeyLengthWarning: The HMAC key is 10 bytes long, which is below the minimum recommended length of 32 bytes for SHA256. See RFC 7518 Section 3.2.
  decoded = self.decode_complete(
C:\Users\salva\AppData\Local\Programs\Python\Python313\Lib\site-packages\jwt\api_jwt.py:371: InsecureKeyLengthWarning: The HMAC key is 10 bytes long, which is below the minimum recommended length of 32 bytes for SHA256. See RFC 7518 Section 3.2.
  decoded = self.decode_complete(
C:\Users\salva\AppData\Local\Programs\Python\Python313\Lib\site-packages\jwt\api_jwt.py:371: InsecureKeyLengthWarning: The HMAC key is 10 bytes long, which is below the minimum recommended length of 32 bytes for SHA256. See RFC 7518 Section 3.2.
  decoded = self.decode_complete(
C:\Users\salva\AppData\Local\Programs\Python\Python313\Lib\site-packages\jwt\api_jwt.py:371: InsecureKeyLengthWarning: The HMAC key is 10 bytes long, which is below the minimum recommended length of 32 bytes for SHA256. See RFC 7518 Section 3.2.
  decoded = self.decode_complete(
C:\Users\salva\AppData\Local\Programs\Python\Python313\Lib\site-packages\jwt\api_jwt.py:371: InsecureKeyLengthWarning: The HMAC key is 10 bytes long, which is below the minimum recommended length of 32 bytes for SHA256. See RFC 7518 Section 3.2.
  decoded = self.decode_complete(
C:\Users\salva\AppData\Local\Programs\Python\Python313\Lib\site-packages\jwt\api_jwt.py:371: InsecureKeyLengthWarning: The HMAC key is 10 bytes long, which is below the minimum recommended length of 32 bytes for SHA256. See RFC 7518 Section 3.2.
  decoded = self.decode_complete(
C:\Users\salva\AppData\Local\Programs\Python\Python313\Lib\site-packages\jwt\api_jwt.py:371: InsecureKeyLengthWarning: The HMAC key is 10 bytes long, which is below the minimum recommended length of 32 bytes for SHA256. See RFC 7518 Section 3.2.
  decoded = self.decode_complete(
C:\Users\salva\AppData\Local\Programs\Python\Python313\Lib\site-packages\jwt\api_jwt.py:371: InsecureKeyLengthWarning: The HMAC key is 10 bytes long, which is below the minimum recommended length of 32 bytes for SHA256. See RFC 7518 Section 3.2.
  decoded = self.decode_complete(
C:\Users\salva\AppData\Local\Programs\Python\Python313\Lib\site-packages\jwt\api_jwt.py:371: InsecureKeyLengthWarning: The HMAC key is 10 bytes long, which is below the minimum recommended length of 32 bytes for SHA256. See RFC 7518 Section 3.2.
  decoded = self.decode_complete(
C:\Users\salva\AppData\Local\Programs\Python\Python313\Lib\site-packages\jwt\api_jwt.py:371: InsecureKeyLengthWarning: The HMAC key is 10 bytes long, which is below the minimum recommended length of 32 bytes for SHA256. See RFC 7518 Section 3.2.
  decoded = self.decode_complete(
C:\Users\salva\AppData\Local\Programs\Python\Python313\Lib\site-packages\jwt\api_jwt.py:371: InsecureKeyLengthWarning: The HMAC key is 10 bytes long, which is below the minimum recommended length of 32 bytes for SHA256. See RFC 7518 Section 3.2.
  decoded = self.decode_complete(
ERROR:    Exception in ASGI application
Traceback (most recent call last):
  File "C:\Users\salva\AppData\Local\Programs\Python\Python313\Lib\site-packages\uvicorn\protocols\http\httptools_impl.py", line 416, in run_asgi
    result = await app(  # type: ignore[func-returns-value]
             ^^^^^^^^^^^^^^^^^^^^^^^^^^^^^^^^^^^^^^^^^^^^^^
        self.scope, self.receive, self.send
        ^^^^^^^^^^^^^^^^^^^^^^^^^^^^^^^^^^^
    )
    ^
  File "C:\Users\salva\AppData\Local\Programs\Python\Python313\Lib\site-packages\uvicorn\middleware\proxy_headers.py", line 60, in __call__
    return await self.app(scope, receive, send)
           ^^^^^^^^^^^^^^^^^^^^^^^^^^^^^^^^^^^^
  File "C:\Users\salva\AppData\Local\Programs\Python\Python313\Lib\site-packages\fastapi\applications.py", line 1138, in __call__
    await super().__call__(scope, receive, send)
  File "C:\Users\salva\AppData\Local\Programs\Python\Python313\Lib\site-packages\starlette\applications.py", line 107, in __call__
    await self.middleware_stack(scope, receive, send)
  File "C:\Users\salva\AppData\Local\Programs\Python\Python313\Lib\site-packages\starlette\middleware\errors.py", line 186, in __call__
    raise exc
  File "C:\Users\salva\AppData\Local\Programs\Python\Python313\Lib\site-packages\starlette\middleware\errors.py", line 164, in __call__
    await self.app(scope, receive, _send)
  File "C:\Users\salva\AppData\Local\Programs\Python\Python313\Lib\site-packages\starlette\middleware\cors.py", line 95, in __call__
    await self.simple_response(scope, receive, send, request_headers=headers)
  File "C:\Users\salva\AppData\Local\Programs\Python\Python313\Lib\site-packages\starlette\middleware\cors.py", line 153, in simple_response
    await self.app(scope, receive, send)
  File "C:\Users\salva\AppData\Local\Programs\Python\Python313\Lib\site-packages\starlette\middleware\exceptions.py", line 63, in __call__
    await wrap_app_handling_exceptions(self.app, conn)(scope, receive, send)
  File "C:\Users\salva\AppData\Local\Programs\Python\Python313\Lib\site-packages\starlette\_exception_handler.py", line 53, in wrapped_app
    raise exc
  File "C:\Users\salva\AppData\Local\Programs\Python\Python313\Lib\site-packages\starlette\_exception_handler.py", line 42, in wrapped_app
    await app(scope, receive, sender)
  File "C:\Users\salva\AppData\Local\Programs\Python\Python313\Lib\site-packages\fastapi\middleware\asyncexitstack.py", line 18, in __call__
    await self.app(scope, receive, send)
  File "C:\Users\salva\AppData\Local\Programs\Python\Python313\Lib\site-packages\starlette\routing.py", line 716, in __call__
    await self.middleware_stack(scope, receive, send)
  File "C:\Users\salva\AppData\Local\Programs\Python\Python313\Lib\site-packages\starlette\routing.py", line 736, in app
    await route.handle(scope, receive, send)
  File "C:\Users\salva\AppData\Local\Programs\Python\Python313\Lib\site-packages\starlette\routing.py", line 290, in handle
    await self.app(scope, receive, send)
  File "C:\Users\salva\AppData\Local\Programs\Python\Python313\Lib\site-packages\fastapi\routing.py", line 124, in app
    await wrap_app_handling_exceptions(app, request)(scope, receive, send)
  File "C:\Users\salva\AppData\Local\Programs\Python\Python313\Lib\site-packages\starlette\_exception_handler.py", line 53, in wrapped_app
    raise exc
  File "C:\Users\salva\AppData\Local\Programs\Python\Python313\Lib\site-packages\starlette\_exception_handler.py", line 42, in wrapped_app
    await app(scope, receive, sender)
  File "C:\Users\salva\AppData\Local\Programs\Python\Python313\Lib\site-packages\fastapi\routing.py", line 110, in app
    response = await f(request)
               ^^^^^^^^^^^^^^^^
  File "C:\Users\salva\AppData\Local\Programs\Python\Python313\Lib\site-packages\fastapi\routing.py", line 432, in app
    raw_response = await run_endpoint_function(
                   ^^^^^^^^^^^^^^^^^^^^^^^^^^^^
    ...<3 lines>...
    )
    ^
  File "C:\Users\salva\AppData\Local\Programs\Python\Python313\Lib\site-packages\fastapi\routing.py", line 322, in run_endpoint_function
    return await run_in_threadpool(dependant.call, **values)
           ^^^^^^^^^^^^^^^^^^^^^^^^^^^^^^^^^^^^^^^^^^^^^^^^^
  File "C:\Users\salva\AppData\Local\Programs\Python\Python313\Lib\site-packages\starlette\concurrency.py", line 32, in run_in_threadpool
    return await anyio.to_thread.run_sync(func)
           ^^^^^^^^^^^^^^^^^^^^^^^^^^^^^^^^^^^^
  File "C:\Users\salva\AppData\Local\Programs\Python\Python313\Lib\site-packages\anyio\to_thread.py", line 63, in run_sync
    return await get_async_backend().run_sync_in_worker_thread(
           ^^^^^^^^^^^^^^^^^^^^^^^^^^^^^^^^^^^^^^^^^^^^^^^^^^^^
        func, args, abandon_on_cancel=abandon_on_cancel, limiter=limiter
        ^^^^^^^^^^^^^^^^^^^^^^^^^^^^^^^^^^^^^^^^^^^^^^^^^^^^^^^^^^^^^^^^
    )
    ^
  File "C:\Users\salva\AppData\Local\Programs\Python\Python313\Lib\site-packages\anyio\_backends\_asyncio.py", line 2502, in run_sync_in_worker_thread
    return await future
           ^^^^^^^^^^^^
  File "C:\Users\salva\AppData\Local\Programs\Python\Python313\Lib\site-packages\anyio\_backends\_asyncio.py", line 986, in run
    result = context.run(func, *args)
  File "e:\Salvo\Desktop\Progetti\Role Mining\Role_Mining\backend\main.py", line 1473, in extract
  File "e:\Salvo\Desktop\Progetti\Role Mining\Role_Mining\backend\main.py", line 985, in extract_from_ldap
    search_filter = "(&(objectClass=user)(sAMAccountName=*))"
               ^^^^^^^^^^^^^^^^^^^^^^^^^^^^^^^^^^^^^^^^^^^^^^
  File "C:\Users\salva\AppData\Local\Programs\Python\Python313\Lib\site-packages\ldap3\core\connection.py", line 363, in __init__
    self._do_auto_bind()
    ~~~~~~~~~~~~~~~~~~^^
  File "C:\Users\salva\AppData\Local\Programs\Python\Python313\Lib\site-packages\ldap3\core\connection.py", line 387, in _do_auto_bind
    self.open(read_server_info=False)
    ~~~~~~~~~^^^^^^^^^^^^^^^^^^^^^^^^
  File "C:\Users\salva\AppData\Local\Programs\Python\Python313\Lib\site-packages\ldap3\strategy\sync.py", line 57, in open
    BaseStrategy.open(self, reset_usage, read_server_info)
    ~~~~~~~~~~~~~~~~~^^^^^^^^^^^^^^^^^^^^^^^^^^^^^^^^^^^^^
  File "C:\Users\salva\AppData\Local\Programs\Python\Python313\Lib\site-packages\ldap3\strategy\base.py", line 146, in open
    raise exception_history[0][0]
ldap3.core.exceptions.LDAPSocketOpenError: socket connection error while opening: [WinError 10060] Impossibile stabilire la connessione. Risposta non corretta della parte connessa dopo l'intervallo di tempo oppure mancata risposta dall'host collegato
ERROR:    Exception in ASGI application
Traceback (most recent call last):
  File "C:\Users\salva\AppData\Local\Programs\Python\Python313\Lib\site-packages\uvicorn\protocols\http\httptools_impl.py", line 416, in run_asgi
    result = await app(  # type: ignore[func-returns-value]
             ^^^^^^^^^^^^^^^^^^^^^^^^^^^^^^^^^^^^^^^^^^^^^^
        self.scope, self.receive, self.send
        ^^^^^^^^^^^^^^^^^^^^^^^^^^^^^^^^^^^
    )
    ^
  File "C:\Users\salva\AppData\Local\Programs\Python\Python313\Lib\site-packages\uvicorn\middleware\proxy_headers.py", line 60, in __call__
    return await self.app(scope, receive, send)
           ^^^^^^^^^^^^^^^^^^^^^^^^^^^^^^^^^^^^
  File "C:\Users\salva\AppData\Local\Programs\Python\Python313\Lib\site-packages\fastapi\applications.py", line 1138, in __call__
    await super().__call__(scope, receive, send)
  File "C:\Users\salva\AppData\Local\Programs\Python\Python313\Lib\site-packages\starlette\applications.py", line 107, in __call__
    await self.middleware_stack(scope, receive, send)
  File "C:\Users\salva\AppData\Local\Programs\Python\Python313\Lib\site-packages\starlette\middleware\errors.py", line 186, in __call__
    raise exc
  File "C:\Users\salva\AppData\Local\Programs\Python\Python313\Lib\site-packages\starlette\middleware\errors.py", line 164, in __call__
    await self.app(scope, receive, _send)
  File "C:\Users\salva\AppData\Local\Programs\Python\Python313\Lib\site-packages\starlette\middleware\cors.py", line 95, in __call__
    await self.simple_response(scope, receive, send, request_headers=headers)
  File "C:\Users\salva\AppData\Local\Programs\Python\Python313\Lib\site-packages\starlette\middleware\cors.py", line 153, in simple_response
    await self.app(scope, receive, send)
  File "C:\Users\salva\AppData\Local\Programs\Python\Python313\Lib\site-packages\starlette\middleware\exceptions.py", line 63, in __call__
    await wrap_app_handling_exceptions(self.app, conn)(scope, receive, send)
  File "C:\Users\salva\AppData\Local\Programs\Python\Python313\Lib\site-packages\starlette\_exception_handler.py", line 53, in wrapped_app
    raise exc
  File "C:\Users\salva\AppData\Local\Programs\Python\Python313\Lib\site-packages\starlette\_exception_handler.py", line 42, in wrapped_app
    await app(scope, receive, sender)
  File "C:\Users\salva\AppData\Local\Programs\Python\Python313\Lib\site-packages\fastapi\middleware\asyncexitstack.py", line 18, in __call__
    await self.app(scope, receive, send)
  File "C:\Users\salva\AppData\Local\Programs\Python\Python313\Lib\site-packages\starlette\routing.py", line 716, in __call__
    await self.middleware_stack(scope, receive, send)
  File "C:\Users\salva\AppData\Local\Programs\Python\Python313\Lib\site-packages\starlette\routing.py", line 736, in app
    await route.handle(scope, receive, send)
  File "C:\Users\salva\AppData\Local\Programs\Python\Python313\Lib\site-packages\starlette\routing.py", line 290, in handle
    await self.app(scope, receive, send)
  File "C:\Users\salva\AppData\Local\Programs\Python\Python313\Lib\site-packages\fastapi\routing.py", line 124, in app
    await wrap_app_handling_exceptions(app, request)(scope, receive, send)
  File "C:\Users\salva\AppData\Local\Programs\Python\Python313\Lib\site-packages\starlette\_exception_handler.py", line 53, in wrapped_app
    raise exc
  File "C:\Users\salva\AppData\Local\Programs\Python\Python313\Lib\site-packages\starlette\_exception_handler.py", line 42, in wrapped_app
    await app(scope, receive, sender)
  File "C:\Users\salva\AppData\Local\Programs\Python\Python313\Lib\site-packages\fastapi\routing.py", line 110, in app
    response = await f(request)
               ^^^^^^^^^^^^^^^^
  File "C:\Users\salva\AppData\Local\Programs\Python\Python313\Lib\site-packages\fastapi\routing.py", line 432, in app
    raw_response = await run_endpoint_function(
                   ^^^^^^^^^^^^^^^^^^^^^^^^^^^^
    ...<3 lines>...
    )
    ^
  File "C:\Users\salva\AppData\Local\Programs\Python\Python313\Lib\site-packages\fastapi\routing.py", line 322, in run_endpoint_function
    return await run_in_threadpool(dependant.call, **values)
           ^^^^^^^^^^^^^^^^^^^^^^^^^^^^^^^^^^^^^^^^^^^^^^^^^
  File "C:\Users\salva\AppData\Local\Programs\Python\Python313\Lib\site-packages\starlette\concurrency.py", line 32, in run_in_threadpool
    return await anyio.to_thread.run_sync(func)
           ^^^^^^^^^^^^^^^^^^^^^^^^^^^^^^^^^^^^
  File "C:\Users\salva\AppData\Local\Programs\Python\Python313\Lib\site-packages\anyio\to_thread.py", line 63, in run_sync
    return await get_async_backend().run_sync_in_worker_thread(
           ^^^^^^^^^^^^^^^^^^^^^^^^^^^^^^^^^^^^^^^^^^^^^^^^^^^^
        func, args, abandon_on_cancel=abandon_on_cancel, limiter=limiter
        ^^^^^^^^^^^^^^^^^^^^^^^^^^^^^^^^^^^^^^^^^^^^^^^^^^^^^^^^^^^^^^^^
    )
    ^
  File "C:\Users\salva\AppData\Local\Programs\Python\Python313\Lib\site-packages\anyio\_backends\_asyncio.py", line 2502, in run_sync_in_worker_thread
    return await future
           ^^^^^^^^^^^^
  File "C:\Users\salva\AppData\Local\Programs\Python\Python313\Lib\site-packages\anyio\_backends\_asyncio.py", line 986, in run
    result = context.run(func, *args)
  File "e:\Salvo\Desktop\Progetti\Role Mining\Role_Mining\backend\main.py", line 1473, in extract
  File "e:\Salvo\Desktop\Progetti\Role Mining\Role_Mining\backend\main.py", line 985, in extract_from_ldap
    search_filter = "(&(objectClass=user)(sAMAccountName=*))"
               ^^^^^^^^^^^^^^^^^^^^^^^^^^^^^^^^^^^^^^^^^^^^^^
  File "C:\Users\salva\AppData\Local\Programs\Python\Python313\Lib\site-packages\ldap3\core\connection.py", line 363, in __init__
    self._do_auto_bind()
    ~~~~~~~~~~~~~~~~~~^^
  File "C:\Users\salva\AppData\Local\Programs\Python\Python313\Lib\site-packages\ldap3\core\connection.py", line 387, in _do_auto_bind
    self.open(read_server_info=False)
    ~~~~~~~~~^^^^^^^^^^^^^^^^^^^^^^^^
  File "C:\Users\salva\AppData\Local\Programs\Python\Python313\Lib\site-packages\ldap3\strategy\sync.py", line 57, in open
    BaseStrategy.open(self, reset_usage, read_server_info)
    ~~~~~~~~~~~~~~~~~^^^^^^^^^^^^^^^^^^^^^^^^^^^^^^^^^^^^^
  File "C:\Users\salva\AppData\Local\Programs\Python\Python313\Lib\site-packages\ldap3\strategy\base.py", line 146, in open
    raise exception_history[0][0]
ldap3.core.exceptions.LDAPSocketOpenError: socket connection error while opening: [WinError 10060] Impossibile stabilire la connessione. Risposta non corretta della parte connessa dopo l'intervallo di tempo oppure mancata risposta dall'host collegato
ERROR:    Exception in ASGI application
Traceback (most recent call last):
  File "C:\Users\salva\AppData\Local\Programs\Python\Python313\Lib\site-packages\uvicorn\protocols\http\httptools_impl.py", line 416, in run_asgi
    result = await app(  # type: ignore[func-returns-value]
             ^^^^^^^^^^^^^^^^^^^^^^^^^^^^^^^^^^^^^^^^^^^^^^
        self.scope, self.receive, self.send
        ^^^^^^^^^^^^^^^^^^^^^^^^^^^^^^^^^^^
    )
    ^
  File "C:\Users\salva\AppData\Local\Programs\Python\Python313\Lib\site-packages\uvicorn\middleware\proxy_headers.py", line 60, in __call__
    return await self.app(scope, receive, send)
           ^^^^^^^^^^^^^^^^^^^^^^^^^^^^^^^^^^^^
  File "C:\Users\salva\AppData\Local\Programs\Python\Python313\Lib\site-packages\fastapi\applications.py", line 1138, in __call__
    await super().__call__(scope, receive, send)
  File "C:\Users\salva\AppData\Local\Programs\Python\Python313\Lib\site-packages\starlette\applications.py", line 107, in __call__
    await self.middleware_stack(scope, receive, send)
  File "C:\Users\salva\AppData\Local\Programs\Python\Python313\Lib\site-packages\starlette\middleware\errors.py", line 186, in __call__
    raise exc
  File "C:\Users\salva\AppData\Local\Programs\Python\Python313\Lib\site-packages\starlette\middleware\errors.py", line 164, in __call__
    await self.app(scope, receive, _send)
  File "C:\Users\salva\AppData\Local\Programs\Python\Python313\Lib\site-packages\starlette\middleware\cors.py", line 95, in __call__
    await self.simple_response(scope, receive, send, request_headers=headers)
  File "C:\Users\salva\AppData\Local\Programs\Python\Python313\Lib\site-packages\starlette\middleware\cors.py", line 153, in simple_response
    await self.app(scope, receive, send)
  File "C:\Users\salva\AppData\Local\Programs\Python\Python313\Lib\site-packages\starlette\middleware\exceptions.py", line 63, in __call__
    await wrap_app_handling_exceptions(self.app, conn)(scope, receive, send)
  File "C:\Users\salva\AppData\Local\Programs\Python\Python313\Lib\site-packages\starlette\_exception_handler.py", line 53, in wrapped_app
    raise exc
  File "C:\Users\salva\AppData\Local\Programs\Python\Python313\Lib\site-packages\starlette\_exception_handler.py", line 42, in wrapped_app
    await app(scope, receive, sender)
  File "C:\Users\salva\AppData\Local\Programs\Python\Python313\Lib\site-packages\fastapi\middleware\asyncexitstack.py", line 18, in __call__
    await self.app(scope, receive, send)
  File "C:\Users\salva\AppData\Local\Programs\Python\Python313\Lib\site-packages\starlette\routing.py", line 716, in __call__
    await self.middleware_stack(scope, receive, send)
  File "C:\Users\salva\AppData\Local\Programs\Python\Python313\Lib\site-packages\starlette\routing.py", line 736, in app
    await route.handle(scope, receive, send)
  File "C:\Users\salva\AppData\Local\Programs\Python\Python313\Lib\site-packages\starlette\routing.py", line 290, in handle
    await self.app(scope, receive, send)
  File "C:\Users\salva\AppData\Local\Programs\Python\Python313\Lib\site-packages\fastapi\routing.py", line 124, in app
    await wrap_app_handling_exceptions(app, request)(scope, receive, send)
  File "C:\Users\salva\AppData\Local\Programs\Python\Python313\Lib\site-packages\starlette\_exception_handler.py", line 53, in wrapped_app
    raise exc
  File "C:\Users\salva\AppData\Local\Programs\Python\Python313\Lib\site-packages\starlette\_exception_handler.py", line 42, in wrapped_app
    await app(scope, receive, sender)
  File "C:\Users\salva\AppData\Local\Programs\Python\Python313\Lib\site-packages\fastapi\routing.py", line 110, in app
    response = await f(request)
               ^^^^^^^^^^^^^^^^
  File "C:\Users\salva\AppData\Local\Programs\Python\Python313\Lib\site-packages\fastapi\routing.py", line 432, in app
    raw_response = await run_endpoint_function(
                   ^^^^^^^^^^^^^^^^^^^^^^^^^^^^
    ...<3 lines>...
    )
    ^
  File "C:\Users\salva\AppData\Local\Programs\Python\Python313\Lib\site-packages\fastapi\routing.py", line 322, in run_endpoint_function
    return await run_in_threadpool(dependant.call, **values)
           ^^^^^^^^^^^^^^^^^^^^^^^^^^^^^^^^^^^^^^^^^^^^^^^^^
  File "C:\Users\salva\AppData\Local\Programs\Python\Python313\Lib\site-packages\starlette\concurrency.py", line 32, in run_in_threadpool
    return await anyio.to_thread.run_sync(func)
           ^^^^^^^^^^^^^^^^^^^^^^^^^^^^^^^^^^^^
  File "C:\Users\salva\AppData\Local\Programs\Python\Python313\Lib\site-packages\anyio\to_thread.py", line 63, in run_sync
    return await get_async_backend().run_sync_in_worker_thread(
           ^^^^^^^^^^^^^^^^^^^^^^^^^^^^^^^^^^^^^^^^^^^^^^^^^^^^
        func, args, abandon_on_cancel=abandon_on_cancel, limiter=limiter
        ^^^^^^^^^^^^^^^^^^^^^^^^^^^^^^^^^^^^^^^^^^^^^^^^^^^^^^^^^^^^^^^^
    )
    ^
  File "C:\Users\salva\AppData\Local\Programs\Python\Python313\Lib\site-packages\anyio\_backends\_asyncio.py", line 2502, in run_sync_in_worker_thread
    return await future
           ^^^^^^^^^^^^
  File "C:\Users\salva\AppData\Local\Programs\Python\Python313\Lib\site-packages\anyio\_backends\_asyncio.py", line 986, in run
    result = context.run(func, *args)
  File "e:\Salvo\Desktop\Progetti\Role Mining\Role_Mining\backend\main.py", line 1473, in extract
  File "e:\Salvo\Desktop\Progetti\Role Mining\Role_Mining\backend\main.py", line 985, in extract_from_ldap
    search_filter = "(&(objectClass=user)(sAMAccountName=*))"
               ^^^^^^^^^^^^^^^^^^^^^^^^^^^^^^^^^^^^^^^^^^^^^^
  File "C:\Users\salva\AppData\Local\Programs\Python\Python313\Lib\site-packages\ldap3\core\connection.py", line 363, in __init__
    self._do_auto_bind()
    ~~~~~~~~~~~~~~~~~~^^
  File "C:\Users\salva\AppData\Local\Programs\Python\Python313\Lib\site-packages\ldap3\core\connection.py", line 387, in _do_auto_bind
    self.open(read_server_info=False)
    ~~~~~~~~~^^^^^^^^^^^^^^^^^^^^^^^^
  File "C:\Users\salva\AppData\Local\Programs\Python\Python313\Lib\site-packages\ldap3\strategy\sync.py", line 57, in open
    BaseStrategy.open(self, reset_usage, read_server_info)
    ~~~~~~~~~~~~~~~~~^^^^^^^^^^^^^^^^^^^^^^^^^^^^^^^^^^^^^
  File "C:\Users\salva\AppData\Local\Programs\Python\Python313\Lib\site-packages\ldap3\strategy\base.py", line 146, in open
    raise exception_history[0][0]
ldap3.core.exceptions.LDAPSocketOpenError: socket connection error while opening: [WinError 10060] Impossibile stabilire la connessione. Risposta non corretta della parte connessa dopo l'intervallo di tempo oppure mancata risposta dall'host collegato
C:\Users\salva\AppData\Local\Programs\Python\Python313\Lib\site-packages\jwt\api_jwt.py:153: InsecureKeyLengthWarning: The HMAC key is 10 bytes long, which is below the minimum recommended length of 32 bytes for SHA256. See RFC 7518 Section 3.2.
  return self._jws.encode(
ERROR:    Exception in ASGI application
Traceback (most recent call last):
  File "C:\Users\salva\AppData\Local\Programs\Python\Python313\Lib\site-packages\uvicorn\protocols\http\httptools_impl.py", line 416, in run_asgi
    result = await app(  # type: ignore[func-returns-value]
             ^^^^^^^^^^^^^^^^^^^^^^^^^^^^^^^^^^^^^^^^^^^^^^
        self.scope, self.receive, self.send
        ^^^^^^^^^^^^^^^^^^^^^^^^^^^^^^^^^^^
    )
    ^
  File "C:\Users\salva\AppData\Local\Programs\Python\Python313\Lib\site-packages\uvicorn\middleware\proxy_headers.py", line 60, in __call__
    return await self.app(scope, receive, send)
           ^^^^^^^^^^^^^^^^^^^^^^^^^^^^^^^^^^^^
  File "C:\Users\salva\AppData\Local\Programs\Python\Python313\Lib\site-packages\fastapi\applications.py", line 1138, in __call__
    await super().__call__(scope, receive, send)
  File "C:\Users\salva\AppData\Local\Programs\Python\Python313\Lib\site-packages\starlette\applications.py", line 107, in __call__
    await self.middleware_stack(scope, receive, send)
  File "C:\Users\salva\AppData\Local\Programs\Python\Python313\Lib\site-packages\starlette\middleware\errors.py", line 186, in __call__
    raise exc
  File "C:\Users\salva\AppData\Local\Programs\Python\Python313\Lib\site-packages\starlette\middleware\errors.py", line 164, in __call__
    await self.app(scope, receive, _send)
  File "C:\Users\salva\AppData\Local\Programs\Python\Python313\Lib\site-packages\starlette\middleware\cors.py", line 87, in __call__
    await self.app(scope, receive, send)
  File "C:\Users\salva\AppData\Local\Programs\Python\Python313\Lib\site-packages\starlette\middleware\exceptions.py", line 63, in __call__
    await wrap_app_handling_exceptions(self.app, conn)(scope, receive, send)
  File "C:\Users\salva\AppData\Local\Programs\Python\Python313\Lib\site-packages\starlette\_exception_handler.py", line 53, in wrapped_app
    raise exc
  File "C:\Users\salva\AppData\Local\Programs\Python\Python313\Lib\site-packages\starlette\_exception_handler.py", line 42, in wrapped_app
    await app(scope, receive, sender)
  File "C:\Users\salva\AppData\Local\Programs\Python\Python313\Lib\site-packages\fastapi\middleware\asyncexitstack.py", line 18, in __call__
    await self.app(scope, receive, send)
  File "C:\Users\salva\AppData\Local\Programs\Python\Python313\Lib\site-packages\starlette\routing.py", line 716, in __call__
    await self.middleware_stack(scope, receive, send)
  File "C:\Users\salva\AppData\Local\Programs\Python\Python313\Lib\site-packages\starlette\routing.py", line 736, in app
    await route.handle(scope, receive, send)
  File "C:\Users\salva\AppData\Local\Programs\Python\Python313\Lib\site-packages\starlette\routing.py", line 290, in handle
    await self.app(scope, receive, send)
  File "C:\Users\salva\AppData\Local\Programs\Python\Python313\Lib\site-packages\fastapi\routing.py", line 124, in app
    await wrap_app_handling_exceptions(app, request)(scope, receive, send)
  File "C:\Users\salva\AppData\Local\Programs\Python\Python313\Lib\site-packages\starlette\_exception_handler.py", line 53, in wrapped_app
    raise exc
  File "C:\Users\salva\AppData\Local\Programs\Python\Python313\Lib\site-packages\starlette\_exception_handler.py", line 42, in wrapped_app
    await app(scope, receive, sender)
  File "C:\Users\salva\AppData\Local\Programs\Python\Python313\Lib\site-packages\fastapi\routing.py", line 110, in app
    response = await f(request)
               ^^^^^^^^^^^^^^^^
  File "C:\Users\salva\AppData\Local\Programs\Python\Python313\Lib\site-packages\fastapi\routing.py", line 432, in app
    raw_response = await run_endpoint_function(
                   ^^^^^^^^^^^^^^^^^^^^^^^^^^^^
    ...<3 lines>...
    )
    ^
  File "C:\Users\salva\AppData\Local\Programs\Python\Python313\Lib\site-packages\fastapi\routing.py", line 322, in run_endpoint_function
    return await run_in_threadpool(dependant.call, **values)
           ^^^^^^^^^^^^^^^^^^^^^^^^^^^^^^^^^^^^^^^^^^^^^^^^^
  File "C:\Users\salva\AppData\Local\Programs\Python\Python313\Lib\site-packages\starlette\concurrency.py", line 32, in run_in_threadpool
    return await anyio.to_thread.run_sync(func)
           ^^^^^^^^^^^^^^^^^^^^^^^^^^^^^^^^^^^^
  File "C:\Users\salva\AppData\Local\Programs\Python\Python313\Lib\site-packages\anyio\to_thread.py", line 63, in run_sync
    return await get_async_backend().run_sync_in_worker_thread(
           ^^^^^^^^^^^^^^^^^^^^^^^^^^^^^^^^^^^^^^^^^^^^^^^^^^^^
        func, args, abandon_on_cancel=abandon_on_cancel, limiter=limiter
        ^^^^^^^^^^^^^^^^^^^^^^^^^^^^^^^^^^^^^^^^^^^^^^^^^^^^^^^^^^^^^^^^
    )
    ^
  File "C:\Users\salva\AppData\Local\Programs\Python\Python313\Lib\site-packages\anyio\_backends\_asyncio.py", line 2502, in run_sync_in_worker_thread
    return await future
           ^^^^^^^^^^^^
  File "C:\Users\salva\AppData\Local\Programs\Python\Python313\Lib\site-packages\anyio\_backends\_asyncio.py", line 986, in run
    result = context.run(func, *args)
  File "e:\Salvo\Desktop\Progetti\Role Mining\Role_Mining\backend\main.py", line 1473, in extract
    # BRDB: rebuild leggero (si basa su stato corrente: last_extract + role_meta + mapping)
  File "e:\Salvo\Desktop\Progetti\Role Mining\Role_Mining\backend\main.py", line 985, in extract_from_ldap
  File "C:\Users\salva\AppData\Local\Programs\Python\Python313\Lib\site-packages\ldap3\core\connection.py", line 363, in __init__
    self._do_auto_bind()
    ~~~~~~~~~~~~~~~~~~^^
  File "C:\Users\salva\AppData\Local\Programs\Python\Python313\Lib\site-packages\ldap3\core\connection.py", line 387, in _do_auto_bind
    self.open(read_server_info=False)
    ~~~~~~~~~^^^^^^^^^^^^^^^^^^^^^^^^
  File "C:\Users\salva\AppData\Local\Programs\Python\Python313\Lib\site-packages\ldap3\strategy\sync.py", line 57, in open
    BaseStrategy.open(self, reset_usage, read_server_info)
    ~~~~~~~~~~~~~~~~~^^^^^^^^^^^^^^^^^^^^^^^^^^^^^^^^^^^^^
  File "C:\Users\salva\AppData\Local\Programs\Python\Python313\Lib\site-packages\ldap3\strategy\base.py", line 146, in open
    raise exception_history[0][0]
ldap3.core.exceptions.LDAPSocketOpenError: socket connection error while opening: [WinError 10060] Impossibile stabilire la connessione. Risposta non corretta della parte connessa dopo l'intervallo di tempo oppure mancata risposta dall'host collegato
ERROR:    Exception in ASGI application
Traceback (most recent call last):
  File "C:\Users\salva\AppData\Local\Programs\Python\Python313\Lib\site-packages\uvicorn\protocols\http\httptools_impl.py", line 416, in run_asgi
    result = await app(  # type: ignore[func-returns-value]
             ^^^^^^^^^^^^^^^^^^^^^^^^^^^^^^^^^^^^^^^^^^^^^^
        self.scope, self.receive, self.send
        ^^^^^^^^^^^^^^^^^^^^^^^^^^^^^^^^^^^
    )
    ^
  File "C:\Users\salva\AppData\Local\Programs\Python\Python313\Lib\site-packages\uvicorn\middleware\proxy_headers.py", line 60, in __call__
    return await self.app(scope, receive, send)
           ^^^^^^^^^^^^^^^^^^^^^^^^^^^^^^^^^^^^
  File "C:\Users\salva\AppData\Local\Programs\Python\Python313\Lib\site-packages\fastapi\applications.py", line 1138, in __call__
    await super().__call__(scope, receive, send)
  File "C:\Users\salva\AppData\Local\Programs\Python\Python313\Lib\site-packages\starlette\applications.py", line 107, in __call__
    await self.middleware_stack(scope, receive, send)
  File "C:\Users\salva\AppData\Local\Programs\Python\Python313\Lib\site-packages\starlette\middleware\errors.py", line 186, in __call__
    raise exc
  File "C:\Users\salva\AppData\Local\Programs\Python\Python313\Lib\site-packages\starlette\middleware\errors.py", line 164, in __call__
    await self.app(scope, receive, _send)
  File "C:\Users\salva\AppData\Local\Programs\Python\Python313\Lib\site-packages\starlette\middleware\cors.py", line 95, in __call__
    await self.simple_response(scope, receive, send, request_headers=headers)
  File "C:\Users\salva\AppData\Local\Programs\Python\Python313\Lib\site-packages\starlette\middleware\cors.py", line 153, in simple_response
    await self.app(scope, receive, send)
  File "C:\Users\salva\AppData\Local\Programs\Python\Python313\Lib\site-packages\starlette\middleware\exceptions.py", line 63, in __call__
    await wrap_app_handling_exceptions(self.app, conn)(scope, receive, send)
  File "C:\Users\salva\AppData\Local\Programs\Python\Python313\Lib\site-packages\starlette\_exception_handler.py", line 53, in wrapped_app
    raise exc
  File "C:\Users\salva\AppData\Local\Programs\Python\Python313\Lib\site-packages\starlette\_exception_handler.py", line 42, in wrapped_app
    await app(scope, receive, sender)
  File "C:\Users\salva\AppData\Local\Programs\Python\Python313\Lib\site-packages\fastapi\middleware\asyncexitstack.py", line 18, in __call__
    await self.app(scope, receive, send)
  File "C:\Users\salva\AppData\Local\Programs\Python\Python313\Lib\site-packages\starlette\routing.py", line 716, in __call__
    await self.middleware_stack(scope, receive, send)
  File "C:\Users\salva\AppData\Local\Programs\Python\Python313\Lib\site-packages\starlette\routing.py", line 736, in app
    await route.handle(scope, receive, send)
  File "C:\Users\salva\AppData\Local\Programs\Python\Python313\Lib\site-packages\starlette\routing.py", line 290, in handle
    await self.app(scope, receive, send)
  File "C:\Users\salva\AppData\Local\Programs\Python\Python313\Lib\site-packages\fastapi\routing.py", line 124, in app
    await wrap_app_handling_exceptions(app, request)(scope, receive, send)
  File "C:\Users\salva\AppData\Local\Programs\Python\Python313\Lib\site-packages\starlette\_exception_handler.py", line 53, in wrapped_app
    raise exc
  File "C:\Users\salva\AppData\Local\Programs\Python\Python313\Lib\site-packages\starlette\_exception_handler.py", line 42, in wrapped_app
    await app(scope, receive, sender)
  File "C:\Users\salva\AppData\Local\Programs\Python\Python313\Lib\site-packages\fastapi\routing.py", line 110, in app
    response = await f(request)
               ^^^^^^^^^^^^^^^^
  File "C:\Users\salva\AppData\Local\Programs\Python\Python313\Lib\site-packages\fastapi\routing.py", line 432, in app
    raw_response = await run_endpoint_function(
                   ^^^^^^^^^^^^^^^^^^^^^^^^^^^^
    ...<3 lines>...
    )
    ^
  File "C:\Users\salva\AppData\Local\Programs\Python\Python313\Lib\site-packages\fastapi\routing.py", line 322, in run_endpoint_function
    return await run_in_threadpool(dependant.call, **values)
           ^^^^^^^^^^^^^^^^^^^^^^^^^^^^^^^^^^^^^^^^^^^^^^^^^
  File "C:\Users\salva\AppData\Local\Programs\Python\Python313\Lib\site-packages\starlette\concurrency.py", line 32, in run_in_threadpool
    return await anyio.to_thread.run_sync(func)
           ^^^^^^^^^^^^^^^^^^^^^^^^^^^^^^^^^^^^
  File "C:\Users\salva\AppData\Local\Programs\Python\Python313\Lib\site-packages\anyio\to_thread.py", line 63, in run_sync
    return await get_async_backend().run_sync_in_worker_thread(
           ^^^^^^^^^^^^^^^^^^^^^^^^^^^^^^^^^^^^^^^^^^^^^^^^^^^^
        func, args, abandon_on_cancel=abandon_on_cancel, limiter=limiter
        ^^^^^^^^^^^^^^^^^^^^^^^^^^^^^^^^^^^^^^^^^^^^^^^^^^^^^^^^^^^^^^^^
    )
    ^
  File "C:\Users\salva\AppData\Local\Programs\Python\Python313\Lib\site-packages\anyio\_backends\_asyncio.py", line 2502, in run_sync_in_worker_thread
    return await future
           ^^^^^^^^^^^^
  File "C:\Users\salva\AppData\Local\Programs\Python\Python313\Lib\site-packages\anyio\_backends\_asyncio.py", line 986, in run
    result = context.run(func, *args)
  File "e:\Salvo\Desktop\Progetti\Role Mining\Role_Mining\backend\main.py", line 1473, in extract
    # BRDB: rebuild leggero (si basa su stato corrente: last_extract + role_meta + mapping)
  File "e:\Salvo\Desktop\Progetti\Role Mining\Role_Mining\backend\main.py", line 985, in extract_from_ldap
  File "C:\Users\salva\AppData\Local\Programs\Python\Python313\Lib\site-packages\ldap3\core\connection.py", line 363, in __init__
    self._do_auto_bind()
    ~~~~~~~~~~~~~~~~~~^^
  File "C:\Users\salva\AppData\Local\Programs\Python\Python313\Lib\site-packages\ldap3\core\connection.py", line 387, in _do_auto_bind
    self.open(read_server_info=False)
    ~~~~~~~~~^^^^^^^^^^^^^^^^^^^^^^^^
  File "C:\Users\salva\AppData\Local\Programs\Python\Python313\Lib\site-packages\ldap3\strategy\sync.py", line 57, in open
    BaseStrategy.open(self, reset_usage, read_server_info)
    ~~~~~~~~~~~~~~~~~^^^^^^^^^^^^^^^^^^^^^^^^^^^^^^^^^^^^^
  File "C:\Users\salva\AppData\Local\Programs\Python\Python313\Lib\site-packages\ldap3\strategy\base.py", line 146, in open
    raise exception_history[0][0]
ldap3.core.exceptions.LDAPSocketOpenError: socket connection error while opening: [WinError 10060] Impossibile stabilire la connessione. Risposta non corretta della parte connessa dopo l'intervallo di tempo oppure mancata risposta dall'host collegato
ERROR:    Exception in ASGI application
Traceback (most recent call last):
  File "C:\Users\salva\AppData\Local\Programs\Python\Python313\Lib\site-packages\uvicorn\protocols\http\httptools_impl.py", line 416, in run_asgi
    result = await app(  # type: ignore[func-returns-value]
             ^^^^^^^^^^^^^^^^^^^^^^^^^^^^^^^^^^^^^^^^^^^^^^
        self.scope, self.receive, self.send
        ^^^^^^^^^^^^^^^^^^^^^^^^^^^^^^^^^^^
    )
    ^
  File "C:\Users\salva\AppData\Local\Programs\Python\Python313\Lib\site-packages\uvicorn\middleware\proxy_headers.py", line 60, in __call__
    return await self.app(scope, receive, send)
           ^^^^^^^^^^^^^^^^^^^^^^^^^^^^^^^^^^^^
  File "C:\Users\salva\AppData\Local\Programs\Python\Python313\Lib\site-packages\fastapi\applications.py", line 1138, in __call__
    await super().__call__(scope, receive, send)
  File "C:\Users\salva\AppData\Local\Programs\Python\Python313\Lib\site-packages\starlette\applications.py", line 107, in __call__
    await self.middleware_stack(scope, receive, send)
  File "C:\Users\salva\AppData\Local\Programs\Python\Python313\Lib\site-packages\starlette\middleware\errors.py", line 186, in __call__
    raise exc
  File "C:\Users\salva\AppData\Local\Programs\Python\Python313\Lib\site-packages\starlette\middleware\errors.py", line 164, in __call__
    await self.app(scope, receive, _send)
  File "C:\Users\salva\AppData\Local\Programs\Python\Python313\Lib\site-packages\starlette\middleware\cors.py", line 95, in __call__
    await self.simple_response(scope, receive, send, request_headers=headers)
  File "C:\Users\salva\AppData\Local\Programs\Python\Python313\Lib\site-packages\starlette\middleware\cors.py", line 153, in simple_response
    await self.app(scope, receive, send)
  File "C:\Users\salva\AppData\Local\Programs\Python\Python313\Lib\site-packages\starlette\middleware\exceptions.py", line 63, in __call__
    await wrap_app_handling_exceptions(self.app, conn)(scope, receive, send)
  File "C:\Users\salva\AppData\Local\Programs\Python\Python313\Lib\site-packages\starlette\_exception_handler.py", line 53, in wrapped_app
    raise exc
  File "C:\Users\salva\AppData\Local\Programs\Python\Python313\Lib\site-packages\starlette\_exception_handler.py", line 42, in wrapped_app
    await app(scope, receive, sender)
  File "C:\Users\salva\AppData\Local\Programs\Python\Python313\Lib\site-packages\fastapi\middleware\asyncexitstack.py", line 18, in __call__
    await self.app(scope, receive, send)
  File "C:\Users\salva\AppData\Local\Programs\Python\Python313\Lib\site-packages\starlette\routing.py", line 716, in __call__
    await self.middleware_stack(scope, receive, send)
  File "C:\Users\salva\AppData\Local\Programs\Python\Python313\Lib\site-packages\starlette\routing.py", line 736, in app
    await route.handle(scope, receive, send)
  File "C:\Users\salva\AppData\Local\Programs\Python\Python313\Lib\site-packages\starlette\routing.py", line 290, in handle
    await self.app(scope, receive, send)
  File "C:\Users\salva\AppData\Local\Programs\Python\Python313\Lib\site-packages\fastapi\routing.py", line 124, in app
    await wrap_app_handling_exceptions(app, request)(scope, receive, send)
  File "C:\Users\salva\AppData\Local\Programs\Python\Python313\Lib\site-packages\starlette\_exception_handler.py", line 53, in wrapped_app
    raise exc
  File "C:\Users\salva\AppData\Local\Programs\Python\Python313\Lib\site-packages\starlette\_exception_handler.py", line 42, in wrapped_app
    await app(scope, receive, sender)
  File "C:\Users\salva\AppData\Local\Programs\Python\Python313\Lib\site-packages\fastapi\routing.py", line 110, in app
    response = await f(request)
               ^^^^^^^^^^^^^^^^
  File "C:\Users\salva\AppData\Local\Programs\Python\Python313\Lib\site-packages\fastapi\routing.py", line 432, in app
    raw_response = await run_endpoint_function(
                   ^^^^^^^^^^^^^^^^^^^^^^^^^^^^
    ...<3 lines>...
    )
    ^
  File "C:\Users\salva\AppData\Local\Programs\Python\Python313\Lib\site-packages\fastapi\routing.py", line 322, in run_endpoint_function
    return await run_in_threadpool(dependant.call, **values)
           ^^^^^^^^^^^^^^^^^^^^^^^^^^^^^^^^^^^^^^^^^^^^^^^^^
  File "C:\Users\salva\AppData\Local\Programs\Python\Python313\Lib\site-packages\starlette\concurrency.py", line 32, in run_in_threadpool
    return await anyio.to_thread.run_sync(func)
           ^^^^^^^^^^^^^^^^^^^^^^^^^^^^^^^^^^^^
  File "C:\Users\salva\AppData\Local\Programs\Python\Python313\Lib\site-packages\anyio\to_thread.py", line 63, in run_sync
    return await get_async_backend().run_sync_in_worker_thread(
           ^^^^^^^^^^^^^^^^^^^^^^^^^^^^^^^^^^^^^^^^^^^^^^^^^^^^
        func, args, abandon_on_cancel=abandon_on_cancel, limiter=limiter
        ^^^^^^^^^^^^^^^^^^^^^^^^^^^^^^^^^^^^^^^^^^^^^^^^^^^^^^^^^^^^^^^^
    )
    ^
  File "C:\Users\salva\AppData\Local\Programs\Python\Python313\Lib\site-packages\anyio\_backends\_asyncio.py", line 2502, in run_sync_in_worker_thread
    return await future
           ^^^^^^^^^^^^
  File "C:\Users\salva\AppData\Local\Programs\Python\Python313\Lib\site-packages\anyio\_backends\_asyncio.py", line 986, in run
    result = context.run(func, *args)
  File "e:\Salvo\Desktop\Progetti\Role Mining\Role_Mining\backend\main.py", line 1473, in extract
    # BRDB: rebuild leggero (si basa su stato corrente: last_extract + role_meta + mapping)
  File "e:\Salvo\Desktop\Progetti\Role Mining\Role_Mining\backend\main.py", line 985, in extract_from_ldap
  File "C:\Users\salva\AppData\Local\Programs\Python\Python313\Lib\site-packages\ldap3\core\connection.py", line 363, in __init__
    self._do_auto_bind()
    ~~~~~~~~~~~~~~~~~~^^
  File "C:\Users\salva\AppData\Local\Programs\Python\Python313\Lib\site-packages\ldap3\core\connection.py", line 387, in _do_auto_bind
    self.open(read_server_info=False)
    ~~~~~~~~~^^^^^^^^^^^^^^^^^^^^^^^^
  File "C:\Users\salva\AppData\Local\Programs\Python\Python313\Lib\site-packages\ldap3\strategy\sync.py", line 57, in open
    BaseStrategy.open(self, reset_usage, read_server_info)
    ~~~~~~~~~~~~~~~~~^^^^^^^^^^^^^^^^^^^^^^^^^^^^^^^^^^^^^
  File "C:\Users\salva\AppData\Local\Programs\Python\Python313\Lib\site-packages\ldap3\strategy\base.py", line 146, in open
    raise exception_history[0][0]
ldap3.core.exceptions.LDAPSocketOpenError: socket connection error while opening: [WinError 10060] Impossibile stabilire la connessione. Risposta non corretta della parte connessa dopo l'intervallo di tempo oppure mancata risposta dall'host collegato
ERROR:    Exception in ASGI application
Traceback (most recent call last):
  File "C:\Users\salva\AppData\Local\Programs\Python\Python313\Lib\site-packages\uvicorn\protocols\http\httptools_impl.py", line 416, in run_asgi
    result = await app(  # type: ignore[func-returns-value]
             ^^^^^^^^^^^^^^^^^^^^^^^^^^^^^^^^^^^^^^^^^^^^^^
        self.scope, self.receive, self.send
        ^^^^^^^^^^^^^^^^^^^^^^^^^^^^^^^^^^^
    )
    ^
  File "C:\Users\salva\AppData\Local\Programs\Python\Python313\Lib\site-packages\uvicorn\middleware\proxy_headers.py", line 60, in __call__
    return await self.app(scope, receive, send)
           ^^^^^^^^^^^^^^^^^^^^^^^^^^^^^^^^^^^^
  File "C:\Users\salva\AppData\Local\Programs\Python\Python313\Lib\site-packages\fastapi\applications.py", line 1138, in __call__
    await super().__call__(scope, receive, send)
  File "C:\Users\salva\AppData\Local\Programs\Python\Python313\Lib\site-packages\starlette\applications.py", line 107, in __call__
    await self.middleware_stack(scope, receive, send)
  File "C:\Users\salva\AppData\Local\Programs\Python\Python313\Lib\site-packages\starlette\middleware\errors.py", line 186, in __call__
    raise exc
  File "C:\Users\salva\AppData\Local\Programs\Python\Python313\Lib\site-packages\starlette\middleware\errors.py", line 164, in __call__
    await self.app(scope, receive, _send)
  File "C:\Users\salva\AppData\Local\Programs\Python\Python313\Lib\site-packages\starlette\middleware\cors.py", line 95, in __call__
    await self.simple_response(scope, receive, send, request_headers=headers)
  File "C:\Users\salva\AppData\Local\Programs\Python\Python313\Lib\site-packages\starlette\middleware\cors.py", line 153, in simple_response
    await self.app(scope, receive, send)
  File "C:\Users\salva\AppData\Local\Programs\Python\Python313\Lib\site-packages\starlette\middleware\exceptions.py", line 63, in __call__
    await wrap_app_handling_exceptions(self.app, conn)(scope, receive, send)
  File "C:\Users\salva\AppData\Local\Programs\Python\Python313\Lib\site-packages\starlette\_exception_handler.py", line 53, in wrapped_app
    raise exc
  File "C:\Users\salva\AppData\Local\Programs\Python\Python313\Lib\site-packages\starlette\_exception_handler.py", line 42, in wrapped_app
    await app(scope, receive, sender)
  File "C:\Users\salva\AppData\Local\Programs\Python\Python313\Lib\site-packages\fastapi\middleware\asyncexitstack.py", line 18, in __call__
    await self.app(scope, receive, send)
  File "C:\Users\salva\AppData\Local\Programs\Python\Python313\Lib\site-packages\starlette\routing.py", line 716, in __call__
    await self.middleware_stack(scope, receive, send)
  File "C:\Users\salva\AppData\Local\Programs\Python\Python313\Lib\site-packages\starlette\routing.py", line 736, in app
    await route.handle(scope, receive, send)
  File "C:\Users\salva\AppData\Local\Programs\Python\Python313\Lib\site-packages\starlette\routing.py", line 290, in handle
    await self.app(scope, receive, send)
  File "C:\Users\salva\AppData\Local\Programs\Python\Python313\Lib\site-packages\fastapi\routing.py", line 124, in app
    await wrap_app_handling_exceptions(app, request)(scope, receive, send)
  File "C:\Users\salva\AppData\Local\Programs\Python\Python313\Lib\site-packages\starlette\_exception_handler.py", line 53, in wrapped_app
    raise exc
  File "C:\Users\salva\AppData\Local\Programs\Python\Python313\Lib\site-packages\starlette\_exception_handler.py", line 42, in wrapped_app
    await app(scope, receive, sender)
  File "C:\Users\salva\AppData\Local\Programs\Python\Python313\Lib\site-packages\fastapi\routing.py", line 110, in app
    response = await f(request)
               ^^^^^^^^^^^^^^^^
  File "C:\Users\salva\AppData\Local\Programs\Python\Python313\Lib\site-packages\fastapi\routing.py", line 432, in app
    raw_response = await run_endpoint_function(
                   ^^^^^^^^^^^^^^^^^^^^^^^^^^^^
    ...<3 lines>...
    )
    ^
  File "C:\Users\salva\AppData\Local\Programs\Python\Python313\Lib\site-packages\fastapi\routing.py", line 322, in run_endpoint_function
    return await run_in_threadpool(dependant.call, **values)
           ^^^^^^^^^^^^^^^^^^^^^^^^^^^^^^^^^^^^^^^^^^^^^^^^^
  File "C:\Users\salva\AppData\Local\Programs\Python\Python313\Lib\site-packages\starlette\concurrency.py", line 32, in run_in_threadpool
    return await anyio.to_thread.run_sync(func)
           ^^^^^^^^^^^^^^^^^^^^^^^^^^^^^^^^^^^^
  File "C:\Users\salva\AppData\Local\Programs\Python\Python313\Lib\site-packages\anyio\to_thread.py", line 63, in run_sync
    return await get_async_backend().run_sync_in_worker_thread(
           ^^^^^^^^^^^^^^^^^^^^^^^^^^^^^^^^^^^^^^^^^^^^^^^^^^^^
        func, args, abandon_on_cancel=abandon_on_cancel, limiter=limiter
        ^^^^^^^^^^^^^^^^^^^^^^^^^^^^^^^^^^^^^^^^^^^^^^^^^^^^^^^^^^^^^^^^
    )
    ^
  File "C:\Users\salva\AppData\Local\Programs\Python\Python313\Lib\site-packages\anyio\_backends\_asyncio.py", line 2502, in run_sync_in_worker_thread
    return await future
           ^^^^^^^^^^^^
  File "C:\Users\salva\AppData\Local\Programs\Python\Python313\Lib\site-packages\anyio\_backends\_asyncio.py", line 986, in run
    result = context.run(func, *args)
  File "e:\Salvo\Desktop\Progetti\Role Mining\Role_Mining\backend\main.py", line 1473, in extract
  File "e:\Salvo\Desktop\Progetti\Role Mining\Role_Mining\backend\main.py", line 985, in extract_from_ldap
    else:
    
  File "C:\Users\salva\AppData\Local\Programs\Python\Python313\Lib\site-packages\ldap3\core\connection.py", line 363, in __init__
    self._do_auto_bind()
    ~~~~~~~~~~~~~~~~~~^^
  File "C:\Users\salva\AppData\Local\Programs\Python\Python313\Lib\site-packages\ldap3\core\connection.py", line 387, in _do_auto_bind
    self.open(read_server_info=False)
    ~~~~~~~~~^^^^^^^^^^^^^^^^^^^^^^^^
  File "C:\Users\salva\AppData\Local\Programs\Python\Python313\Lib\site-packages\ldap3\strategy\sync.py", line 57, in open
    BaseStrategy.open(self, reset_usage, read_server_info)
    ~~~~~~~~~~~~~~~~~^^^^^^^^^^^^^^^^^^^^^^^^^^^^^^^^^^^^^
  File "C:\Users\salva\AppData\Local\Programs\Python\Python313\Lib\site-packages\ldap3\strategy\base.py", line 146, in open
    raise exception_history[0][0]
ldap3.core.exceptions.LDAPSocketOpenError: socket connection error while opening: [WinError 10060] Impossibile stabilire la connessione. Risposta non corretta della parte connessa dopo l'intervallo di tempo oppure mancata risposta dall'host collegato
ERROR:    Exception in ASGI application
Traceback (most recent call last):
  File "C:\Users\salva\AppData\Local\Programs\Python\Python313\Lib\site-packages\uvicorn\protocols\http\httptools_impl.py", line 416, in run_asgi
    result = await app(  # type: ignore[func-returns-value]
             ^^^^^^^^^^^^^^^^^^^^^^^^^^^^^^^^^^^^^^^^^^^^^^
        self.scope, self.receive, self.send
        ^^^^^^^^^^^^^^^^^^^^^^^^^^^^^^^^^^^
    )
    ^
  File "C:\Users\salva\AppData\Local\Programs\Python\Python313\Lib\site-packages\uvicorn\middleware\proxy_headers.py", line 60, in __call__
    return await self.app(scope, receive, send)
           ^^^^^^^^^^^^^^^^^^^^^^^^^^^^^^^^^^^^
  File "C:\Users\salva\AppData\Local\Programs\Python\Python313\Lib\site-packages\fastapi\applications.py", line 1138, in __call__
    await super().__call__(scope, receive, send)
  File "C:\Users\salva\AppData\Local\Programs\Python\Python313\Lib\site-packages\starlette\applications.py", line 107, in __call__
    await self.middleware_stack(scope, receive, send)
  File "C:\Users\salva\AppData\Local\Programs\Python\Python313\Lib\site-packages\starlette\middleware\errors.py", line 186, in __call__
    raise exc
  File "C:\Users\salva\AppData\Local\Programs\Python\Python313\Lib\site-packages\starlette\middleware\errors.py", line 164, in __call__
    await self.app(scope, receive, _send)
  File "C:\Users\salva\AppData\Local\Programs\Python\Python313\Lib\site-packages\starlette\middleware\cors.py", line 95, in __call__
    await self.simple_response(scope, receive, send, request_headers=headers)
  File "C:\Users\salva\AppData\Local\Programs\Python\Python313\Lib\site-packages\starlette\middleware\cors.py", line 153, in simple_response
    await self.app(scope, receive, send)
  File "C:\Users\salva\AppData\Local\Programs\Python\Python313\Lib\site-packages\starlette\middleware\exceptions.py", line 63, in __call__
    await wrap_app_handling_exceptions(self.app, conn)(scope, receive, send)
  File "C:\Users\salva\AppData\Local\Programs\Python\Python313\Lib\site-packages\starlette\_exception_handler.py", line 53, in wrapped_app
    raise exc
  File "C:\Users\salva\AppData\Local\Programs\Python\Python313\Lib\site-packages\starlette\_exception_handler.py", line 42, in wrapped_app
    await app(scope, receive, sender)
  File "C:\Users\salva\AppData\Local\Programs\Python\Python313\Lib\site-packages\fastapi\middleware\asyncexitstack.py", line 18, in __call__
    await self.app(scope, receive, send)
  File "C:\Users\salva\AppData\Local\Programs\Python\Python313\Lib\site-packages\starlette\routing.py", line 716, in __call__
    await self.middleware_stack(scope, receive, send)
  File "C:\Users\salva\AppData\Local\Programs\Python\Python313\Lib\site-packages\starlette\routing.py", line 736, in app
    await route.handle(scope, receive, send)
  File "C:\Users\salva\AppData\Local\Programs\Python\Python313\Lib\site-packages\starlette\routing.py", line 290, in handle
    await self.app(scope, receive, send)
  File "C:\Users\salva\AppData\Local\Programs\Python\Python313\Lib\site-packages\fastapi\routing.py", line 124, in app
    await wrap_app_handling_exceptions(app, request)(scope, receive, send)
  File "C:\Users\salva\AppData\Local\Programs\Python\Python313\Lib\site-packages\starlette\_exception_handler.py", line 53, in wrapped_app
    raise exc
  File "C:\Users\salva\AppData\Local\Programs\Python\Python313\Lib\site-packages\starlette\_exception_handler.py", line 42, in wrapped_app
    await app(scope, receive, sender)
  File "C:\Users\salva\AppData\Local\Programs\Python\Python313\Lib\site-packages\fastapi\routing.py", line 110, in app
    response = await f(request)
               ^^^^^^^^^^^^^^^^
  File "C:\Users\salva\AppData\Local\Programs\Python\Python313\Lib\site-packages\fastapi\routing.py", line 432, in app
    raw_response = await run_endpoint_function(
                   ^^^^^^^^^^^^^^^^^^^^^^^^^^^^
    ...<3 lines>...
    )
    ^
  File "C:\Users\salva\AppData\Local\Programs\Python\Python313\Lib\site-packages\fastapi\routing.py", line 322, in run_endpoint_function
    return await run_in_threadpool(dependant.call, **values)
           ^^^^^^^^^^^^^^^^^^^^^^^^^^^^^^^^^^^^^^^^^^^^^^^^^
  File "C:\Users\salva\AppData\Local\Programs\Python\Python313\Lib\site-packages\starlette\concurrency.py", line 32, in run_in_threadpool
    return await anyio.to_thread.run_sync(func)
           ^^^^^^^^^^^^^^^^^^^^^^^^^^^^^^^^^^^^
  File "C:\Users\salva\AppData\Local\Programs\Python\Python313\Lib\site-packages\anyio\to_thread.py", line 63, in run_sync
    return await get_async_backend().run_sync_in_worker_thread(
           ^^^^^^^^^^^^^^^^^^^^^^^^^^^^^^^^^^^^^^^^^^^^^^^^^^^^
        func, args, abandon_on_cancel=abandon_on_cancel, limiter=limiter
        ^^^^^^^^^^^^^^^^^^^^^^^^^^^^^^^^^^^^^^^^^^^^^^^^^^^^^^^^^^^^^^^^
    )
    ^
  File "C:\Users\salva\AppData\Local\Programs\Python\Python313\Lib\site-packages\anyio\_backends\_asyncio.py", line 2502, in run_sync_in_worker_thread
    return await future
           ^^^^^^^^^^^^
  File "C:\Users\salva\AppData\Local\Programs\Python\Python313\Lib\site-packages\anyio\_backends\_asyncio.py", line 986, in run
    result = context.run(func, *args)
  File "e:\Salvo\Desktop\Progetti\Role Mining\Role_Mining\backend\main.py", line 1473, in extract
    raise HTTPException(status_code=400, detail="Group not in last extract snapshot")
        ^^^^^^^^^^^^^^^^^^^^^^^^^
  File "e:\Salvo\Desktop\Progetti\Role Mining\Role_Mining\backend\main.py", line 985, in extract_from_ldap
  File "C:\Users\salva\AppData\Local\Programs\Python\Python313\Lib\site-packages\ldap3\core\connection.py", line 363, in __init__
    self._do_auto_bind()
    ~~~~~~~~~~~~~~~~~~^^
  File "C:\Users\salva\AppData\Local\Programs\Python\Python313\Lib\site-packages\ldap3\core\connection.py", line 387, in _do_auto_bind
    self.open(read_server_info=False)
    ~~~~~~~~~^^^^^^^^^^^^^^^^^^^^^^^^
  File "C:\Users\salva\AppData\Local\Programs\Python\Python313\Lib\site-packages\ldap3\strategy\sync.py", line 57, in open
    BaseStrategy.open(self, reset_usage, read_server_info)
    ~~~~~~~~~~~~~~~~~^^^^^^^^^^^^^^^^^^^^^^^^^^^^^^^^^^^^^
  File "C:\Users\salva\AppData\Local\Programs\Python\Python313\Lib\site-packages\ldap3\strategy\base.py", line 146, in open
    raise exception_history[0][0]
ldap3.core.exceptions.LDAPSocketOpenError: socket connection error while opening: [WinError 10060] Impossibile stabilire la connessione. Risposta non corretta della parte connessa dopo l'intervallo di tempo oppure mancata risposta dall'host collegato
ERROR:    Exception in ASGI application
Traceback (most recent call last):
  File "C:\Users\salva\AppData\Local\Programs\Python\Python313\Lib\site-packages\uvicorn\protocols\http\httptools_impl.py", line 416, in run_asgi
    result = await app(  # type: ignore[func-returns-value]
             ^^^^^^^^^^^^^^^^^^^^^^^^^^^^^^^^^^^^^^^^^^^^^^
        self.scope, self.receive, self.send
        ^^^^^^^^^^^^^^^^^^^^^^^^^^^^^^^^^^^
    )
    ^
  File "C:\Users\salva\AppData\Local\Programs\Python\Python313\Lib\site-packages\uvicorn\middleware\proxy_headers.py", line 60, in __call__
    return await self.app(scope, receive, send)
           ^^^^^^^^^^^^^^^^^^^^^^^^^^^^^^^^^^^^
  File "C:\Users\salva\AppData\Local\Programs\Python\Python313\Lib\site-packages\fastapi\applications.py", line 1138, in __call__
    await super().__call__(scope, receive, send)
  File "C:\Users\salva\AppData\Local\Programs\Python\Python313\Lib\site-packages\starlette\applications.py", line 107, in __call__
    await self.middleware_stack(scope, receive, send)
  File "C:\Users\salva\AppData\Local\Programs\Python\Python313\Lib\site-packages\starlette\middleware\errors.py", line 186, in __call__
    raise exc
  File "C:\Users\salva\AppData\Local\Programs\Python\Python313\Lib\site-packages\starlette\middleware\errors.py", line 164, in __call__
    await self.app(scope, receive, _send)
  File "C:\Users\salva\AppData\Local\Programs\Python\Python313\Lib\site-packages\starlette\middleware\cors.py", line 95, in __call__
    await self.simple_response(scope, receive, send, request_headers=headers)
  File "C:\Users\salva\AppData\Local\Programs\Python\Python313\Lib\site-packages\starlette\middleware\cors.py", line 153, in simple_response
    await self.app(scope, receive, send)
  File "C:\Users\salva\AppData\Local\Programs\Python\Python313\Lib\site-packages\starlette\middleware\exceptions.py", line 63, in __call__
    await wrap_app_handling_exceptions(self.app, conn)(scope, receive, send)
  File "C:\Users\salva\AppData\Local\Programs\Python\Python313\Lib\site-packages\starlette\_exception_handler.py", line 53, in wrapped_app
    raise exc
  File "C:\Users\salva\AppData\Local\Programs\Python\Python313\Lib\site-packages\starlette\_exception_handler.py", line 42, in wrapped_app
    await app(scope, receive, sender)
  File "C:\Users\salva\AppData\Local\Programs\Python\Python313\Lib\site-packages\fastapi\middleware\asyncexitstack.py", line 18, in __call__
    await self.app(scope, receive, send)
  File "C:\Users\salva\AppData\Local\Programs\Python\Python313\Lib\site-packages\starlette\routing.py", line 716, in __call__
    await self.middleware_stack(scope, receive, send)
  File "C:\Users\salva\AppData\Local\Programs\Python\Python313\Lib\site-packages\starlette\routing.py", line 736, in app
    await route.handle(scope, receive, send)
  File "C:\Users\salva\AppData\Local\Programs\Python\Python313\Lib\site-packages\starlette\routing.py", line 290, in handle
    await self.app(scope, receive, send)
  File "C:\Users\salva\AppData\Local\Programs\Python\Python313\Lib\site-packages\fastapi\routing.py", line 124, in app
    await wrap_app_handling_exceptions(app, request)(scope, receive, send)
  File "C:\Users\salva\AppData\Local\Programs\Python\Python313\Lib\site-packages\starlette\_exception_handler.py", line 53, in wrapped_app
    raise exc
  File "C:\Users\salva\AppData\Local\Programs\Python\Python313\Lib\site-packages\starlette\_exception_handler.py", line 42, in wrapped_app
    await app(scope, receive, sender)
  File "C:\Users\salva\AppData\Local\Programs\Python\Python313\Lib\site-packages\fastapi\routing.py", line 110, in app
    response = await f(request)
               ^^^^^^^^^^^^^^^^
  File "C:\Users\salva\AppData\Local\Programs\Python\Python313\Lib\site-packages\fastapi\routing.py", line 432, in app
    raw_response = await run_endpoint_function(
                   ^^^^^^^^^^^^^^^^^^^^^^^^^^^^
    ...<3 lines>...
    )
    ^
  File "C:\Users\salva\AppData\Local\Programs\Python\Python313\Lib\site-packages\fastapi\routing.py", line 322, in run_endpoint_function
    return await run_in_threadpool(dependant.call, **values)
           ^^^^^^^^^^^^^^^^^^^^^^^^^^^^^^^^^^^^^^^^^^^^^^^^^
  File "C:\Users\salva\AppData\Local\Programs\Python\Python313\Lib\site-packages\starlette\concurrency.py", line 32, in run_in_threadpool
    return await anyio.to_thread.run_sync(func)
           ^^^^^^^^^^^^^^^^^^^^^^^^^^^^^^^^^^^^
  File "C:\Users\salva\AppData\Local\Programs\Python\Python313\Lib\site-packages\anyio\to_thread.py", line 63, in run_sync
    return await get_async_backend().run_sync_in_worker_thread(
           ^^^^^^^^^^^^^^^^^^^^^^^^^^^^^^^^^^^^^^^^^^^^^^^^^^^^
        func, args, abandon_on_cancel=abandon_on_cancel, limiter=limiter
        ^^^^^^^^^^^^^^^^^^^^^^^^^^^^^^^^^^^^^^^^^^^^^^^^^^^^^^^^^^^^^^^^
    )
    ^
  File "C:\Users\salva\AppData\Local\Programs\Python\Python313\Lib\site-packages\anyio\_backends\_asyncio.py", line 2502, in run_sync_in_worker_thread
    return await future
           ^^^^^^^^^^^^
  File "C:\Users\salva\AppData\Local\Programs\Python\Python313\Lib\site-packages\anyio\_backends\_asyncio.py", line 986, in run
    result = context.run(func, *args)
  File "e:\Salvo\Desktop\Progetti\Role Mining\Role_Mining\backend\main.py", line 1473, in extract
    if not g:
            ^
  File "e:\Salvo\Desktop\Progetti\Role Mining\Role_Mining\backend\main.py", line 985, in extract_from_ldap
    cfg = state.get("connector", {})
               ^^^^^^^^^^^^^^^^^^^^^
  File "C:\Users\salva\AppData\Local\Programs\Python\Python313\Lib\site-packages\ldap3\core\connection.py", line 363, in __init__
    self._do_auto_bind()
    ~~~~~~~~~~~~~~~~~~^^
  File "C:\Users\salva\AppData\Local\Programs\Python\Python313\Lib\site-packages\ldap3\core\connection.py", line 387, in _do_auto_bind
    self.open(read_server_info=False)
    ~~~~~~~~~^^^^^^^^^^^^^^^^^^^^^^^^
  File "C:\Users\salva\AppData\Local\Programs\Python\Python313\Lib\site-packages\ldap3\strategy\sync.py", line 57, in open
    BaseStrategy.open(self, reset_usage, read_server_info)
    ~~~~~~~~~~~~~~~~~^^^^^^^^^^^^^^^^^^^^^^^^^^^^^^^^^^^^^
  File "C:\Users\salva\AppData\Local\Programs\Python\Python313\Lib\site-packages\ldap3\strategy\base.py", line 146, in open
    raise exception_history[0][0]
ldap3.core.exceptions.LDAPSocketOpenError: socket connection error while opening: [WinError 10060] Impossibile stabilire la connessione. Risposta non corretta della parte connessa dopo l'intervallo di tempo oppure mancata risposta dall'host collegato
ERROR:    Exception in ASGI application
Traceback (most recent call last):
  File "C:\Users\salva\AppData\Local\Programs\Python\Python313\Lib\site-packages\uvicorn\protocols\http\httptools_impl.py", line 416, in run_asgi
    result = await app(  # type: ignore[func-returns-value]
             ^^^^^^^^^^^^^^^^^^^^^^^^^^^^^^^^^^^^^^^^^^^^^^
        self.scope, self.receive, self.send
        ^^^^^^^^^^^^^^^^^^^^^^^^^^^^^^^^^^^
    )
    ^
  File "C:\Users\salva\AppData\Local\Programs\Python\Python313\Lib\site-packages\uvicorn\middleware\proxy_headers.py", line 60, in __call__
    return await self.app(scope, receive, send)
           ^^^^^^^^^^^^^^^^^^^^^^^^^^^^^^^^^^^^
  File "C:\Users\salva\AppData\Local\Programs\Python\Python313\Lib\site-packages\fastapi\applications.py", line 1138, in __call__
    await super().__call__(scope, receive, send)
  File "C:\Users\salva\AppData\Local\Programs\Python\Python313\Lib\site-packages\starlette\applications.py", line 107, in __call__
    await self.middleware_stack(scope, receive, send)
  File "C:\Users\salva\AppData\Local\Programs\Python\Python313\Lib\site-packages\starlette\middleware\errors.py", line 186, in __call__
    raise exc
  File "C:\Users\salva\AppData\Local\Programs\Python\Python313\Lib\site-packages\starlette\middleware\errors.py", line 164, in __call__
    await self.app(scope, receive, _send)
  File "C:\Users\salva\AppData\Local\Programs\Python\Python313\Lib\site-packages\starlette\middleware\cors.py", line 95, in __call__
    await self.simple_response(scope, receive, send, request_headers=headers)
  File "C:\Users\salva\AppData\Local\Programs\Python\Python313\Lib\site-packages\starlette\middleware\cors.py", line 153, in simple_response
    await self.app(scope, receive, send)
  File "C:\Users\salva\AppData\Local\Programs\Python\Python313\Lib\site-packages\starlette\middleware\exceptions.py", line 63, in __call__
    await wrap_app_handling_exceptions(self.app, conn)(scope, receive, send)
  File "C:\Users\salva\AppData\Local\Programs\Python\Python313\Lib\site-packages\starlette\_exception_handler.py", line 53, in wrapped_app
    raise exc
  File "C:\Users\salva\AppData\Local\Programs\Python\Python313\Lib\site-packages\starlette\_exception_handler.py", line 42, in wrapped_app
    await app(scope, receive, sender)
  File "C:\Users\salva\AppData\Local\Programs\Python\Python313\Lib\site-packages\fastapi\middleware\asyncexitstack.py", line 18, in __call__
    await self.app(scope, receive, send)
  File "C:\Users\salva\AppData\Local\Programs\Python\Python313\Lib\site-packages\starlette\routing.py", line 716, in __call__
    await self.middleware_stack(scope, receive, send)
  File "C:\Users\salva\AppData\Local\Programs\Python\Python313\Lib\site-packages\starlette\routing.py", line 736, in app
    await route.handle(scope, receive, send)
  File "C:\Users\salva\AppData\Local\Programs\Python\Python313\Lib\site-packages\starlette\routing.py", line 290, in handle
    await self.app(scope, receive, send)
  File "C:\Users\salva\AppData\Local\Programs\Python\Python313\Lib\site-packages\fastapi\routing.py", line 124, in app
    await wrap_app_handling_exceptions(app, request)(scope, receive, send)
  File "C:\Users\salva\AppData\Local\Programs\Python\Python313\Lib\site-packages\starlette\_exception_handler.py", line 53, in wrapped_app
    raise exc
  File "C:\Users\salva\AppData\Local\Programs\Python\Python313\Lib\site-packages\starlette\_exception_handler.py", line 42, in wrapped_app
    await app(scope, receive, sender)
  File "C:\Users\salva\AppData\Local\Programs\Python\Python313\Lib\site-packages\fastapi\routing.py", line 110, in app
    response = await f(request)
               ^^^^^^^^^^^^^^^^
  File "C:\Users\salva\AppData\Local\Programs\Python\Python313\Lib\site-packages\fastapi\routing.py", line 432, in app
    raw_response = await run_endpoint_function(
                   ^^^^^^^^^^^^^^^^^^^^^^^^^^^^
    ...<3 lines>...
    )
    ^
  File "C:\Users\salva\AppData\Local\Programs\Python\Python313\Lib\site-packages\fastapi\routing.py", line 322, in run_endpoint_function
    return await run_in_threadpool(dependant.call, **values)
           ^^^^^^^^^^^^^^^^^^^^^^^^^^^^^^^^^^^^^^^^^^^^^^^^^
  File "C:\Users\salva\AppData\Local\Programs\Python\Python313\Lib\site-packages\starlette\concurrency.py", line 32, in run_in_threadpool
    return await anyio.to_thread.run_sync(func)
           ^^^^^^^^^^^^^^^^^^^^^^^^^^^^^^^^^^^^
  File "C:\Users\salva\AppData\Local\Programs\Python\Python313\Lib\site-packages\anyio\to_thread.py", line 63, in run_sync
    return await get_async_backend().run_sync_in_worker_thread(
           ^^^^^^^^^^^^^^^^^^^^^^^^^^^^^^^^^^^^^^^^^^^^^^^^^^^^
        func, args, abandon_on_cancel=abandon_on_cancel, limiter=limiter
        ^^^^^^^^^^^^^^^^^^^^^^^^^^^^^^^^^^^^^^^^^^^^^^^^^^^^^^^^^^^^^^^^
    )
    ^
  File "C:\Users\salva\AppData\Local\Programs\Python\Python313\Lib\site-packages\anyio\_backends\_asyncio.py", line 2502, in run_sync_in_worker_thread
    return await future
           ^^^^^^^^^^^^
  File "C:\Users\salva\AppData\Local\Programs\Python\Python313\Lib\site-packages\anyio\_backends\_asyncio.py", line 986, in run
    result = context.run(func, *args)
  File "e:\Salvo\Desktop\Progetti\Role Mining\Role_Mining\backend\main.py", line 1473, in extract
    if not g:
            ^
  File "e:\Salvo\Desktop\Progetti\Role Mining\Role_Mining\backend\main.py", line 985, in extract_from_ldap
    cfg = state.get("connector", {})
               ^^^^^^^^^^^^^^^^^^^^^
  File "C:\Users\salva\AppData\Local\Programs\Python\Python313\Lib\site-packages\ldap3\core\connection.py", line 363, in __init__
    self._do_auto_bind()
    ~~~~~~~~~~~~~~~~~~^^
  File "C:\Users\salva\AppData\Local\Programs\Python\Python313\Lib\site-packages\ldap3\core\connection.py", line 387, in _do_auto_bind
    self.open(read_server_info=False)
    ~~~~~~~~~^^^^^^^^^^^^^^^^^^^^^^^^
  File "C:\Users\salva\AppData\Local\Programs\Python\Python313\Lib\site-packages\ldap3\strategy\sync.py", line 57, in open
    BaseStrategy.open(self, reset_usage, read_server_info)
    ~~~~~~~~~~~~~~~~~^^^^^^^^^^^^^^^^^^^^^^^^^^^^^^^^^^^^^
  File "C:\Users\salva\AppData\Local\Programs\Python\Python313\Lib\site-packages\ldap3\strategy\base.py", line 146, in open
    raise exception_history[0][0]
ldap3.core.exceptions.LDAPSocketOpenError: socket connection error while opening: [WinError 10060] Impossibile stabilire la connessione. Risposta non corretta della parte connessa dopo l'intervallo di tempo oppure mancata risposta dall'host collegato
ERROR:    Exception in ASGI application
Traceback (most recent call last):
  File "C:\Users\salva\AppData\Local\Programs\Python\Python313\Lib\site-packages\uvicorn\protocols\http\httptools_impl.py", line 416, in run_asgi
    result = await app(  # type: ignore[func-returns-value]
             ^^^^^^^^^^^^^^^^^^^^^^^^^^^^^^^^^^^^^^^^^^^^^^
        self.scope, self.receive, self.send
        ^^^^^^^^^^^^^^^^^^^^^^^^^^^^^^^^^^^
    )
    ^
  File "C:\Users\salva\AppData\Local\Programs\Python\Python313\Lib\site-packages\uvicorn\middleware\proxy_headers.py", line 60, in __call__
    return await self.app(scope, receive, send)
           ^^^^^^^^^^^^^^^^^^^^^^^^^^^^^^^^^^^^
  File "C:\Users\salva\AppData\Local\Programs\Python\Python313\Lib\site-packages\fastapi\applications.py", line 1138, in __call__
    await super().__call__(scope, receive, send)
  File "C:\Users\salva\AppData\Local\Programs\Python\Python313\Lib\site-packages\starlette\applications.py", line 107, in __call__
    await self.middleware_stack(scope, receive, send)
  File "C:\Users\salva\AppData\Local\Programs\Python\Python313\Lib\site-packages\starlette\middleware\errors.py", line 186, in __call__
    raise exc
  File "C:\Users\salva\AppData\Local\Programs\Python\Python313\Lib\site-packages\starlette\middleware\errors.py", line 164, in __call__
    await self.app(scope, receive, _send)
  File "C:\Users\salva\AppData\Local\Programs\Python\Python313\Lib\site-packages\starlette\middleware\cors.py", line 95, in __call__
    await self.simple_response(scope, receive, send, request_headers=headers)
  File "C:\Users\salva\AppData\Local\Programs\Python\Python313\Lib\site-packages\starlette\middleware\cors.py", line 153, in simple_response
    await self.app(scope, receive, send)
  File "C:\Users\salva\AppData\Local\Programs\Python\Python313\Lib\site-packages\starlette\middleware\exceptions.py", line 63, in __call__
    await wrap_app_handling_exceptions(self.app, conn)(scope, receive, send)
  File "C:\Users\salva\AppData\Local\Programs\Python\Python313\Lib\site-packages\starlette\_exception_handler.py", line 53, in wrapped_app
    raise exc
  File "C:\Users\salva\AppData\Local\Programs\Python\Python313\Lib\site-packages\starlette\_exception_handler.py", line 42, in wrapped_app
    await app(scope, receive, sender)
  File "C:\Users\salva\AppData\Local\Programs\Python\Python313\Lib\site-packages\fastapi\middleware\asyncexitstack.py", line 18, in __call__
    await self.app(scope, receive, send)
  File "C:\Users\salva\AppData\Local\Programs\Python\Python313\Lib\site-packages\starlette\routing.py", line 716, in __call__
    await self.middleware_stack(scope, receive, send)
  File "C:\Users\salva\AppData\Local\Programs\Python\Python313\Lib\site-packages\starlette\routing.py", line 736, in app
    await route.handle(scope, receive, send)
  File "C:\Users\salva\AppData\Local\Programs\Python\Python313\Lib\site-packages\starlette\routing.py", line 290, in handle
    await self.app(scope, receive, send)
  File "C:\Users\salva\AppData\Local\Programs\Python\Python313\Lib\site-packages\fastapi\routing.py", line 124, in app
    await wrap_app_handling_exceptions(app, request)(scope, receive, send)
  File "C:\Users\salva\AppData\Local\Programs\Python\Python313\Lib\site-packages\starlette\_exception_handler.py", line 53, in wrapped_app
    raise exc
  File "C:\Users\salva\AppData\Local\Programs\Python\Python313\Lib\site-packages\starlette\_exception_handler.py", line 42, in wrapped_app
    await app(scope, receive, sender)
  File "C:\Users\salva\AppData\Local\Programs\Python\Python313\Lib\site-packages\fastapi\routing.py", line 110, in app
    response = await f(request)
               ^^^^^^^^^^^^^^^^
  File "C:\Users\salva\AppData\Local\Programs\Python\Python313\Lib\site-packages\fastapi\routing.py", line 432, in app
    raw_response = await run_endpoint_function(
                   ^^^^^^^^^^^^^^^^^^^^^^^^^^^^
    ...<3 lines>...
    )
    ^
  File "C:\Users\salva\AppData\Local\Programs\Python\Python313\Lib\site-packages\fastapi\routing.py", line 322, in run_endpoint_function
    return await run_in_threadpool(dependant.call, **values)
           ^^^^^^^^^^^^^^^^^^^^^^^^^^^^^^^^^^^^^^^^^^^^^^^^^
  File "C:\Users\salva\AppData\Local\Programs\Python\Python313\Lib\site-packages\starlette\concurrency.py", line 32, in run_in_threadpool
    return await anyio.to_thread.run_sync(func)
           ^^^^^^^^^^^^^^^^^^^^^^^^^^^^^^^^^^^^
  File "C:\Users\salva\AppData\Local\Programs\Python\Python313\Lib\site-packages\anyio\to_thread.py", line 63, in run_sync
    return await get_async_backend().run_sync_in_worker_thread(
           ^^^^^^^^^^^^^^^^^^^^^^^^^^^^^^^^^^^^^^^^^^^^^^^^^^^^
        func, args, abandon_on_cancel=abandon_on_cancel, limiter=limiter
        ^^^^^^^^^^^^^^^^^^^^^^^^^^^^^^^^^^^^^^^^^^^^^^^^^^^^^^^^^^^^^^^^
    )
    ^
  File "C:\Users\salva\AppData\Local\Programs\Python\Python313\Lib\site-packages\anyio\_backends\_asyncio.py", line 2502, in run_sync_in_worker_thread
    return await future
           ^^^^^^^^^^^^
  File "C:\Users\salva\AppData\Local\Programs\Python\Python313\Lib\site-packages\anyio\_backends\_asyncio.py", line 986, in run
    result = context.run(func, *args)
  File "e:\Salvo\Desktop\Progetti\Role Mining\Role_Mining\backend\main.py", line 1473, in extract
    if not g:
            ^
  File "e:\Salvo\Desktop\Progetti\Role Mining\Role_Mining\backend\main.py", line 985, in extract_from_ldap
    cfg = state.get("connector", {})
               ^^^^^^^^^^^^^^^^^^^^^
  File "C:\Users\salva\AppData\Local\Programs\Python\Python313\Lib\site-packages\ldap3\core\connection.py", line 363, in __init__
    self._do_auto_bind()
    ~~~~~~~~~~~~~~~~~~^^
  File "C:\Users\salva\AppData\Local\Programs\Python\Python313\Lib\site-packages\ldap3\core\connection.py", line 387, in _do_auto_bind
    self.open(read_server_info=False)
    ~~~~~~~~~^^^^^^^^^^^^^^^^^^^^^^^^
  File "C:\Users\salva\AppData\Local\Programs\Python\Python313\Lib\site-packages\ldap3\strategy\sync.py", line 57, in open
    BaseStrategy.open(self, reset_usage, read_server_info)
    ~~~~~~~~~~~~~~~~~^^^^^^^^^^^^^^^^^^^^^^^^^^^^^^^^^^^^^
  File "C:\Users\salva\AppData\Local\Programs\Python\Python313\Lib\site-packages\ldap3\strategy\base.py", line 146, in open
    raise exception_history[0][0]
ldap3.core.exceptions.LDAPSocketOpenError: socket connection error while opening: [WinError 10060] Impossibile stabilire la connessione. Risposta non corretta della parte connessa dopo l'intervallo di tempo oppure mancata risposta dall'host collegato
ERROR:    Exception in ASGI application
Traceback (most recent call last):
  File "C:\Users\salva\AppData\Local\Programs\Python\Python313\Lib\site-packages\uvicorn\protocols\http\httptools_impl.py", line 416, in run_asgi
    result = await app(  # type: ignore[func-returns-value]
             ^^^^^^^^^^^^^^^^^^^^^^^^^^^^^^^^^^^^^^^^^^^^^^
        self.scope, self.receive, self.send
        ^^^^^^^^^^^^^^^^^^^^^^^^^^^^^^^^^^^
    )
    ^
  File "C:\Users\salva\AppData\Local\Programs\Python\Python313\Lib\site-packages\uvicorn\middleware\proxy_headers.py", line 60, in __call__
    return await self.app(scope, receive, send)
           ^^^^^^^^^^^^^^^^^^^^^^^^^^^^^^^^^^^^
  File "C:\Users\salva\AppData\Local\Programs\Python\Python313\Lib\site-packages\fastapi\applications.py", line 1138, in __call__
    await super().__call__(scope, receive, send)
  File "C:\Users\salva\AppData\Local\Programs\Python\Python313\Lib\site-packages\starlette\applications.py", line 107, in __call__
    await self.middleware_stack(scope, receive, send)
  File "C:\Users\salva\AppData\Local\Programs\Python\Python313\Lib\site-packages\starlette\middleware\errors.py", line 186, in __call__
    raise exc
  File "C:\Users\salva\AppData\Local\Programs\Python\Python313\Lib\site-packages\starlette\middleware\errors.py", line 164, in __call__
    await self.app(scope, receive, _send)
  File "C:\Users\salva\AppData\Local\Programs\Python\Python313\Lib\site-packages\starlette\middleware\cors.py", line 95, in __call__
    await self.simple_response(scope, receive, send, request_headers=headers)
  File "C:\Users\salva\AppData\Local\Programs\Python\Python313\Lib\site-packages\starlette\middleware\cors.py", line 153, in simple_response
    await self.app(scope, receive, send)
  File "C:\Users\salva\AppData\Local\Programs\Python\Python313\Lib\site-packages\starlette\middleware\exceptions.py", line 63, in __call__
    await wrap_app_handling_exceptions(self.app, conn)(scope, receive, send)
  File "C:\Users\salva\AppData\Local\Programs\Python\Python313\Lib\site-packages\starlette\_exception_handler.py", line 53, in wrapped_app
    raise exc
  File "C:\Users\salva\AppData\Local\Programs\Python\Python313\Lib\site-packages\starlette\_exception_handler.py", line 42, in wrapped_app
    await app(scope, receive, sender)
  File "C:\Users\salva\AppData\Local\Programs\Python\Python313\Lib\site-packages\fastapi\middleware\asyncexitstack.py", line 18, in __call__
    await self.app(scope, receive, send)
  File "C:\Users\salva\AppData\Local\Programs\Python\Python313\Lib\site-packages\starlette\routing.py", line 716, in __call__
    await self.middleware_stack(scope, receive, send)
  File "C:\Users\salva\AppData\Local\Programs\Python\Python313\Lib\site-packages\starlette\routing.py", line 736, in app
    await route.handle(scope, receive, send)
  File "C:\Users\salva\AppData\Local\Programs\Python\Python313\Lib\site-packages\starlette\routing.py", line 290, in handle
    await self.app(scope, receive, send)
  File "C:\Users\salva\AppData\Local\Programs\Python\Python313\Lib\site-packages\fastapi\routing.py", line 124, in app
    await wrap_app_handling_exceptions(app, request)(scope, receive, send)
  File "C:\Users\salva\AppData\Local\Programs\Python\Python313\Lib\site-packages\starlette\_exception_handler.py", line 53, in wrapped_app
    raise exc
  File "C:\Users\salva\AppData\Local\Programs\Python\Python313\Lib\site-packages\starlette\_exception_handler.py", line 42, in wrapped_app
    await app(scope, receive, sender)
  File "C:\Users\salva\AppData\Local\Programs\Python\Python313\Lib\site-packages\fastapi\routing.py", line 110, in app
    response = await f(request)
               ^^^^^^^^^^^^^^^^
  File "C:\Users\salva\AppData\Local\Programs\Python\Python313\Lib\site-packages\fastapi\routing.py", line 432, in app
    raw_response = await run_endpoint_function(
                   ^^^^^^^^^^^^^^^^^^^^^^^^^^^^
    ...<3 lines>...
    )
    ^
  File "C:\Users\salva\AppData\Local\Programs\Python\Python313\Lib\site-packages\fastapi\routing.py", line 322, in run_endpoint_function
    return await run_in_threadpool(dependant.call, **values)
           ^^^^^^^^^^^^^^^^^^^^^^^^^^^^^^^^^^^^^^^^^^^^^^^^^
  File "C:\Users\salva\AppData\Local\Programs\Python\Python313\Lib\site-packages\starlette\concurrency.py", line 32, in run_in_threadpool
    return await anyio.to_thread.run_sync(func)
           ^^^^^^^^^^^^^^^^^^^^^^^^^^^^^^^^^^^^
  File "C:\Users\salva\AppData\Local\Programs\Python\Python313\Lib\site-packages\anyio\to_thread.py", line 63, in run_sync
    return await get_async_backend().run_sync_in_worker_thread(
           ^^^^^^^^^^^^^^^^^^^^^^^^^^^^^^^^^^^^^^^^^^^^^^^^^^^^
        func, args, abandon_on_cancel=abandon_on_cancel, limiter=limiter
        ^^^^^^^^^^^^^^^^^^^^^^^^^^^^^^^^^^^^^^^^^^^^^^^^^^^^^^^^^^^^^^^^
    )
    ^
  File "C:\Users\salva\AppData\Local\Programs\Python\Python313\Lib\site-packages\anyio\_backends\_asyncio.py", line 2502, in run_sync_in_worker_thread
    return await future
           ^^^^^^^^^^^^
  File "C:\Users\salva\AppData\Local\Programs\Python\Python313\Lib\site-packages\anyio\_backends\_asyncio.py", line 986, in run
    result = context.run(func, *args)
  File "e:\Salvo\Desktop\Progetti\Role Mining\Role_Mining\backend\main.py", line 1473, in extract
    if not g:
            ^
  File "e:\Salvo\Desktop\Progetti\Role Mining\Role_Mining\backend\main.py", line 985, in extract_from_ldap
    cfg = state.get("connector", {})
               ^^^^^^^^^^^^^^^^^^^^^
  File "C:\Users\salva\AppData\Local\Programs\Python\Python313\Lib\site-packages\ldap3\core\connection.py", line 363, in __init__
    self._do_auto_bind()
    ~~~~~~~~~~~~~~~~~~^^
  File "C:\Users\salva\AppData\Local\Programs\Python\Python313\Lib\site-packages\ldap3\core\connection.py", line 387, in _do_auto_bind
    self.open(read_server_info=False)
    ~~~~~~~~~^^^^^^^^^^^^^^^^^^^^^^^^
  File "C:\Users\salva\AppData\Local\Programs\Python\Python313\Lib\site-packages\ldap3\strategy\sync.py", line 57, in open
    BaseStrategy.open(self, reset_usage, read_server_info)
    ~~~~~~~~~~~~~~~~~^^^^^^^^^^^^^^^^^^^^^^^^^^^^^^^^^^^^^
  File "C:\Users\salva\AppData\Local\Programs\Python\Python313\Lib\site-packages\ldap3\strategy\base.py", line 146, in open
    raise exception_history[0][0]
ldap3.core.exceptions.LDAPSocketOpenError: socket connection error while opening: [WinError 10060] Impossibile stabilire la connessione. Risposta non corretta della parte connessa dopo l'intervallo di tempo oppure mancata risposta dall'host collegato
ERROR:    Exception in ASGI application
Traceback (most recent call last):
  File "C:\Users\salva\AppData\Local\Programs\Python\Python313\Lib\site-packages\uvicorn\protocols\http\httptools_impl.py", line 416, in run_asgi
    result = await app(  # type: ignore[func-returns-value]
             ^^^^^^^^^^^^^^^^^^^^^^^^^^^^^^^^^^^^^^^^^^^^^^
        self.scope, self.receive, self.send
        ^^^^^^^^^^^^^^^^^^^^^^^^^^^^^^^^^^^
    )
    ^
  File "C:\Users\salva\AppData\Local\Programs\Python\Python313\Lib\site-packages\uvicorn\middleware\proxy_headers.py", line 60, in __call__
    return await self.app(scope, receive, send)
           ^^^^^^^^^^^^^^^^^^^^^^^^^^^^^^^^^^^^
  File "C:\Users\salva\AppData\Local\Programs\Python\Python313\Lib\site-packages\fastapi\applications.py", line 1138, in __call__
    await super().__call__(scope, receive, send)
  File "C:\Users\salva\AppData\Local\Programs\Python\Python313\Lib\site-packages\starlette\applications.py", line 107, in __call__
    await self.middleware_stack(scope, receive, send)
  File "C:\Users\salva\AppData\Local\Programs\Python\Python313\Lib\site-packages\starlette\middleware\errors.py", line 186, in __call__
    raise exc
  File "C:\Users\salva\AppData\Local\Programs\Python\Python313\Lib\site-packages\starlette\middleware\errors.py", line 164, in __call__
    await self.app(scope, receive, _send)
  File "C:\Users\salva\AppData\Local\Programs\Python\Python313\Lib\site-packages\starlette\middleware\cors.py", line 95, in __call__
    await self.simple_response(scope, receive, send, request_headers=headers)
  File "C:\Users\salva\AppData\Local\Programs\Python\Python313\Lib\site-packages\starlette\middleware\cors.py", line 153, in simple_response
    await self.app(scope, receive, send)
  File "C:\Users\salva\AppData\Local\Programs\Python\Python313\Lib\site-packages\starlette\middleware\exceptions.py", line 63, in __call__
    await wrap_app_handling_exceptions(self.app, conn)(scope, receive, send)
  File "C:\Users\salva\AppData\Local\Programs\Python\Python313\Lib\site-packages\starlette\_exception_handler.py", line 53, in wrapped_app
    raise exc
  File "C:\Users\salva\AppData\Local\Programs\Python\Python313\Lib\site-packages\starlette\_exception_handler.py", line 42, in wrapped_app
    await app(scope, receive, sender)
  File "C:\Users\salva\AppData\Local\Programs\Python\Python313\Lib\site-packages\fastapi\middleware\asyncexitstack.py", line 18, in __call__
    await self.app(scope, receive, send)
  File "C:\Users\salva\AppData\Local\Programs\Python\Python313\Lib\site-packages\starlette\routing.py", line 716, in __call__
    await self.middleware_stack(scope, receive, send)
  File "C:\Users\salva\AppData\Local\Programs\Python\Python313\Lib\site-packages\starlette\routing.py", line 736, in app
    await route.handle(scope, receive, send)
  File "C:\Users\salva\AppData\Local\Programs\Python\Python313\Lib\site-packages\starlette\routing.py", line 290, in handle
    await self.app(scope, receive, send)
  File "C:\Users\salva\AppData\Local\Programs\Python\Python313\Lib\site-packages\fastapi\routing.py", line 124, in app
    await wrap_app_handling_exceptions(app, request)(scope, receive, send)
  File "C:\Users\salva\AppData\Local\Programs\Python\Python313\Lib\site-packages\starlette\_exception_handler.py", line 53, in wrapped_app
    raise exc
  File "C:\Users\salva\AppData\Local\Programs\Python\Python313\Lib\site-packages\starlette\_exception_handler.py", line 42, in wrapped_app
    await app(scope, receive, sender)
  File "C:\Users\salva\AppData\Local\Programs\Python\Python313\Lib\site-packages\fastapi\routing.py", line 110, in app
    response = await f(request)
               ^^^^^^^^^^^^^^^^
  File "C:\Users\salva\AppData\Local\Programs\Python\Python313\Lib\site-packages\fastapi\routing.py", line 432, in app
    raw_response = await run_endpoint_function(
                   ^^^^^^^^^^^^^^^^^^^^^^^^^^^^
    ...<3 lines>...
    )
    ^
  File "C:\Users\salva\AppData\Local\Programs\Python\Python313\Lib\site-packages\fastapi\routing.py", line 322, in run_endpoint_function
    return await run_in_threadpool(dependant.call, **values)
           ^^^^^^^^^^^^^^^^^^^^^^^^^^^^^^^^^^^^^^^^^^^^^^^^^
  File "C:\Users\salva\AppData\Local\Programs\Python\Python313\Lib\site-packages\starlette\concurrency.py", line 32, in run_in_threadpool
    return await anyio.to_thread.run_sync(func)
           ^^^^^^^^^^^^^^^^^^^^^^^^^^^^^^^^^^^^
  File "C:\Users\salva\AppData\Local\Programs\Python\Python313\Lib\site-packages\anyio\to_thread.py", line 63, in run_sync
    return await get_async_backend().run_sync_in_worker_thread(
           ^^^^^^^^^^^^^^^^^^^^^^^^^^^^^^^^^^^^^^^^^^^^^^^^^^^^
        func, args, abandon_on_cancel=abandon_on_cancel, limiter=limiter
        ^^^^^^^^^^^^^^^^^^^^^^^^^^^^^^^^^^^^^^^^^^^^^^^^^^^^^^^^^^^^^^^^
    )
    ^
  File "C:\Users\salva\AppData\Local\Programs\Python\Python313\Lib\site-packages\anyio\_backends\_asyncio.py", line 2502, in run_sync_in_worker_thread
    return await future
           ^^^^^^^^^^^^
  File "C:\Users\salva\AppData\Local\Programs\Python\Python313\Lib\site-packages\anyio\_backends\_asyncio.py", line 986, in run
    result = context.run(func, *args)
  File "e:\Salvo\Desktop\Progetti\Role Mining\Role_Mining\backend\main.py", line 1473, in extract
    if not g:
            ^
  File "e:\Salvo\Desktop\Progetti\Role Mining\Role_Mining\backend\main.py", line 985, in extract_from_ldap
    cfg = state.get("connector", {})
               ^^^^^^^^^^^^^^^^^^^^^
  File "C:\Users\salva\AppData\Local\Programs\Python\Python313\Lib\site-packages\ldap3\core\connection.py", line 363, in __init__
    self._do_auto_bind()
    ~~~~~~~~~~~~~~~~~~^^
  File "C:\Users\salva\AppData\Local\Programs\Python\Python313\Lib\site-packages\ldap3\core\connection.py", line 387, in _do_auto_bind
    self.open(read_server_info=False)
    ~~~~~~~~~^^^^^^^^^^^^^^^^^^^^^^^^
  File "C:\Users\salva\AppData\Local\Programs\Python\Python313\Lib\site-packages\ldap3\strategy\sync.py", line 57, in open
    BaseStrategy.open(self, reset_usage, read_server_info)
    ~~~~~~~~~~~~~~~~~^^^^^^^^^^^^^^^^^^^^^^^^^^^^^^^^^^^^^
  File "C:\Users\salva\AppData\Local\Programs\Python\Python313\Lib\site-packages\ldap3\strategy\base.py", line 146, in open
    raise exception_history[0][0]
ldap3.core.exceptions.LDAPSocketOpenError: socket connection error while opening: [WinError 10060] Impossibile stabilire la connessione. Risposta non corretta della parte connessa dopo l'intervallo di tempo oppure mancata risposta dall'host collegato
C:\Users\salva\AppData\Local\Programs\Python\Python313\Lib\site-packages\jwt\api_jwt.py:371: InsecureKeyLengthWarning: The HMAC key is 10 bytes long, which is below the minimum recommended length of 32 bytes for SHA256. See RFC 7518 Section 3.2.
  decoded = self.decode_complete(
C:\Users\salva\AppData\Local\Programs\Python\Python313\Lib\site-packages\jwt\api_jwt.py:371: InsecureKeyLengthWarning: The HMAC key is 10 bytes long, which is below the minimum recommended length of 32 bytes for SHA256. See RFC 7518 Section 3.2.
  decoded = self.decode_complete(
C:\Users\salva\AppData\Local\Programs\Python\Python313\Lib\site-packages\jwt\api_jwt.py:371: InsecureKeyLengthWarning: The HMAC key is 10 bytes long, which is below the minimum recommended length of 32 bytes for SHA256. See RFC 7518 Section 3.2.
  decoded = self.decode_complete(
C:\Users\salva\AppData\Local\Programs\Python\Python313\Lib\site-packages\jwt\api_jwt.py:371: InsecureKeyLengthWarning: The HMAC key is 10 bytes long, which is below the minimum recommended length of 32 bytes for SHA256. See RFC 7518 Section 3.2.
  decoded = self.decode_complete(
C:\Users\salva\AppData\Local\Programs\Python\Python313\Lib\site-packages\jwt\api_jwt.py:371: InsecureKeyLengthWarning: The HMAC key is 10 bytes long, which is below the minimum recommended length of 32 bytes for SHA256. See RFC 7518 Section 3.2.
  decoded = self.decode_complete(
C:\Users\salva\AppData\Local\Programs\Python\Python313\Lib\site-packages\jwt\api_jwt.py:371: InsecureKeyLengthWarning: The HMAC key is 10 bytes long, which is below the minimum recommended length of 32 bytes for SHA256. See RFC 7518 Section 3.2.
  decoded = self.decode_complete(
