DisplayName;Department;BusinessRole;Ruoli
User_0 Surname_0;IT;VP;Group_19,Group_14,Group_21
User_1 Surname_1;Finance;Director;Group_39,Group_43,Group_36,Group_27
User_2 Surname_2;Operations;Manager;Group_96,Group_23
User_3 Surname_3;HR;Manager;Group_9,Group_73,Group_78,Group_21,Group_16,Group_17,Group_100,Group_92,Group_26,Group_60
User_4 Surname_4;Finance;Analyst;Group_23,Group_37,Group_12,Group_94,Group_5
User_5 Surname_5;Marketing;Intern;Group_69,Group_59,Group_21,Group_92,Group_94,Group_54,Group_71
User_6 Surname_6;HR;Director;Group_55,Group_72,Group_83
User_7 Surname_7;Marketing;Director;Group_47,Group_12,Group_36,Group_88,Group_11
User_8 Surname_8;Operations;Analyst;Group_84,Group_92,Group_76,Group_19,Group_25,Group_38
User_9 Surname_9;Engineering;Manager;Group_70,Group_2,Group_42,Group_48,Group_30,Group_56,Group_29,Group_74,Group_53,Group_8
User_10 Surname_10;Sales;Manager;Group_57,Group_92,Group_61,Group_98,Group_71,Group_7,Group_2,Group_55,Group_86,Group_44
User_11 Surname_11;Engineering;Manager;Group_21,Group_56,Group_24,Group_25
User_12 Surname_12;Product;Intern;Group_81,Group_78,Group_35,Group_39,Group_25,Group_20,Group_54,Group_40
User_13 Surname_13;Operations;Analyst;Group_31,Group_100
User_14 Surname_14;Operations;VP;Group_13,Group_86,Group_38,Group_48,Group_69,Group_87,Group_15,Group_64
User_15 Surname_15;Engineering;Intern;Group_59,Group_85
User_16 Surname_16;Engineering;Manager;Group_45,Group_67,Group_22,Group_19
User_17 Surname_17;Finance;Associate;Group_43,Group_36,Group_100,Group_71,Group_34
User_18 Surname_18;Operations;Intern;Group_37,Group_99,Group_70,Group_57,Group_68,Group_22
User_19 Surname_19;Sales;Director;Group_24,Group_72,Group_71,Group_40,Group_34,Group_91,Group_77,Group_87,Group_89,Group_39
User_20 Surname_20;Engineering;VP;Group_31,Group_56,Group_99
User_21 Surname_21;Finance;Associate;Group_94,Group_68,Group_12,Group_4,Group_57
User_22 Surname_22;Marketing;Associate;Group_21,Group_15,Group_41,Group_38,Group_26,Group_27
User_23 Surname_23;Finance;Intern;Group_26,Group_48,Group_70,Group_37,Group_97,Group_30,Group_67
User_24 Surname_24;Marketing;Manager;Group_11,Group_90
User_25 Surname_25;HR;Director;Group_81,Group_11,Group_12,Group_48
User_26 Surname_26;IT;Associate;Group_47,Group_61,Group_75,Group_30,Group_3,Group_60,Group_25,Group_58,Group_29
User_27 Surname_27;IT;Director;Group_53,Group_70,Group_51,Group_28,Group_62,Group_77,Group_92,Group_93,Group_87
User_28 Surname_28;Legal;Analyst;Group_83,Group_62,Group_65,Group_84,Group_51,Group_3,Group_39,Group_85
User_29 Surname_29;Sales;Analyst;Group_80,Group_79,Group_68,Group_32,Group_6,Group_70,Group_11,Group_3,Group_45
User_30 Surname_30;Product;VP;Group_69,Group_86,Group_39,Group_21,Group_3,Group_75,Group_29,Group_27
User_31 Surname_31;HR;Intern;Group_56,Group_84
User_32 Surname_32;Support;Director;Group_99,Group_54,Group_63,Group_22
User_33 Surname_33;Marketing;Analyst;Group_74,Group_97,Group_25,Group_87,Group_100,Group_46,Group_95,Group_68,Group_83
User_34 Surname_34;Engineering;Intern;Group_86,Group_63,Group_30,Group_59,Group_21
User_35 Surname_35;Engineering;Analyst;Group_47,Group_40,Group_99,Group_76,Group_89,Group_16,Group_44,Group_82,Group_54,Group_22
User_36 Surname_36;Engineering;VP;Group_44,Group_31,Group_52,Group_23,Group_76,Group_78,Group_91
User_37 Surname_37;Legal;Intern;Group_25,Group_64,Group_2,Group_56,Group_4,Group_62,Group_67,Group_97,Group_57
User_38 Surname_38;Engineering;Manager;Group_87,Group_30,Group_5
User_39 Surname_39;Support;Analyst;Group_56,Group_45
User_40 Surname_40;Engineering;Associate;Group_84,Group_13,Group_3,Group_20
User_41 Surname_41;Marketing;Intern;Group_78,Group_31,Group_38,Group_72,Group_73,Group_18,Group_13
User_42 Surname_42;Legal;Analyst;Group_85,Group_61,Group_41
User_43 Surname_43;Marketing;Manager;Group_1,Group_88,Group_49,Group_69,Group_72,Group_89,Group_51,Group_75,Group_100,Group_15
User_44 Surname_44;Finance;Director;Group_32,Group_51,Group_48,Group_69,Group_25,Group_46,Group_23,Group_95
User_45 Surname_45;Product;Manager;Group_54,Group_23,Group_2,Group_56,Group_15,Group_95,Group_35,Group_37,Group_90,Group_65
User_46 Surname_46;Legal;Analyst;Group_73,Group_38,Group_41,Group_75,Group_52,Group_47
User_47 Surname_47;Engineering;Associate;Group_100,Group_49,Group_78,Group_87,Group_99,Group_83
User_48 Surname_48;IT;Analyst;Group_78,Group_32,Group_63,Group_17,Group_15,Group_44
User_49 Surname_49;IT;Associate;Group_38,Group_82,Group_80,Group_44,Group_20,Group_46,Group_71
User_50 Surname_50;Operations;Analyst;Group_55,Group_73,Group_3,Group_62,Group_58,Group_66,Group_9
User_51 Surname_51;Operations;Manager;Group_67,Group_97,Group_24,Group_31,Group_38,Group_15,Group_48
User_52 Surname_52;Engineering;VP;Group_52,Group_68,Group_69,Group_72,Group_7,Group_97,Group_45
User_53 Surname_53;Support;Manager;Group_17,Group_82,Group_83,Group_48,Group_90
User_54 Surname_54;Finance;Intern;Group_47,Group_46,Group_79
User_55 Surname_55;HR;Associate;Group_49,Group_7,Group_26,Group_23
User_56 Surname_56;Product;Intern;Group_81,Group_90,Group_15,Group_49
User_57 Surname_57;Operations;VP;Group_73,Group_14,Group_84,Group_89,Group_4,Group_25,Group_15
User_58 Surname_58;Legal;Manager;Group_81,Group_74,Group_12,Group_43,Group_51,Group_30,Group_65
User_59 Surname_59;Legal;Director;Group_70,Group_48,Group_66,Group_3,Group_95,Group_2,Group_73,Group_36,Group_65,Group_34
User_60 Surname_60;Finance;VP;Group_50,Group_1,Group_36,Group_4,Group_80
User_61 Surname_61;Finance;VP;Group_77,Group_61,Group_44,Group_45,Group_88,Group_17,Group_21
User_62 Surname_62;Legal;Analyst;Group_37,Group_59,Group_4,Group_48,Group_46
User_63 Surname_63;Support;VP;Group_40,Group_4,Group_33,Group_28,Group_97,Group_94,Group_81,Group_37
User_64 Surname_64;Finance;Manager;Group_71,Group_24,Group_56,Group_47,Group_1,Group_88
User_65 Surname_65;Product;VP;Group_49,Group_91,Group_80,Group_78,Group_36
User_66 Surname_66;Finance;VP;Group_69,Group_37,Group_5
User_67 Surname_67;Operations;Intern;Group_49,Group_29,Group_100,Group_68
User_68 Surname_68;Support;VP;Group_97,Group_79,Group_88,Group_46
User_69 Surname_69;Engineering;VP;Group_46,Group_14,Group_25,Group_51,Group_7,Group_63,Group_6,Group_21,Group_54,Group_49
User_70 Surname_70;Engineering;Director;Group_55,Group_37,Group_66,Group_13,Group_9,Group_20,Group_27,Group_88
User_71 Surname_71;Support;Associate;Group_95,Group_70,Group_90,Group_26,Group_24,Group_57,Group_11,Group_28
User_72 Surname_72;Marketing;VP;Group_26,Group_14,Group_41
User_73 Surname_73;Legal;Director;Group_36,Group_56
User_74 Surname_74;Legal;Associate;Group_11,Group_92,Group_81,Group_59,Group_53
User_75 Surname_75;Operations;Analyst;Group_92,Group_98
User_76 Surname_76;Operations;Director;Group_63,Group_39,Group_30,Group_90,Group_42,Group_77,Group_50,Group_82
User_77 Surname_77;IT;Intern;Group_53,Group_89,Group_29
User_78 Surname_78;Support;Manager;Group_4,Group_42,Group_23
User_79 Surname_79;Operations;Intern;Group_44,Group_8,Group_26,Group_51,Group_42,Group_61,Group_29
User_80 Surname_80;Support;Manager;Group_1,Group_79,Group_27,Group_72
User_81 Surname_81;Marketing;VP;Group_17,Group_42
User_82 Surname_82;Engineering;Intern;Group_62,Group_43,Group_77,Group_9,Group_34
User_83 Surname_83;Engineering;VP;Group_20,Group_42,Group_65,Group_10
User_84 Surname_84;Legal;Associate;Group_84,Group_28,Group_7,Group_46,Group_38,Group_30,Group_3,Group_13,Group_10
User_85 Surname_85;Finance;Director;Group_89,Group_52,Group_6,Group_2,Group_90,Group_53
User_86 Surname_86;Legal;Intern;Group_95,Group_58,Group_100,Group_54,Group_89,Group_78
User_87 Surname_87;HR;Associate;Group_10,Group_78,Group_38,Group_27,Group_34,Group_16,Group_20,Group_32
User_88 Surname_88;Support;Analyst;Group_74,Group_28
User_89 Surname_89;Legal;Manager;Group_100,Group_3,Group_55,Group_54,Group_76,Group_14,Group_94
User_90 Surname_90;Engineering;Director;Group_58,Group_15,Group_98,Group_82,Group_24,Group_46,Group_37,Group_85,Group_42
User_91 Surname_91;Sales;Intern;Group_51,Group_97,Group_95,Group_88,Group_10,Group_62,Group_48
User_92 Surname_92;Legal;VP;Group_87,Group_99,Group_40
User_93 Surname_93;Marketing;Analyst;Group_87,Group_44,Group_69,Group_18,Group_61,Group_47,Group_91,Group_30,Group_56,Group_16
User_94 Surname_94;Finance;Intern;Group_65,Group_60,Group_71,Group_67,Group_12
User_95 Surname_95;Sales;Manager;Group_41,Group_54,Group_29,Group_87,Group_32
User_96 Surname_96;Marketing;Director;Group_8,Group_100
User_97 Surname_97;IT;VP;Group_14,Group_1
User_98 Surname_98;Engineering;Associate;Group_21,Group_16,Group_64,Group_48,Group_30,Group_31,Group_55
User_99 Surname_99;Legal;Director;Group_59,Group_39,Group_58,Group_70,Group_54,Group_20,Group_72
User_100 Surname_100;Product;Analyst;Group_12,Group_21,Group_84,Group_64
User_101 Surname_101;Sales;VP;Group_48,Group_81,Group_41,Group_5
User_102 Surname_102;Support;Manager;Group_56,Group_80,Group_54,Group_28,Group_49,Group_25,Group_17,Group_66
User_103 Surname_103;Product;Director;Group_35,Group_61,Group_48,Group_70
User_104 Surname_104;Finance;Manager;Group_5,Group_43,Group_4,Group_45,Group_68,Group_93,Group_61
User_105 Surname_105;Product;Intern;Group_22,Group_24,Group_39
User_106 Surname_106;Support;Intern;Group_7,Group_26,Group_95,Group_67,Group_94,Group_75,Group_66
User_107 Surname_107;Legal;Analyst;Group_100,Group_27,Group_65,Group_29,Group_77,Group_16,Group_14
User_108 Surname_108;Operations;Intern;Group_21,Group_91,Group_76,Group_86,Group_27,Group_96,Group_81,Group_82,Group_75
User_109 Surname_109;Product;Director;Group_78,Group_90,Group_42,Group_49,Group_25,Group_35,Group_53
User_110 Surname_110;Finance;VP;Group_30,Group_79,Group_71,Group_53,Group_89,Group_81,Group_50,Group_33,Group_67,Group_25
User_111 Surname_111;Product;Manager;Group_56,Group_93,Group_20
User_112 Surname_112;Finance;VP;Group_15,Group_61,Group_85,Group_17,Group_78,Group_28,Group_3,Group_9,Group_24,Group_20
User_113 Surname_113;Support;Associate;Group_42,Group_32,Group_5,Group_83,Group_80,Group_84,Group_68,Group_49
User_114 Surname_114;Sales;Analyst;Group_81,Group_6,Group_17,Group_45
User_115 Surname_115;Marketing;Intern;Group_75,Group_46,Group_88,Group_66,Group_74,Group_11,Group_95,Group_65,Group_71,Group_52
User_116 Surname_116;Marketing;Associate;Group_99,Group_89,Group_100,Group_58,Group_47
User_117 Surname_117;Finance;Analyst;Group_94,Group_69,Group_66,Group_76,Group_45,Group_98,Group_86,Group_62,Group_17,Group_38
User_118 Surname_118;Engineering;Analyst;Group_6,Group_53,Group_76,Group_46,Group_83,Group_44
User_119 Surname_119;Product;VP;Group_85,Group_10,Group_44,Group_30,Group_8,Group_48,Group_86,Group_31,Group_40,Group_89
User_120 Surname_120;HR;Manager;Group_40,Group_27,Group_39,Group_63,Group_38
User_121 Surname_121;Marketing;Director;Group_4,Group_98,Group_47,Group_9,Group_58,Group_28,Group_8,Group_97
User_122 Surname_122;IT;Manager;Group_6,Group_27,Group_100,Group_37,Group_57
User_123 Surname_123;Product;Intern;Group_47,Group_55,Group_44,Group_74,Group_77,Group_95,Group_94,Group_27,Group_92,Group_61
User_124 Surname_124;HR;Associate;Group_4,Group_52,Group_38
User_125 Surname_125;HR;Analyst;Group_27,Group_68,Group_6,Group_55,Group_88,Group_46,Group_56
User_126 Surname_126;Operations;Director;Group_55,Group_26,Group_14
User_127 Surname_127;Finance;Associate;Group_87,Group_2,Group_68,Group_89
User_128 Surname_128;Product;Manager;Group_28,Group_74,Group_68,Group_26
User_129 Surname_129;Support;Manager;Group_1,Group_91,Group_98,Group_5,Group_45
User_130 Surname_130;Operations;Analyst;Group_95,Group_35,Group_98,Group_58,Group_92
User_131 Surname_131;HR;Associate;Group_82,Group_92,Group_97,Group_25,Group_49,Group_3
User_132 Surname_132;HR;VP;Group_46,Group_45,Group_32,Group_33,Group_51,Group_17,Group_21,Group_16,Group_86
User_133 Surname_133;Support;VP;Group_92,Group_9,Group_25,Group_32,Group_44,Group_42,Group_85
User_134 Surname_134;Legal;VP;Group_33,Group_57,Group_83,Group_32,Group_19,Group_64,Group_70,Group_12,Group_89,Group_84
User_135 Surname_135;HR;Manager;Group_33,Group_17
User_136 Surname_136;Sales;Associate;Group_48,Group_1,Group_52,Group_6,Group_80,Group_77,Group_40
User_137 Surname_137;Engineering;Associate;Group_3,Group_55,Group_7,Group_4,Group_85
User_138 Surname_138;Marketing;Manager;Group_5,Group_50
User_139 Surname_139;Engineering;Associate;Group_74,Group_67
User_140 Surname_140;IT;Associate;Group_14,Group_24,Group_94,Group_32,Group_67,Group_96,Group_52,Group_6,Group_25,Group_28
User_141 Surname_141;IT;Intern;Group_82,Group_74,Group_4,Group_2,Group_27,Group_88,Group_25
User_142 Surname_142;Marketing;Analyst;Group_37,Group_79,Group_75
User_143 Surname_143;Engineering;VP;Group_71,Group_43,Group_79,Group_30
User_144 Surname_144;IT;Associate;Group_50,Group_42,Group_65
User_145 Surname_145;Legal;Manager;Group_80,Group_39,Group_86,Group_72,Group_10,Group_82,Group_100,Group_27
User_146 Surname_146;Engineering;VP;Group_91,Group_18,Group_42,Group_92,Group_48
User_147 Surname_147;Finance;Director;Group_99,Group_34,Group_37,Group_15,Group_48,Group_71,Group_75,Group_94,Group_72
User_148 Surname_148;Support;Analyst;Group_12,Group_36,Group_16,Group_2,Group_27,Group_38,Group_58
User_149 Surname_149;IT;Intern;Group_15,Group_49,Group_93,Group_90,Group_82,Group_33
User_150 Surname_150;Support;Analyst;Group_77,Group_8,Group_36
User_151 Surname_151;IT;VP;Group_42,Group_25,Group_77,Group_24,Group_22,Group_85,Group_92
User_152 Surname_152;IT;Intern;Group_4,Group_28,Group_23,Group_63,Group_12,Group_81,Group_15,Group_13,Group_67
User_153 Surname_153;Sales;Manager;Group_62,Group_17
User_154 Surname_154;Sales;VP;Group_10,Group_24,Group_64,Group_80,Group_21,Group_8,Group_1,Group_83
User_155 Surname_155;HR;Intern;Group_75,Group_81
User_156 Surname_156;Finance;Manager;Group_47,Group_45,Group_67,Group_32,Group_2,Group_30,Group_40,Group_78,Group_35,Group_72
User_157 Surname_157;HR;Manager;Group_40,Group_55,Group_28,Group_71,Group_78
User_158 Surname_158;Legal;Associate;Group_39,Group_75,Group_2,Group_78,Group_91,Group_12,Group_13,Group_90
User_159 Surname_159;Support;VP;Group_34,Group_65,Group_59,Group_14,Group_3,Group_28,Group_31,Group_41,Group_87,Group_37
User_160 Surname_160;Finance;Manager;Group_55,Group_93
User_161 Surname_161;IT;Director;Group_49,Group_62,Group_8,Group_56,Group_33
User_162 Surname_162;Operations;Analyst;Group_41,Group_98,Group_13,Group_9,Group_24,Group_45
User_163 Surname_163;Sales;Analyst;Group_49,Group_85,Group_38,Group_23,Group_95,Group_11,Group_73
User_164 Surname_164;Engineering;Manager;Group_39,Group_79,Group_99,Group_14,Group_93,Group_16
User_165 Surname_165;Support;Manager;Group_87,Group_64,Group_24,Group_33,Group_37,Group_18,Group_77
User_166 Surname_166;IT;Manager;Group_99,Group_80
User_167 Surname_167;Operations;Analyst;Group_1,Group_46,Group_42,Group_100,Group_61,Group_85,Group_77
User_168 Surname_168;Engineering;VP;Group_43,Group_77,Group_76,Group_90
User_169 Surname_169;Support;Intern;Group_29,Group_19,Group_1,Group_52
User_170 Surname_170;HR;Director;Group_9,Group_91,Group_86,Group_14,Group_11,Group_33,Group_72,Group_44
User_171 Surname_171;Operations;Director;Group_79,Group_8
User_172 Surname_172;Engineering;Intern;Group_25,Group_27,Group_75,Group_31,Group_62,Group_73
User_173 Surname_173;Finance;Director;Group_34,Group_20,Group_93,Group_63,Group_55,Group_71,Group_78
User_174 Surname_174;HR;Intern;Group_12,Group_1,Group_6,Group_57,Group_73
User_175 Surname_175;IT;Associate;Group_35,Group_85,Group_20,Group_32,Group_41,Group_11,Group_6,Group_3
User_176 Surname_176;Product;Associate;Group_65,Group_80,Group_52,Group_43,Group_7,Group_5,Group_84,Group_88,Group_25
User_177 Surname_177;Product;Associate;Group_42,Group_40,Group_73,Group_44,Group_22,Group_9,Group_69,Group_86,Group_81
User_178 Surname_178;Sales;Analyst;Group_62,Group_44,Group_6,Group_7,Group_68,Group_22
User_179 Surname_179;Product;Intern;Group_86,Group_1,Group_32
User_180 Surname_180;Support;Intern;Group_37,Group_18,Group_10,Group_62,Group_80,Group_52,Group_20,Group_98,Group_46
User_181 Surname_181;IT;Manager;Group_59,Group_14
User_182 Surname_182;Operations;Analyst;Group_10,Group_21,Group_89,Group_73,Group_62,Group_95,Group_65
User_183 Surname_183;Support;Director;Group_61,Group_88,Group_24,Group_19,Group_27,Group_31
User_184 Surname_184;Marketing;Associate;Group_49,Group_63,Group_39,Group_68,Group_14,Group_95,Group_37,Group_47,Group_54
User_185 Surname_185;HR;Analyst;Group_66,Group_85,Group_52,Group_50,Group_2,Group_83,Group_69
User_186 Surname_186;Sales;Intern;Group_28,Group_83,Group_32
User_187 Surname_187;Finance;VP;Group_100,Group_68,Group_7,Group_15,Group_86,Group_96,Group_91,Group_53
User_188 Surname_188;Sales;Manager;Group_15,Group_18,Group_48,Group_11,Group_55,Group_68,Group_33,Group_40
User_189 Surname_189;Finance;Analyst;Group_48,Group_50,Group_41
User_190 Surname_190;HR;Intern;Group_44,Group_78,Group_89,Group_6,Group_67,Group_30,Group_97
User_191 Surname_191;IT;Director;Group_97,Group_53,Group_19,Group_79
User_192 Surname_192;Operations;Associate;Group_94,Group_71
User_193 Surname_193;Operations;VP;Group_34,Group_68,Group_92,Group_67,Group_47,Group_44,Group_76,Group_81,Group_42
User_194 Surname_194;HR;Analyst;Group_31,Group_13
User_195 Surname_195;Finance;Director;Group_28,Group_36
User_196 Surname_196;Product;Intern;Group_47,Group_67,Group_28,Group_98,Group_46,Group_59
User_197 Surname_197;Marketing;VP;Group_78,Group_16,Group_22,Group_69,Group_31,Group_68
User_198 Surname_198;Finance;Director;Group_19,Group_43,Group_26
User_199 Surname_199;Support;VP;Group_76,Group_57,Group_86,Group_71,Group_68,Group_55,Group_74,Group_100,Group_83,Group_60
User_200 Surname_200;Engineering;Analyst;Group_57,Group_17,Group_67,Group_14,Group_95
User_201 Surname_201;Legal;Analyst;Group_71,Group_83,Group_6,Group_44,Group_100,Group_97,Group_79,Group_42,Group_9,Group_82
User_202 Surname_202;Support;VP;Group_64,Group_3,Group_50,Group_80
User_203 Surname_203;Product;Associate;Group_32,Group_88,Group_78,Group_94,Group_37,Group_30,Group_25
User_204 Surname_204;Product;VP;Group_23,Group_95,Group_93,Group_27,Group_71,Group_100,Group_2,Group_52
User_205 Surname_205;Legal;Intern;Group_90,Group_43,Group_66,Group_26,Group_71
User_206 Surname_206;Sales;Manager;Group_93,Group_23,Group_30,Group_97,Group_21,Group_83,Group_45,Group_9
User_207 Surname_207;Finance;VP;Group_63,Group_47
User_208 Surname_208;Engineering;Director;Group_37,Group_46,Group_23,Group_8,Group_2
User_209 Surname_209;Support;Associate;Group_70,Group_20,Group_9,Group_53,Group_76,Group_47
User_210 Surname_210;Support;Director;Group_87,Group_90,Group_77,Group_66,Group_39,Group_9,Group_97,Group_55,Group_80
User_211 Surname_211;Engineering;Director;Group_22,Group_18,Group_72,Group_16
User_212 Surname_212;Finance;Intern;Group_42,Group_43,Group_30,Group_49,Group_62,Group_58,Group_98
User_213 Surname_213;Sales;VP;Group_21,Group_57,Group_61,Group_69,Group_2,Group_22,Group_3,Group_30,Group_65
User_214 Surname_214;Engineering;Director;Group_39,Group_12,Group_30,Group_35,Group_28,Group_87
User_215 Surname_215;Engineering;VP;Group_2,Group_82,Group_57,Group_27,Group_69,Group_41,Group_100,Group_95,Group_93
User_216 Surname_216;Sales;Manager;Group_43,Group_52,Group_95,Group_78,Group_86,Group_8,Group_85,Group_23,Group_93,Group_51
User_217 Surname_217;Support;Associate;Group_65,Group_61,Group_10,Group_63,Group_81,Group_72,Group_21,Group_48,Group_76,Group_62
User_218 Surname_218;Operations;VP;Group_68,Group_81,Group_88,Group_90,Group_59,Group_15,Group_36,Group_92,Group_14
User_219 Surname_219;HR;Analyst;Group_100,Group_61
User_220 Surname_220;Support;Analyst;Group_24,Group_21,Group_27,Group_16,Group_48,Group_38,Group_12,Group_40,Group_17,Group_7
User_221 Surname_221;HR;Director;Group_86,Group_28,Group_84,Group_16,Group_14,Group_5,Group_69
User_222 Surname_222;Operations;Associate;Group_79,Group_82
User_223 Surname_223;IT;Associate;Group_79,Group_53,Group_94
User_224 Surname_224;Operations;Director;Group_56,Group_61,Group_53,Group_29,Group_86,Group_41,Group_74,Group_7,Group_79
User_225 Surname_225;Marketing;Director;Group_10,Group_32,Group_17,Group_25,Group_64,Group_28,Group_45,Group_40,Group_6,Group_18
User_226 Surname_226;Operations;Intern;Group_12,Group_98,Group_97,Group_33
User_227 Surname_227;Support;Associate;Group_2,Group_50,Group_69,Group_21,Group_74,Group_56,Group_82,Group_41,Group_8
User_228 Surname_228;Product;VP;Group_50,Group_22,Group_89,Group_12,Group_98
User_229 Surname_229;Marketing;Intern;Group_77,Group_61,Group_26,Group_98
User_230 Surname_230;Operations;VP;Group_2,Group_46,Group_24,Group_31,Group_76,Group_71
User_231 Surname_231;Engineering;Manager;Group_7,Group_54,Group_95
User_232 Surname_232;Marketing;Intern;Group_13,Group_8
User_233 Surname_233;HR;Intern;Group_40,Group_72,Group_57,Group_92,Group_46,Group_28,Group_38,Group_83,Group_5,Group_54
User_234 Surname_234;Sales;Director;Group_6,Group_65,Group_21,Group_37,Group_66,Group_59,Group_16
User_235 Surname_235;Product;Associate;Group_33,Group_39,Group_42,Group_30,Group_37,Group_36,Group_61,Group_67
User_236 Surname_236;HR;VP;Group_27,Group_96,Group_40,Group_77,Group_84,Group_69,Group_35,Group_43
User_237 Surname_237;HR;Associate;Group_87,Group_74,Group_48
User_238 Surname_238;Marketing;Associate;Group_30,Group_37,Group_84,Group_19,Group_60,Group_20,Group_6,Group_40,Group_42
User_239 Surname_239;Legal;VP;Group_22,Group_69,Group_92,Group_34,Group_75,Group_78,Group_54
User_240 Surname_240;HR;Manager;Group_75,Group_13,Group_84,Group_11,Group_87
User_241 Surname_241;HR;Associate;Group_69,Group_90,Group_22,Group_39,Group_48,Group_45,Group_59
User_242 Surname_242;Operations;Analyst;Group_16,Group_20,Group_25,Group_28,Group_32
User_243 Surname_243;Operations;VP;Group_29,Group_67,Group_75,Group_74,Group_24,Group_66
User_244 Surname_244;Operations;Intern;Group_6,Group_80,Group_89,Group_19,Group_7,Group_93,Group_51
User_245 Surname_245;Sales;Associate;Group_17,Group_62,Group_25
User_246 Surname_246;Marketing;VP;Group_60,Group_81
User_247 Surname_247;Product;Director;Group_5,Group_67,Group_84,Group_32,Group_41,Group_33,Group_95,Group_43,Group_11
User_248 Surname_248;Finance;Associate;Group_95,Group_93,Group_81,Group_71,Group_54,Group_2,Group_42,Group_32,Group_53
User_249 Surname_249;Product;Director;Group_68,Group_46,Group_76,Group_13,Group_78,Group_26,Group_7,Group_92,Group_67
User_250 Surname_250;Legal;Associate;Group_13,Group_34,Group_50,Group_54,Group_49
User_251 Surname_251;Legal;Analyst;Group_92,Group_61,Group_82,Group_74,Group_7,Group_90,Group_72
User_252 Surname_252;Support;Manager;Group_36,Group_69,Group_8
User_253 Surname_253;HR;Manager;Group_25,Group_2,Group_47,Group_22,Group_33
User_254 Surname_254;Finance;VP;Group_58,Group_12
User_255 Surname_255;IT;Manager;Group_6,Group_13,Group_75
User_256 Surname_256;Operations;Director;Group_79,Group_44,Group_8,Group_69,Group_3,Group_98,Group_47,Group_100,Group_75
User_257 Surname_257;Finance;Director;Group_78,Group_15,Group_25,Group_86,Group_90,Group_55,Group_57,Group_83,Group_5,Group_69
User_258 Surname_258;IT;Analyst;Group_27,Group_75,Group_11,Group_26,Group_74
User_259 Surname_259;Legal;VP;Group_17,Group_19,Group_13,Group_85,Group_40,Group_61,Group_21
User_260 Surname_260;Finance;Associate;Group_84,Group_7,Group_17,Group_3,Group_57,Group_5,Group_73,Group_39,Group_34,Group_51
User_261 Surname_261;Product;Manager;Group_39,Group_61,Group_25,Group_88
User_262 Surname_262;Operations;Manager;Group_58,Group_75,Group_91,Group_4,Group_35,Group_8,Group_97,Group_11
User_263 Surname_263;IT;Manager;Group_56,Group_26,Group_81,Group_59,Group_86,Group_92,Group_43,Group_13,Group_7
User_264 Surname_264;HR;Intern;Group_4,Group_95
User_265 Surname_265;Engineering;VP;Group_48,Group_11,Group_91,Group_58,Group_93,Group_12
User_266 Surname_266;IT;Manager;Group_52,Group_81,Group_57,Group_85,Group_100
User_267 Surname_267;Operations;VP;Group_12,Group_34,Group_72,Group_17
User_268 Surname_268;HR;Intern;Group_2,Group_80,Group_58,Group_69,Group_95,Group_74,Group_28
User_269 Surname_269;Finance;Intern;Group_86,Group_68,Group_27
User_270 Surname_270;HR;Associate;Group_55,Group_21
User_271 Surname_271;Marketing;Manager;Group_41,Group_34,Group_20,Group_94,Group_2,Group_57,Group_95,Group_1,Group_66
User_272 Surname_272;Legal;Analyst;Group_10,Group_26,Group_18,Group_78,Group_9,Group_63,Group_93,Group_61
User_273 Surname_273;Operations;Intern;Group_19,Group_51,Group_74,Group_41,Group_13,Group_12,Group_8,Group_91
User_274 Surname_274;HR;Manager;Group_30,Group_84
User_275 Surname_275;Marketing;VP;Group_97,Group_88,Group_11,Group_34,Group_18,Group_59,Group_13,Group_82,Group_50,Group_100
User_276 Surname_276;Operations;Associate;Group_94,Group_1,Group_14,Group_55,Group_51
User_277 Surname_277;Product;Associate;Group_88,Group_78,Group_3,Group_91,Group_85,Group_38,Group_96
User_278 Surname_278;Marketing;Intern;Group_32,Group_79,Group_28,Group_5,Group_24,Group_60,Group_41,Group_47,Group_65,Group_93
User_279 Surname_279;Support;Associate;Group_51,Group_80,Group_76,Group_45,Group_58,Group_87,Group_14
User_280 Surname_280;Marketing;Analyst;Group_100,Group_80,Group_21,Group_83
User_281 Surname_281;Operations;Director;Group_38,Group_90,Group_19,Group_28,Group_76,Group_45,Group_30,Group_37
User_282 Surname_282;Engineering;Director;Group_97,Group_64,Group_62
User_283 Surname_283;Marketing;Manager;Group_65,Group_97,Group_2
User_284 Surname_284;Engineering;Director;Group_9,Group_14,Group_10,Group_97
User_285 Surname_285;Product;Manager;Group_49,Group_83,Group_50,Group_62,Group_32,Group_45,Group_77,Group_92,Group_56,Group_60
User_286 Surname_286;Engineering;Analyst;Group_45,Group_17,Group_8,Group_19,Group_93
User_287 Surname_287;Sales;Director;Group_42,Group_1,Group_50,Group_53,Group_6,Group_47,Group_90,Group_77
User_288 Surname_288;HR;VP;Group_61,Group_35,Group_19
User_289 Surname_289;Engineering;Manager;Group_97,Group_25,Group_16,Group_94,Group_71,Group_99,Group_20,Group_74,Group_85,Group_32
User_290 Surname_290;IT;Intern;Group_66,Group_5,Group_90,Group_71,Group_83,Group_78
User_291 Surname_291;HR;Analyst;Group_2,Group_5,Group_18,Group_57
User_292 Surname_292;Finance;Associate;Group_19,Group_4,Group_1
User_293 Surname_293;Marketing;Director;Group_85,Group_30,Group_70,Group_86,Group_46,Group_26,Group_80,Group_89,Group_28
User_294 Surname_294;Support;Manager;Group_80,Group_20,Group_55,Group_74
User_295 Surname_295;Engineering;VP;Group_68,Group_81,Group_48,Group_35,Group_61,Group_17
User_296 Surname_296;Sales;Manager;Group_93,Group_55,Group_62,Group_98,Group_30,Group_13,Group_97,Group_34,Group_22
User_297 Surname_297;Product;Manager;Group_17,Group_30
User_298 Surname_298;Operations;VP;Group_100,Group_20,Group_52,Group_56,Group_81,Group_24,Group_53
User_299 Surname_299;HR;Associate;Group_53,Group_26
User_300 Surname_300;Marketing;Intern;Group_6,Group_37
User_301 Surname_301;Operations;VP;Group_92,Group_85,Group_10,Group_11,Group_37
User_302 Surname_302;Engineering;Director;Group_41,Group_95,Group_84,Group_75,Group_36,Group_90,Group_69,Group_81,Group_38,Group_70
User_303 Surname_303;Product;Director;Group_61,Group_49,Group_63,Group_77,Group_23,Group_43,Group_88,Group_100,Group_40,Group_84
User_304 Surname_304;Marketing;Manager;Group_15,Group_6,Group_77,Group_40,Group_13,Group_71,Group_25,Group_80,Group_39
User_305 Surname_305;IT;Associate;Group_31,Group_22
User_306 Surname_306;Operations;Manager;Group_14,Group_85
User_307 Surname_307;Legal;Manager;Group_53,Group_93,Group_21,Group_24,Group_88,Group_52,Group_90,Group_1
User_308 Surname_308;Operations;Intern;Group_70,Group_16,Group_52,Group_63,Group_31,Group_89,Group_65,Group_75,Group_66
User_309 Surname_309;HR;Director;Group_96,Group_82,Group_19
User_310 Surname_310;Engineering;VP;Group_40,Group_83,Group_65,Group_10,Group_79,Group_78,Group_57,Group_29
User_311 Surname_311;Finance;Manager;Group_22,Group_53,Group_54,Group_23,Group_57,Group_13,Group_92
User_312 Surname_312;Operations;Analyst;Group_35,Group_20
User_313 Surname_313;Engineering;Associate;Group_59,Group_19,Group_8
User_314 Surname_314;Engineering;Director;Group_65,Group_54,Group_73,Group_28,Group_45,Group_99,Group_39,Group_77
User_315 Surname_315;Operations;Manager;Group_46,Group_27,Group_4,Group_14,Group_86,Group_22
User_316 Surname_316;Marketing;Intern;Group_6,Group_21,Group_20,Group_78
User_317 Surname_317;Marketing;Analyst;Group_39,Group_96,Group_66,Group_95,Group_58,Group_64,Group_51
User_318 Surname_318;Marketing;Associate;Group_70,Group_34,Group_85,Group_14,Group_41,Group_24,Group_92,Group_13,Group_93,Group_87
User_319 Surname_319;Operations;Analyst;Group_47,Group_38,Group_11,Group_18,Group_68,Group_49,Group_84,Group_29
User_320 Surname_320;Support;Manager;Group_80,Group_65
User_321 Surname_321;Engineering;Intern;Group_36,Group_43
User_322 Surname_322;Legal;Associate;Group_95,Group_96,Group_9,Group_82,Group_59,Group_12,Group_39
User_323 Surname_323;Sales;Associate;Group_95,Group_74,Group_13
User_324 Surname_324;HR;Associate;Group_84,Group_68,Group_87
User_325 Surname_325;HR;Intern;Group_56,Group_100,Group_50,Group_32,Group_77,Group_42
User_326 Surname_326;Engineering;Intern;Group_21,Group_81,Group_84,Group_22,Group_1,Group_77,Group_48,Group_60,Group_71
User_327 Surname_327;Marketing;Intern;Group_80,Group_53,Group_88,Group_19,Group_17,Group_74,Group_73,Group_81
User_328 Surname_328;Finance;Associate;Group_14,Group_56,Group_77,Group_49,Group_42
User_329 Surname_329;Marketing;Director;Group_20,Group_16,Group_37
User_330 Surname_330;Marketing;Analyst;Group_94,Group_97
User_331 Surname_331;Finance;Intern;Group_92,Group_47,Group_11,Group_60
User_332 Surname_332;Sales;Analyst;Group_91,Group_80,Group_26,Group_72
User_333 Surname_333;Finance;VP;Group_51,Group_69,Group_22
User_334 Surname_334;Finance;VP;Group_31,Group_39,Group_9,Group_50,Group_12,Group_34
User_335 Surname_335;HR;Director;Group_58,Group_56,Group_15,Group_6,Group_21,Group_59,Group_40
User_336 Surname_336;Legal;Analyst;Group_79,Group_40,Group_50,Group_70,Group_17,Group_5,Group_48,Group_4,Group_78
User_337 Surname_337;Product;Intern;Group_41,Group_11,Group_63,Group_2,Group_47,Group_93,Group_5
User_338 Surname_338;Sales;Associate;Group_57,Group_20,Group_25,Group_80,Group_37,Group_43,Group_13,Group_91,Group_78
User_339 Surname_339;Operations;Associate;Group_98,Group_27,Group_28,Group_35,Group_55,Group_21
User_340 Surname_340;Marketing;Manager;Group_98,Group_38,Group_30,Group_11,Group_14,Group_62,Group_46,Group_58,Group_60,Group_56
User_341 Surname_341;Marketing;Analyst;Group_4,Group_64,Group_35,Group_81,Group_21,Group_100,Group_79
User_342 Surname_342;Legal;VP;Group_61,Group_9,Group_28,Group_2,Group_100,Group_85
User_343 Surname_343;Support;Associate;Group_9,Group_96,Group_59,Group_20,Group_27,Group_34,Group_90,Group_74,Group_80,Group_99
User_344 Surname_344;Finance;Intern;Group_1,Group_56,Group_57,Group_69,Group_73,Group_94,Group_85,Group_15,Group_42
User_345 Surname_345;Operations;Associate;Group_76,Group_53,Group_65
User_346 Surname_346;Support;Analyst;Group_15,Group_61,Group_16,Group_47,Group_4,Group_34,Group_63,Group_49
User_347 Surname_347;Marketing;Manager;Group_33,Group_11,Group_83,Group_1,Group_62,Group_35,Group_68,Group_2
User_348 Surname_348;HR;Intern;Group_5,Group_34,Group_87,Group_64,Group_6,Group_55,Group_42,Group_28
User_349 Surname_349;Product;Director;Group_56,Group_26,Group_78,Group_42
User_350 Surname_350;Finance;VP;Group_54,Group_93
User_351 Surname_351;Support;Associate;Group_51,Group_13,Group_5,Group_12,Group_46,Group_83,Group_55
User_352 Surname_352;Legal;Analyst;Group_9,Group_68,Group_16,Group_6,Group_29,Group_55,Group_4
User_353 Surname_353;IT;Intern;Group_5,Group_41
User_354 Surname_354;Product;VP;Group_43,Group_19,Group_41,Group_99,Group_29,Group_96,Group_85
User_355 Surname_355;Product;VP;Group_42,Group_25,Group_99,Group_68,Group_30,Group_1
User_356 Surname_356;Support;Director;Group_72,Group_55,Group_5,Group_28,Group_17,Group_46,Group_34,Group_24
User_357 Surname_357;Finance;Manager;Group_2,Group_3,Group_26,Group_35,Group_46,Group_36,Group_39,Group_17,Group_76
User_358 Surname_358;Finance;VP;Group_15,Group_92,Group_87,Group_69,Group_97
User_359 Surname_359;Finance;VP;Group_13,Group_62,Group_4
User_360 Surname_360;Product;Associate;Group_63,Group_64,Group_96,Group_97,Group_41,Group_95,Group_21,Group_45,Group_12
User_361 Surname_361;Engineering;Analyst;Group_93,Group_82,Group_99,Group_50,Group_59
User_362 Surname_362;Engineering;Associate;Group_92,Group_33,Group_93,Group_35,Group_31,Group_15
User_363 Surname_363;Product;Intern;Group_64,Group_22,Group_13,Group_10,Group_53,Group_14,Group_76,Group_63
User_364 Surname_364;Product;VP;Group_56,Group_17,Group_2,Group_41,Group_26,Group_21
User_365 Surname_365;Operations;VP;Group_1,Group_57,Group_80
User_366 Surname_366;Marketing;Manager;Group_48,Group_37,Group_31,Group_26
User_367 Surname_367;Marketing;Manager;Group_96,Group_95
User_368 Surname_368;HR;Associate;Group_8,Group_81
User_369 Surname_369;Finance;Intern;Group_1,Group_93
User_370 Surname_370;Support;Director;Group_48,Group_42
User_371 Surname_371;Sales;Director;Group_28,Group_50
User_372 Surname_372;IT;VP;Group_31,Group_1,Group_43
User_373 Surname_373;Sales;Analyst;Group_37,Group_34,Group_32
User_374 Surname_374;Marketing;Manager;Group_62,Group_94,Group_14,Group_71,Group_27,Group_83,Group_99
User_375 Surname_375;Support;Associate;Group_43,Group_86,Group_22,Group_6,Group_24,Group_77
User_376 Surname_376;HR;Manager;Group_87,Group_62,Group_27,Group_35,Group_16,Group_65
User_377 Surname_377;Finance;VP;Group_87,Group_94,Group_90
User_378 Surname_378;Operations;Director;Group_80,Group_67
User_379 Surname_379;Support;Intern;Group_6,Group_93,Group_80,Group_43,Group_53,Group_83,Group_37,Group_24,Group_84,Group_77
User_380 Surname_380;Support;Director;Group_35,Group_61
User_381 Surname_381;Marketing;Intern;Group_15,Group_96,Group_20,Group_16,Group_2,Group_5,Group_26,Group_30,Group_10,Group_66
User_382 Surname_382;Support;VP;Group_44,Group_79
User_383 Surname_383;Operations;Intern;Group_55,Group_94,Group_71,Group_49,Group_3,Group_38
User_384 Surname_384;Engineering;Director;Group_10,Group_83,Group_42,Group_39,Group_46,Group_97
User_385 Surname_385;IT;Intern;Group_67,Group_35,Group_10,Group_57,Group_97,Group_18,Group_63,Group_20
User_386 Surname_386;Engineering;Associate;Group_80,Group_7,Group_96,Group_35,Group_57,Group_93,Group_23,Group_24
User_387 Surname_387;Product;Analyst;Group_58,Group_75,Group_92,Group_60,Group_56
User_388 Surname_388;HR;Director;Group_97,Group_54,Group_11,Group_77,Group_33,Group_70,Group_93,Group_16
User_389 Surname_389;HR;VP;Group_70,Group_68,Group_56,Group_84,Group_55,Group_26,Group_32,Group_94
User_390 Surname_390;Support;Manager;Group_74,Group_58,Group_56,Group_21,Group_54,Group_16,Group_35,Group_94,Group_46
User_391 Surname_391;Engineering;Intern;Group_83,Group_82,Group_99,Group_23,Group_63
User_392 Surname_392;Engineering;Intern;Group_51,Group_17,Group_3
User_393 Surname_393;HR;Manager;Group_24,Group_5,Group_12,Group_39,Group_49
User_394 Surname_394;Marketing;Manager;Group_8,Group_64,Group_30,Group_7,Group_56,Group_46,Group_93,Group_80,Group_11,Group_96
User_395 Surname_395;Sales;Manager;Group_36,Group_67,Group_65,Group_21,Group_25,Group_20,Group_47,Group_72,Group_40,Group_77
User_396 Surname_396;Operations;Associate;Group_24,Group_74,Group_34
User_397 Surname_397;HR;Manager;Group_49,Group_96,Group_66,Group_79,Group_31,Group_18,Group_98
User_398 Surname_398;Marketing;Intern;Group_25,Group_78,Group_61,Group_71,Group_51,Group_50
User_399 Surname_399;Legal;Associate;Group_73,Group_70,Group_6,Group_64,Group_80,Group_49,Group_99,Group_31
User_400 Surname_400;Support;Intern;Group_96,Group_6,Group_72,Group_38,Group_27
User_401 Surname_401;Engineering;Intern;Group_77,Group_65,Group_57
User_402 Surname_402;Product;VP;Group_48,Group_46,Group_73,Group_11
User_403 Surname_403;Legal;Manager;Group_40,Group_68,Group_88,Group_50,Group_9,Group_38,Group_5,Group_31,Group_26
User_404 Surname_404;Sales;Director;Group_20,Group_29,Group_49,Group_80
User_405 Surname_405;Legal;Associate;Group_53,Group_1,Group_57
User_406 Surname_406;HR;Intern;Group_94,Group_29,Group_8,Group_86,Group_32,Group_20,Group_70
User_407 Surname_407;Product;Associate;Group_95,Group_9,Group_34,Group_72,Group_93,Group_62,Group_26
User_408 Surname_408;Marketing;Analyst;Group_75,Group_66,Group_11,Group_25,Group_50
User_409 Surname_409;Operations;Director;Group_12,Group_52,Group_76,Group_84,Group_69,Group_17,Group_98,Group_66,Group_60,Group_13
User_410 Surname_410;Engineering;Director;Group_41,Group_87,Group_10,Group_99,Group_76
User_411 Surname_411;Sales;Director;Group_31,Group_2,Group_75,Group_85,Group_94,Group_97,Group_61,Group_57,Group_54,Group_76
User_412 Surname_412;Sales;Director;Group_81,Group_97,Group_87,Group_25
User_413 Surname_413;Operations;Manager;Group_25,Group_64,Group_96,Group_74,Group_91
User_414 Surname_414;Operations;Intern;Group_39,Group_92,Group_46,Group_75
User_415 Surname_415;IT;Director;Group_73,Group_68,Group_52,Group_91,Group_41,Group_48
User_416 Surname_416;Product;Analyst;Group_13,Group_46
User_417 Surname_417;Marketing;Intern;Group_64,Group_7,Group_80
User_418 Surname_418;Support;Intern;Group_66,Group_39,Group_55
User_419 Surname_419;Marketing;Analyst;Group_4,Group_7,Group_97,Group_17,Group_79,Group_3,Group_41,Group_47
User_420 Surname_420;Marketing;VP;Group_47,Group_90,Group_19,Group_91
User_421 Surname_421;Finance;Manager;Group_7,Group_74,Group_37,Group_25,Group_31,Group_51,Group_19,Group_18
User_422 Surname_422;Marketing;Intern;Group_24,Group_52,Group_53,Group_30,Group_51
User_423 Surname_423;Finance;Analyst;Group_34,Group_76,Group_44
User_424 Surname_424;Sales;VP;Group_45,Group_55,Group_49,Group_85,Group_6,Group_73
User_425 Surname_425;Support;Analyst;Group_6,Group_55,Group_42,Group_78
User_426 Surname_426;Operations;Manager;Group_78,Group_8,Group_56,Group_24,Group_48,Group_20,Group_77,Group_84
User_427 Surname_427;Marketing;Manager;Group_25,Group_98,Group_71,Group_42,Group_57,Group_29
User_428 Surname_428;Marketing;Intern;Group_6,Group_53,Group_50,Group_28,Group_81,Group_37
User_429 Surname_429;Support;Director;Group_20,Group_7,Group_12,Group_25,Group_16,Group_14,Group_47,Group_15
User_430 Surname_430;Engineering;VP;Group_30,Group_34,Group_6,Group_35,Group_15
User_431 Surname_431;HR;Director;Group_92,Group_32,Group_57,Group_78
User_432 Surname_432;Engineering;Associate;Group_73,Group_60,Group_95,Group_77,Group_17,Group_58
User_433 Surname_433;Engineering;Director;Group_77,Group_97,Group_41,Group_64,Group_95
User_434 Surname_434;Operations;VP;Group_39,Group_9,Group_68,Group_11,Group_14,Group_79,Group_89,Group_63,Group_82
User_435 Surname_435;Engineering;VP;Group_94,Group_32,Group_55,Group_3,Group_34,Group_36,Group_18,Group_93,Group_75,Group_17
User_436 Surname_436;Support;Intern;Group_21,Group_43,Group_57,Group_11
User_437 Surname_437;HR;Analyst;Group_46,Group_27,Group_66,Group_86,Group_36,Group_28,Group_47,Group_62
User_438 Surname_438;Marketing;Director;Group_28,Group_23,Group_37,Group_95,Group_57,Group_9
User_439 Surname_439;Sales;Analyst;Group_83,Group_60
User_440 Surname_440;Engineering;Director;Group_74,Group_16,Group_96,Group_68,Group_7,Group_93,Group_19,Group_76,Group_70,Group_85
User_441 Surname_441;Legal;Analyst;Group_55,Group_90,Group_92,Group_1,Group_30,Group_53
User_442 Surname_442;Support;Analyst;Group_68,Group_36,Group_89,Group_33
User_443 Surname_443;Engineering;Analyst;Group_85,Group_100,Group_31,Group_11,Group_65,Group_79
User_444 Surname_444;Engineering;Intern;Group_47,Group_10,Group_29,Group_23,Group_35,Group_12,Group_5,Group_1,Group_16,Group_36
User_445 Surname_445;IT;Analyst;Group_33,Group_4,Group_3,Group_98,Group_27,Group_14,Group_12,Group_72,Group_31
User_446 Surname_446;Finance;Director;Group_44,Group_48,Group_56,Group_13
User_447 Surname_447;Legal;VP;Group_39,Group_1,Group_24,Group_74,Group_64,Group_68,Group_9
User_448 Surname_448;Product;Intern;Group_21,Group_98,Group_67,Group_60,Group_100,Group_90,Group_28
User_449 Surname_449;Sales;VP;Group_29,Group_22
User_450 Surname_450;Support;Intern;Group_61,Group_72,Group_62,Group_37,Group_35,Group_73,Group_85,Group_67
User_451 Surname_451;Sales;Analyst;Group_10,Group_36
User_452 Surname_452;Operations;Manager;Group_88,Group_91,Group_50
User_453 Surname_453;Support;Intern;Group_9,Group_69,Group_65,Group_3,Group_30,Group_33,Group_27,Group_54,Group_76
User_454 Surname_454;Legal;Manager;Group_33,Group_4,Group_27,Group_9,Group_85,Group_73,Group_96,Group_88,Group_13
User_455 Surname_455;Legal;Director;Group_82,Group_76,Group_50,Group_70
User_456 Surname_456;Engineering;Analyst;Group_35,Group_63,Group_68,Group_72
User_457 Surname_457;Product;Intern;Group_57,Group_4,Group_44,Group_99,Group_76
User_458 Surname_458;HR;Manager;Group_86,Group_19
User_459 Surname_459;Support;Intern;Group_80,Group_41,Group_10,Group_37,Group_44
User_460 Surname_460;HR;Manager;Group_39,Group_55,Group_79,Group_71,Group_35,Group_90,Group_27,Group_58,Group_43
User_461 Surname_461;Finance;VP;Group_78,Group_23
User_462 Surname_462;Engineering;VP;Group_76,Group_13,Group_72,Group_97
User_463 Surname_463;IT;Analyst;Group_64,Group_97,Group_81,Group_13
User_464 Surname_464;Product;Associate;Group_4,Group_56,Group_24,Group_57,Group_100,Group_76,Group_59,Group_15,Group_81
User_465 Surname_465;Product;Associate;Group_29,Group_77
User_466 Surname_466;Engineering;Associate;Group_96,Group_30,Group_62,Group_8,Group_16
User_467 Surname_467;Engineering;Manager;Group_37,Group_16,Group_24,Group_85,Group_95
User_468 Surname_468;Sales;VP;Group_40,Group_49,Group_98,Group_18,Group_83,Group_58,Group_53,Group_100,Group_7,Group_70
User_469 Surname_469;Operations;Director;Group_31,Group_85,Group_70,Group_77,Group_8
User_470 Surname_470;Support;Director;Group_62,Group_96,Group_38,Group_15,Group_67,Group_11,Group_49
User_471 Surname_471;Marketing;Intern;Group_67,Group_1
User_472 Surname_472;Legal;VP;Group_6,Group_40,Group_5,Group_64,Group_8,Group_92,Group_74,Group_17,Group_77,Group_33
User_473 Surname_473;Operations;VP;Group_13,Group_61,Group_38,Group_97,Group_100,Group_87,Group_20
User_474 Surname_474;HR;VP;Group_37,Group_90,Group_5,Group_70,Group_50,Group_53,Group_67,Group_61,Group_84
User_475 Surname_475;Marketing;VP;Group_53,Group_85,Group_74,Group_20,Group_91,Group_36,Group_5,Group_13,Group_64,Group_26
User_476 Surname_476;HR;Associate;Group_21,Group_22,Group_37,Group_16,Group_11,Group_30
User_477 Surname_477;Sales;Manager;Group_39,Group_87,Group_46,Group_90,Group_52,Group_76,Group_51,Group_43
User_478 Surname_478;Support;Analyst;Group_40,Group_86,Group_70
User_479 Surname_479;Engineering;Manager;Group_87,Group_93,Group_1,Group_82,Group_66
User_480 Surname_480;Finance;Manager;Group_56,Group_49,Group_3,Group_5,Group_59,Group_93,Group_82,Group_72,Group_39,Group_68
User_481 Surname_481;HR;Manager;Group_15,Group_66,Group_24,Group_67,Group_32,Group_52,Group_29,Group_25
User_482 Surname_482;IT;Manager;Group_9,Group_34,Group_77,Group_22,Group_76,Group_47,Group_41,Group_95,Group_86
User_483 Surname_483;Sales;VP;Group_9,Group_100,Group_47,Group_66,Group_74,Group_97,Group_5,Group_28
User_484 Surname_484;Product;Associate;Group_86,Group_36,Group_54,Group_65,Group_47,Group_79
User_485 Surname_485;Product;VP;Group_19,Group_26,Group_80,Group_73,Group_64,Group_16,Group_70,Group_92,Group_12,Group_36
User_486 Surname_486;Sales;Analyst;Group_68,Group_51,Group_45,Group_83,Group_76,Group_18,Group_39,Group_70,Group_85,Group_48
User_487 Surname_487;Product;Associate;Group_100,Group_37,Group_52,Group_12
User_488 Surname_488;Legal;Associate;Group_82,Group_42,Group_52,Group_5,Group_77,Group_32,Group_27,Group_58,Group_8,Group_47
User_489 Surname_489;IT;Manager;Group_54,Group_2,Group_41,Group_95,Group_92,Group_51,Group_100,Group_93,Group_40,Group_72
User_490 Surname_490;Marketing;Associate;Group_31,Group_6,Group_92,Group_93,Group_12,Group_15,Group_10,Group_59
User_491 Surname_491;Legal;Associate;Group_30,Group_55,Group_27,Group_60,Group_37,Group_95,Group_87,Group_86
User_492 Surname_492;Finance;VP;Group_33,Group_39,Group_46,Group_54
User_493 Surname_493;HR;Manager;Group_58,Group_16,Group_27,Group_11,Group_10,Group_100,Group_96,Group_47,Group_36,Group_63
User_494 Surname_494;IT;VP;Group_67,Group_53,Group_60,Group_8,Group_74,Group_78,Group_93,Group_95
User_495 Surname_495;Legal;Director;Group_55,Group_4
User_496 Surname_496;Engineering;Associate;Group_56,Group_8,Group_77
User_497 Surname_497;HR;Manager;Group_43,Group_8,Group_10
User_498 Surname_498;HR;Director;Group_28,Group_80,Group_97
User_499 Surname_499;Operations;Analyst;Group_95,Group_60,Group_31
User_500 Surname_500;Finance;Associate;Group_98,Group_77,Group_42,Group_34,Group_67
User_501 Surname_501;Marketing;Director;Group_20,Group_91,Group_19
User_502 Surname_502;Engineering;Director;Group_89,Group_67,Group_80,Group_63,Group_7,Group_98,Group_79,Group_62
User_503 Surname_503;Legal;Director;Group_36,Group_97,Group_64,Group_77
User_504 Surname_504;Product;Director;Group_55,Group_20,Group_65
User_505 Surname_505;Product;Associate;Group_27,Group_63,Group_74,Group_70,Group_91
User_506 Surname_506;Finance;VP;Group_35,Group_50,Group_5,Group_36,Group_68,Group_79,Group_45
User_507 Surname_507;Finance;Director;Group_15,Group_69,Group_46
User_508 Surname_508;Marketing;VP;Group_34,Group_32,Group_52,Group_21
User_509 Surname_509;HR;VP;Group_23,Group_3,Group_85,Group_61,Group_96
User_510 Surname_510;Support;VP;Group_65,Group_60
User_511 Surname_511;Marketing;Manager;Group_37,Group_69
User_512 Surname_512;Operations;Analyst;Group_67,Group_56,Group_75,Group_57
User_513 Surname_513;Legal;Analyst;Group_7,Group_84,Group_44,Group_76,Group_6
User_514 Surname_514;Operations;Analyst;Group_88,Group_8,Group_12,Group_81,Group_33,Group_48,Group_68,Group_37,Group_21,Group_19
User_515 Surname_515;Engineering;Associate;Group_65,Group_14,Group_66,Group_46,Group_17
User_516 Surname_516;Marketing;Associate;Group_16,Group_58,Group_13,Group_85
User_517 Surname_517;Operations;Intern;Group_28,Group_33,Group_47,Group_49,Group_63,Group_27,Group_67,Group_43,Group_89,Group_75
User_518 Surname_518;Sales;Manager;Group_30,Group_20,Group_75,Group_100,Group_16,Group_86,Group_3,Group_5
User_519 Surname_519;Engineering;Director;Group_52,Group_40,Group_21,Group_90,Group_85,Group_15,Group_51,Group_55,Group_93
User_520 Surname_520;Engineering;Manager;Group_44,Group_13,Group_98,Group_74,Group_16,Group_4,Group_32
User_521 Surname_521;Legal;VP;Group_64,Group_39,Group_44
User_522 Surname_522;Product;Analyst;Group_70,Group_76,Group_63,Group_47,Group_49
User_523 Surname_523;Finance;Intern;Group_76,Group_46,Group_68,Group_86,Group_81,Group_48,Group_17,Group_69,Group_50
User_524 Surname_524;Finance;Manager;Group_83,Group_48,Group_52,Group_30,Group_95,Group_35,Group_22,Group_91,Group_69
User_525 Surname_525;Marketing;Director;Group_48,Group_47,Group_52,Group_91,Group_30,Group_44,Group_29,Group_36,Group_17
User_526 Surname_526;Product;Director;Group_25,Group_65,Group_79
User_527 Surname_527;Engineering;Analyst;Group_44,Group_2,Group_18,Group_64,Group_57,Group_3,Group_12,Group_4,Group_85
User_528 Surname_528;Legal;Manager;Group_39,Group_6,Group_15
User_529 Surname_529;Sales;Analyst;Group_99,Group_92,Group_61,Group_57,Group_28,Group_19
User_530 Surname_530;Marketing;Director;Group_83,Group_97,Group_39,Group_93,Group_9,Group_91
User_531 Surname_531;HR;VP;Group_43,Group_99,Group_66,Group_70,Group_38,Group_97,Group_95,Group_55,Group_58
User_532 Surname_532;Marketing;Analyst;Group_82,Group_5,Group_38,Group_73,Group_24,Group_19,Group_68,Group_76,Group_93,Group_67
User_533 Surname_533;Engineering;Manager;Group_28,Group_76,Group_35,Group_75,Group_19,Group_36,Group_4,Group_67,Group_16
User_534 Surname_534;Operations;Director;Group_83,Group_33,Group_2,Group_13,Group_98,Group_68,Group_50,Group_16,Group_10
User_535 Surname_535;Legal;Associate;Group_29,Group_84,Group_93
User_536 Surname_536;IT;Associate;Group_53,Group_25,Group_76,Group_35,Group_71,Group_41
User_537 Surname_537;Finance;Director;Group_68,Group_93,Group_67,Group_61,Group_84,Group_77,Group_39
User_538 Surname_538;Support;VP;Group_88,Group_92,Group_22,Group_30,Group_76
User_539 Surname_539;HR;Intern;Group_21,Group_36,Group_66,Group_30,Group_42,Group_10,Group_80,Group_2
User_540 Surname_540;Sales;Analyst;Group_29,Group_76,Group_70,Group_95,Group_31,Group_93
User_541 Surname_541;Operations;Associate;Group_77,Group_98,Group_99,Group_56,Group_79,Group_26,Group_75,Group_12,Group_54,Group_68
User_542 Surname_542;Finance;Manager;Group_73,Group_75,Group_48,Group_10,Group_56,Group_77,Group_91
User_543 Surname_543;Finance;Manager;Group_3,Group_91,Group_57,Group_19,Group_67
User_544 Surname_544;HR;Associate;Group_11,Group_38,Group_90,Group_13,Group_86,Group_53,Group_98,Group_12,Group_48,Group_87
User_545 Surname_545;Engineering;Director;Group_48,Group_61,Group_16,Group_93
User_546 Surname_546;Support;Associate;Group_64,Group_22,Group_45,Group_21,Group_69,Group_33,Group_68,Group_51
User_547 Surname_547;Support;Associate;Group_31,Group_41,Group_20,Group_13,Group_6,Group_62
User_548 Surname_548;Marketing;VP;Group_59,Group_78,Group_5,Group_98,Group_31,Group_67,Group_25,Group_76,Group_54,Group_61
User_549 Surname_549;Finance;Associate;Group_87,Group_72,Group_30,Group_41
User_550 Surname_550;Legal;Intern;Group_21,Group_89,Group_81,Group_44,Group_12,Group_53,Group_59,Group_14
User_551 Surname_551;Sales;Intern;Group_44,Group_56,Group_53,Group_34,Group_82
User_552 Surname_552;Sales;Intern;Group_71,Group_44,Group_17
User_553 Surname_553;HR;VP;Group_39,Group_60,Group_14,Group_64,Group_28,Group_77,Group_55,Group_22,Group_31,Group_35
User_554 Surname_554;Product;Manager;Group_8,Group_70,Group_33
User_555 Surname_555;Product;VP;Group_94,Group_82,Group_42,Group_20
User_556 Surname_556;Legal;VP;Group_2,Group_27,Group_70,Group_65,Group_41,Group_61,Group_40
User_557 Surname_557;Sales;VP;Group_28,Group_86
User_558 Surname_558;Marketing;Manager;Group_1,Group_90,Group_41,Group_23,Group_93
User_559 Surname_559;Product;Analyst;Group_99,Group_69,Group_82,Group_15,Group_67
User_560 Surname_560;Engineering;Director;Group_9,Group_58,Group_74,Group_65,Group_100,Group_43,Group_14
User_561 Surname_561;IT;Director;Group_70,Group_8,Group_94,Group_33,Group_82,Group_75,Group_10,Group_23,Group_92
User_562 Surname_562;IT;Director;Group_100,Group_28,Group_50,Group_68,Group_63,Group_53,Group_11,Group_7,Group_5
User_563 Surname_563;Marketing;Associate;Group_48,Group_43,Group_82,Group_38
User_564 Surname_564;Sales;Director;Group_36,Group_21,Group_88,Group_99,Group_47,Group_7,Group_24,Group_27,Group_3
User_565 Surname_565;IT;Analyst;Group_48,Group_83,Group_66,Group_51,Group_25,Group_70
User_566 Surname_566;IT;Manager;Group_47,Group_15,Group_14,Group_53,Group_21,Group_33,Group_39
User_567 Surname_567;IT;Analyst;Group_65,Group_55,Group_49,Group_58,Group_88,Group_20,Group_74,Group_84,Group_83,Group_56
User_568 Surname_568;Support;VP;Group_12,Group_50,Group_95,Group_74,Group_30,Group_98,Group_11,Group_55,Group_33
User_569 Surname_569;Engineering;VP;Group_80,Group_74,Group_83,Group_99,Group_33,Group_98,Group_50
User_570 Surname_570;Support;Director;Group_64,Group_61,Group_1,Group_60,Group_8,Group_36,Group_34,Group_49
User_571 Surname_571;Support;Analyst;Group_32,Group_58
User_572 Surname_572;Engineering;Intern;Group_94,Group_66,Group_60,Group_37,Group_41,Group_59,Group_48,Group_10
User_573 Surname_573;Support;VP;Group_55,Group_22,Group_30
User_574 Surname_574;HR;Manager;Group_10,Group_37,Group_82,Group_98,Group_30,Group_56,Group_55,Group_64
User_575 Surname_575;Support;Analyst;Group_98,Group_45,Group_97,Group_90
User_576 Surname_576;Marketing;VP;Group_76,Group_39,Group_92,Group_55,Group_89,Group_24,Group_5,Group_19
User_577 Surname_577;IT;Analyst;Group_75,Group_96
User_578 Surname_578;IT;Analyst;Group_95,Group_18,Group_1,Group_56,Group_58,Group_96,Group_70,Group_15,Group_50
User_579 Surname_579;Product;Associate;Group_81,Group_99,Group_83
User_580 Surname_580;Legal;Analyst;Group_52,Group_99,Group_10,Group_29,Group_14
User_581 Surname_581;Finance;Analyst;Group_24,Group_15,Group_16,Group_17,Group_14,Group_88,Group_67,Group_91
User_582 Surname_582;Legal;Director;Group_65,Group_27,Group_84,Group_58,Group_86
User_583 Surname_583;Engineering;Associate;Group_19,Group_75,Group_11
User_584 Surname_584;Finance;VP;Group_5,Group_13,Group_90,Group_27
User_585 Surname_585;Support;Director;Group_34,Group_42,Group_15,Group_10,Group_26,Group_83
User_586 Surname_586;Support;Associate;Group_14,Group_19,Group_61,Group_5,Group_53
User_587 Surname_587;Product;Associate;Group_77,Group_42,Group_4,Group_2,Group_88,Group_12,Group_34,Group_23,Group_68
User_588 Surname_588;Marketing;Analyst;Group_34,Group_7,Group_96,Group_8,Group_52,Group_93,Group_21
User_589 Surname_589;HR;Manager;Group_80,Group_56,Group_25,Group_37,Group_52,Group_62,Group_94,Group_57,Group_49
User_590 Surname_590;Engineering;Director;Group_100,Group_28,Group_78,Group_99
User_591 Surname_591;Marketing;Director;Group_98,Group_72,Group_7,Group_57,Group_52,Group_77,Group_93
User_592 Surname_592;HR;Director;Group_86,Group_71,Group_57,Group_25,Group_75
User_593 Surname_593;Legal;Analyst;Group_61,Group_13
User_594 Surname_594;Support;Director;Group_51,Group_84,Group_8,Group_48,Group_73,Group_2
User_595 Surname_595;Legal;Manager;Group_70,Group_28,Group_32,Group_93,Group_78,Group_45,Group_59,Group_34,Group_55,Group_75
User_596 Surname_596;IT;Analyst;Group_35,Group_3,Group_49,Group_4,Group_37,Group_95,Group_46,Group_84,Group_42
User_597 Surname_597;Finance;Analyst;Group_85,Group_86
User_598 Surname_598;IT;Manager;Group_24,Group_32,Group_94,Group_81,Group_35,Group_73,Group_29
User_599 Surname_599;Operations;VP;Group_33,Group_40,Group_15,Group_19
User_600 Surname_600;Operations;Director;Group_96,Group_78,Group_64,Group_27,Group_24,Group_20
User_601 Surname_601;Marketing;Intern;Group_55,Group_76,Group_44,Group_67,Group_82,Group_83
User_602 Surname_602;Legal;Analyst;Group_84,Group_55,Group_33,Group_77,Group_7,Group_2
User_603 Surname_603;Legal;Manager;Group_90,Group_19,Group_67
User_604 Surname_604;Finance;Associate;Group_72,Group_70,Group_51
User_605 Surname_605;Marketing;Associate;Group_73,Group_24,Group_6,Group_10,Group_40,Group_46
User_606 Surname_606;Finance;VP;Group_12,Group_76,Group_36,Group_16,Group_100
User_607 Surname_607;Sales;Associate;Group_84,Group_19,Group_68
User_608 Surname_608;Sales;Intern;Group_65,Group_42,Group_36,Group_68,Group_15
User_609 Surname_609;Marketing;Analyst;Group_86,Group_97
User_610 Surname_610;Finance;Associate;Group_46,Group_17,Group_29,Group_63
User_611 Surname_611;Operations;Analyst;Group_56,Group_51,Group_23,Group_87,Group_61,Group_9,Group_75,Group_95
User_612 Surname_612;Sales;Manager;Group_20,Group_50,Group_64,Group_35,Group_33,Group_7,Group_25,Group_22
User_613 Surname_613;Support;Associate;Group_9,Group_22,Group_47,Group_6,Group_38,Group_16,Group_97,Group_28
User_614 Surname_614;HR;Director;Group_21,Group_45,Group_30
User_615 Surname_615;HR;VP;Group_58,Group_82,Group_35,Group_10,Group_94,Group_43,Group_28
User_616 Surname_616;Legal;Analyst;Group_37,Group_72,Group_82,Group_64,Group_10,Group_43,Group_65,Group_11,Group_3
User_617 Surname_617;Marketing;Intern;Group_3,Group_52,Group_73,Group_17,Group_11,Group_1,Group_48,Group_56,Group_61,Group_40
User_618 Surname_618;Product;Intern;Group_82,Group_90
User_619 Surname_619;Support;Director;Group_19,Group_48,Group_16,Group_60,Group_31,Group_58,Group_18,Group_46,Group_38,Group_77
User_620 Surname_620;Sales;VP;Group_70,Group_81
User_621 Surname_621;Legal;Analyst;Group_56,Group_10
User_622 Surname_622;Legal;Manager;Group_84,Group_69,Group_52,Group_98,Group_35,Group_88,Group_12,Group_9
User_623 Surname_623;IT;Manager;Group_28,Group_36,Group_2,Group_59,Group_86,Group_22,Group_24,Group_77
User_624 Surname_624;Marketing;Associate;Group_44,Group_10,Group_41
User_625 Surname_625;Sales;Manager;Group_66,Group_76,Group_94,Group_8,Group_9,Group_59
User_626 Surname_626;Sales;Analyst;Group_91,Group_28,Group_5
User_627 Surname_627;IT;Intern;Group_35,Group_70,Group_92,Group_80
User_628 Surname_628;Legal;Associate;Group_35,Group_60,Group_20,Group_12,Group_55,Group_31,Group_97
User_629 Surname_629;Finance;VP;Group_25,Group_76,Group_23,Group_37,Group_68,Group_59,Group_99
User_630 Surname_630;Marketing;Associate;Group_9,Group_30,Group_24,Group_27,Group_99,Group_92,Group_62,Group_5,Group_6,Group_36
User_631 Surname_631;Product;VP;Group_29,Group_5,Group_74,Group_97
User_632 Surname_632;Marketing;Intern;Group_15,Group_17,Group_25,Group_18,Group_3,Group_60,Group_65,Group_13,Group_68
User_633 Surname_633;Marketing;Associate;Group_54,Group_5
User_634 Surname_634;Marketing;Intern;Group_42,Group_79,Group_26,Group_75,Group_19,Group_24,Group_8,Group_44,Group_72
User_635 Surname_635;IT;Analyst;Group_89,Group_64,Group_97,Group_95,Group_56,Group_49,Group_86,Group_93,Group_94
User_636 Surname_636;HR;Analyst;Group_51,Group_27,Group_62,Group_11
User_637 Surname_637;Engineering;Analyst;Group_98,Group_100,Group_26,Group_62,Group_43,Group_33,Group_84,Group_81,Group_79
User_638 Surname_638;Finance;VP;Group_1,Group_51,Group_74,Group_86
User_639 Surname_639;Finance;Manager;Group_12,Group_18,Group_49,Group_96,Group_97
User_640 Surname_640;Sales;Associate;Group_75,Group_56,Group_76,Group_84
User_641 Surname_641;Support;Manager;Group_68,Group_38,Group_28,Group_50,Group_70,Group_85
User_642 Surname_642;Legal;Analyst;Group_72,Group_27,Group_24,Group_99,Group_53,Group_7,Group_20,Group_18,Group_35,Group_28
User_643 Surname_643;Finance;Director;Group_67,Group_50,Group_30,Group_12,Group_81
User_644 Surname_644;Engineering;Director;Group_72,Group_51,Group_66,Group_15,Group_89,Group_3
User_645 Surname_645;HR;Director;Group_82,Group_29,Group_2,Group_95,Group_45,Group_33,Group_97,Group_59,Group_17
User_646 Surname_646;Operations;Analyst;Group_61,Group_35,Group_95,Group_33,Group_74
User_647 Surname_647;Marketing;Intern;Group_48,Group_71
User_648 Surname_648;IT;Intern;Group_26,Group_5,Group_74
User_649 Surname_649;Support;VP;Group_9,Group_24,Group_95,Group_66,Group_36,Group_47,Group_6,Group_41
User_650 Surname_650;IT;Intern;Group_80,Group_10
User_651 Surname_651;Support;Director;Group_25,Group_23,Group_16,Group_40,Group_52,Group_92
User_652 Surname_652;Operations;Director;Group_54,Group_62,Group_61,Group_39,Group_32,Group_22,Group_5,Group_46,Group_78
User_653 Surname_653;HR;Director;Group_45,Group_59
User_654 Surname_654;Sales;Intern;Group_61,Group_83,Group_69,Group_70
User_655 Surname_655;HR;Manager;Group_16,Group_60,Group_55
User_656 Surname_656;Engineering;Manager;Group_33,Group_50
User_657 Surname_657;Operations;Intern;Group_20,Group_68,Group_75,Group_17,Group_77,Group_36,Group_73
User_658 Surname_658;Product;Intern;Group_65,Group_15,Group_6,Group_10
User_659 Surname_659;Legal;Associate;Group_59,Group_88,Group_89,Group_53,Group_48,Group_63,Group_81,Group_45,Group_55
User_660 Surname_660;IT;Analyst;Group_7,Group_13,Group_74,Group_87,Group_57,Group_39,Group_92
User_661 Surname_661;Legal;Director;Group_88,Group_34,Group_99
User_662 Surname_662;Engineering;Manager;Group_11,Group_38,Group_90,Group_36
User_663 Surname_663;Product;Manager;Group_74,Group_73
User_664 Surname_664;Product;Manager;Group_65,Group_58,Group_3,Group_70,Group_36,Group_89
User_665 Surname_665;Engineering;Manager;Group_50,Group_54,Group_49,Group_32,Group_18,Group_72,Group_75,Group_10,Group_33
User_666 Surname_666;Product;Manager;Group_78,Group_39,Group_31,Group_43,Group_94,Group_49,Group_33,Group_7,Group_96
User_667 Surname_667;Sales;Associate;Group_58,Group_28,Group_91,Group_98,Group_16,Group_88,Group_86,Group_56,Group_99,Group_12
User_668 Surname_668;IT;Director;Group_15,Group_94
User_669 Surname_669;Operations;VP;Group_65,Group_33
User_670 Surname_670;Product;Analyst;Group_54,Group_28,Group_50,Group_41,Group_79,Group_3,Group_42,Group_6,Group_19
User_671 Surname_671;Support;Associate;Group_47,Group_49,Group_5,Group_22,Group_33,Group_35
User_672 Surname_672;Product;Analyst;Group_70,Group_45,Group_43,Group_33
User_673 Surname_673;Marketing;Director;Group_4,Group_98,Group_41,Group_22,Group_2,Group_94
User_674 Surname_674;Marketing;Director;Group_98,Group_23,Group_24,Group_61,Group_40,Group_64,Group_66,Group_47,Group_83
User_675 Surname_675;Product;Intern;Group_67,Group_16,Group_36,Group_77,Group_98,Group_78,Group_28,Group_33,Group_14
User_676 Surname_676;IT;Associate;Group_91,Group_78,Group_35,Group_67,Group_53
User_677 Surname_677;Sales;Director;Group_33,Group_49,Group_24,Group_92,Group_42,Group_28
User_678 Surname_678;IT;Director;Group_35,Group_74
User_679 Surname_679;Finance;Associate;Group_20,Group_35,Group_67
User_680 Surname_680;Sales;Intern;Group_96,Group_79,Group_52
User_681 Surname_681;Operations;VP;Group_81,Group_35,Group_34,Group_86,Group_39,Group_72,Group_15
User_682 Surname_682;Support;Associate;Group_61,Group_82,Group_98
User_683 Surname_683;Legal;Intern;Group_93,Group_9,Group_98,Group_55,Group_13,Group_60,Group_58,Group_31,Group_10,Group_30
User_684 Surname_684;Operations;Director;Group_5,Group_61,Group_59,Group_28,Group_14
User_685 Surname_685;Sales;VP;Group_36,Group_51,Group_54,Group_99
User_686 Surname_686;Engineering;Associate;Group_17,Group_13,Group_8,Group_44,Group_95,Group_92,Group_75,Group_72,Group_25
User_687 Surname_687;HR;VP;Group_3,Group_32,Group_18,Group_72,Group_34
User_688 Surname_688;Operations;Manager;Group_44,Group_34,Group_62,Group_41,Group_84,Group_43,Group_98,Group_9,Group_76,Group_75
User_689 Surname_689;Sales;Analyst;Group_35,Group_70,Group_51,Group_49
User_690 Surname_690;HR;Manager;Group_79,Group_72
User_691 Surname_691;Legal;Analyst;Group_66,Group_7,Group_92,Group_100,Group_21,Group_90,Group_15,Group_20
User_692 Surname_692;Operations;Intern;Group_100,Group_66,Group_15,Group_2,Group_76,Group_18,Group_7,Group_46,Group_87
User_693 Surname_693;Finance;Intern;Group_8,Group_67,Group_11
User_694 Surname_694;Marketing;Director;Group_29,Group_46
User_695 Surname_695;Sales;Director;Group_86,Group_36,Group_96,Group_92,Group_61
User_696 Surname_696;IT;Analyst;Group_48,Group_87,Group_68,Group_51
User_697 Surname_697;Product;VP;Group_54,Group_36,Group_88,Group_42,Group_76,Group_61,Group_71,Group_31
User_698 Surname_698;Finance;Associate;Group_58,Group_17,Group_98,Group_71,Group_30
User_699 Surname_699;HR;Director;Group_43,Group_13
User_700 Surname_700;Product;Director;Group_84,Group_36,Group_92,Group_74
User_701 Surname_701;HR;Manager;Group_81,Group_8,Group_15,Group_21,Group_64,Group_92,Group_95
User_702 Surname_702;Support;Associate;Group_19,Group_68,Group_86,Group_99,Group_49,Group_91,Group_73
User_703 Surname_703;Marketing;Manager;Group_62,Group_41,Group_72,Group_44,Group_43,Group_17
User_704 Surname_704;Sales;Manager;Group_15,Group_56,Group_40,Group_71,Group_90,Group_20
User_705 Surname_705;Operations;Director;Group_80,Group_2,Group_78
User_706 Surname_706;Legal;Director;Group_13,Group_35,Group_77,Group_7,Group_9,Group_80,Group_73,Group_69,Group_68,Group_56
User_707 Surname_707;Product;Director;Group_83,Group_20,Group_61,Group_93,Group_72,Group_31,Group_29,Group_59
User_708 Surname_708;Support;Director;Group_81,Group_14
User_709 Surname_709;Operations;VP;Group_30,Group_100,Group_59,Group_35,Group_51,Group_92,Group_7,Group_56
User_710 Surname_710;HR;VP;Group_35,Group_56,Group_42,Group_38,Group_94,Group_80,Group_15,Group_64,Group_27,Group_92
User_711 Surname_711;HR;Analyst;Group_8,Group_18
User_712 Surname_712;Product;Director;Group_41,Group_37,Group_57,Group_69,Group_85,Group_6,Group_91,Group_4,Group_81,Group_43
User_713 Surname_713;Engineering;VP;Group_13,Group_68,Group_44,Group_65,Group_63,Group_59,Group_2
User_714 Surname_714;Support;Associate;Group_53,Group_66,Group_47,Group_2,Group_75
User_715 Surname_715;Engineering;Associate;Group_60,Group_53,Group_23,Group_15,Group_50
User_716 Surname_716;Engineering;Analyst;Group_45,Group_38,Group_98,Group_57
User_717 Surname_717;Finance;Intern;Group_5,Group_52,Group_72,Group_16,Group_14,Group_48
User_718 Surname_718;IT;Analyst;Group_58,Group_60,Group_50,Group_31,Group_73,Group_69,Group_96,Group_6,Group_36
User_719 Surname_719;Sales;Associate;Group_65,Group_13,Group_63,Group_18,Group_53,Group_24,Group_40,Group_95,Group_8
User_720 Surname_720;Legal;Manager;Group_56,Group_40,Group_60,Group_11,Group_29,Group_90,Group_99,Group_12,Group_7
User_721 Surname_721;Engineering;Intern;Group_54,Group_15,Group_46,Group_50,Group_47,Group_2,Group_1
User_722 Surname_722;HR;Analyst;Group_82,Group_41,Group_87,Group_62,Group_4,Group_70
User_723 Surname_723;Engineering;Manager;Group_47,Group_10,Group_19,Group_21,Group_70,Group_37
User_724 Surname_724;Legal;VP;Group_18,Group_12,Group_83,Group_88,Group_74,Group_48,Group_2
User_725 Surname_725;Operations;VP;Group_5,Group_21,Group_85,Group_30,Group_80,Group_86
User_726 Surname_726;Operations;Manager;Group_67,Group_17,Group_66,Group_10,Group_31
User_727 Surname_727;Marketing;Analyst;Group_45,Group_61,Group_42,Group_9,Group_32,Group_30,Group_70,Group_99,Group_38,Group_97
User_728 Surname_728;Product;Director;Group_89,Group_88,Group_45,Group_84,Group_22,Group_42,Group_46
User_729 Surname_729;Finance;Analyst;Group_5,Group_50,Group_72
User_730 Surname_730;Support;Intern;Group_6,Group_9,Group_22,Group_54,Group_70
User_731 Surname_731;Legal;Analyst;Group_42,Group_9,Group_81,Group_21,Group_44,Group_8
User_732 Surname_732;Marketing;Associate;Group_4,Group_91,Group_83,Group_47
User_733 Surname_733;Operations;Director;Group_61,Group_58,Group_95,Group_92,Group_74,Group_10
User_734 Surname_734;Engineering;Associate;Group_92,Group_87,Group_62
User_735 Surname_735;Product;Director;Group_64,Group_28,Group_26,Group_85,Group_51,Group_73,Group_92,Group_61,Group_84,Group_16
User_736 Surname_736;Engineering;Manager;Group_93,Group_89,Group_85,Group_11,Group_17,Group_8,Group_76
User_737 Surname_737;Operations;Associate;Group_19,Group_83
User_738 Surname_738;Engineering;VP;Group_92,Group_22,Group_34,Group_53,Group_93,Group_2,Group_98
User_739 Surname_739;Legal;Analyst;Group_78,Group_90,Group_11
User_740 Surname_740;IT;Intern;Group_64,Group_61,Group_56,Group_78,Group_52
User_741 Surname_741;IT;VP;Group_37,Group_26,Group_89,Group_91,Group_97,Group_47,Group_28
User_742 Surname_742;Support;Manager;Group_26,Group_64,Group_15,Group_63,Group_51
User_743 Surname_743;Marketing;Associate;Group_43,Group_80,Group_94
User_744 Surname_744;Sales;Analyst;Group_77,Group_61,Group_39,Group_9
User_745 Surname_745;Marketing;Director;Group_70,Group_97,Group_76,Group_26,Group_13,Group_21,Group_92,Group_67,Group_85
User_746 Surname_746;Engineering;Director;Group_35,Group_70,Group_77,Group_95,Group_50
User_747 Surname_747;IT;Director;Group_77,Group_70,Group_87,Group_45,Group_46,Group_47,Group_21,Group_91
User_748 Surname_748;HR;Manager;Group_40,Group_42,Group_47,Group_35
User_749 Surname_749;IT;VP;Group_26,Group_81,Group_90,Group_68,Group_57,Group_2
User_750 Surname_750;HR;Director;Group_16,Group_32,Group_81,Group_11
User_751 Surname_751;Product;Director;Group_64,Group_99,Group_2,Group_62,Group_95
User_752 Surname_752;Operations;Manager;Group_59,Group_78,Group_77,Group_16,Group_40,Group_91,Group_6,Group_61,Group_69
User_753 Surname_753;Legal;Director;Group_83,Group_64,Group_53,Group_37,Group_26,Group_43,Group_19,Group_20
User_754 Surname_754;Product;VP;Group_9,Group_73,Group_72,Group_39,Group_78,Group_8
User_755 Surname_755;Operations;Associate;Group_54,Group_43,Group_18,Group_26,Group_46,Group_67,Group_49,Group_25
User_756 Surname_756;Support;Associate;Group_32,Group_45,Group_97,Group_4,Group_43,Group_42,Group_89
User_757 Surname_757;Engineering;Associate;Group_65,Group_57,Group_17
User_758 Surname_758;Support;Manager;Group_60,Group_86,Group_49,Group_56,Group_95,Group_72,Group_42,Group_64
User_759 Surname_759;Engineering;Associate;Group_78,Group_64,Group_16,Group_42,Group_14
User_760 Surname_760;Legal;Associate;Group_55,Group_28,Group_83
User_761 Surname_761;IT;Associate;Group_20,Group_62,Group_12,Group_59,Group_42,Group_57,Group_53,Group_73
User_762 Surname_762;Sales;Intern;Group_19,Group_16,Group_98,Group_81,Group_88,Group_6
User_763 Surname_763;Operations;Director;Group_82,Group_85,Group_93,Group_56,Group_12,Group_99,Group_20,Group_2,Group_14
User_764 Surname_764;IT;VP;Group_74,Group_32,Group_57,Group_80,Group_69,Group_5,Group_60
User_765 Surname_765;Legal;Intern;Group_43,Group_22,Group_59,Group_4,Group_44,Group_65,Group_68,Group_13,Group_69
User_766 Surname_766;Sales;VP;Group_64,Group_100,Group_78,Group_90
User_767 Surname_767;Engineering;Analyst;Group_68,Group_45
User_768 Surname_768;Legal;Intern;Group_26,Group_64,Group_42,Group_98
User_769 Surname_769;Operations;Director;Group_2,Group_69,Group_63,Group_96
User_770 Surname_770;Finance;Analyst;Group_62,Group_8,Group_78,Group_90,Group_26,Group_65,Group_38,Group_68,Group_3,Group_5
User_771 Surname_771;Marketing;Manager;Group_11,Group_82,Group_83,Group_19,Group_73,Group_53
User_772 Surname_772;Support;Associate;Group_20,Group_42,Group_38,Group_87,Group_90
User_773 Surname_773;Product;Manager;Group_69,Group_30
User_774 Surname_774;Engineering;Intern;Group_99,Group_50,Group_91,Group_47,Group_39,Group_51,Group_67,Group_17
User_775 Surname_775;Engineering;Intern;Group_15,Group_84,Group_4,Group_41
User_776 Surname_776;Support;Analyst;Group_24,Group_69
User_777 Surname_777;HR;Director;Group_85,Group_32,Group_2
User_778 Surname_778;IT;VP;Group_66,Group_7,Group_72,Group_35,Group_90
User_779 Surname_779;IT;Director;Group_90,Group_31,Group_71,Group_57,Group_9,Group_76
User_780 Surname_780;Sales;Associate;Group_18,Group_32,Group_1,Group_54,Group_24,Group_64,Group_80,Group_31,Group_66,Group_93
User_781 Surname_781;Finance;Analyst;Group_62,Group_51,Group_65,Group_29
User_782 Surname_782;Marketing;Manager;Group_27,Group_29
User_783 Surname_783;Product;VP;Group_35,Group_33,Group_100,Group_7,Group_16,Group_40,Group_89,Group_23,Group_88,Group_75
User_784 Surname_784;Product;Intern;Group_81,Group_35,Group_21,Group_44
User_785 Surname_785;Sales;Manager;Group_78,Group_51,Group_67,Group_85,Group_73
User_786 Surname_786;Legal;Director;Group_18,Group_73,Group_10,Group_25
User_787 Surname_787;IT;Associate;Group_82,Group_53,Group_59,Group_31
User_788 Surname_788;Finance;Manager;Group_46,Group_86,Group_33,Group_20,Group_31
User_789 Surname_789;Engineering;Manager;Group_17,Group_34,Group_71,Group_1,Group_31,Group_72,Group_91
User_790 Surname_790;Finance;Associate;Group_43,Group_72,Group_34,Group_85,Group_60,Group_22,Group_71
User_791 Surname_791;Finance;Associate;Group_20,Group_49,Group_93,Group_86
User_792 Surname_792;Legal;VP;Group_50,Group_8,Group_99,Group_66,Group_19,Group_95
User_793 Surname_793;Marketing;Intern;Group_90,Group_61,Group_86,Group_59
User_794 Surname_794;Operations;Analyst;Group_16,Group_29,Group_61,Group_30,Group_12
User_795 Surname_795;Engineering;Intern;Group_39,Group_53,Group_96,Group_37,Group_9,Group_48,Group_11
User_796 Surname_796;Engineering;VP;Group_34,Group_30,Group_89
User_797 Surname_797;HR;Intern;Group_64,Group_98,Group_87,Group_27,Group_28
User_798 Surname_798;Engineering;Manager;Group_85,Group_12,Group_2,Group_26,Group_68,Group_91,Group_75,Group_21,Group_51
User_799 Surname_799;Finance;Associate;Group_30,Group_68,Group_24,Group_46,Group_40,Group_62,Group_71,Group_5,Group_35,Group_58
User_800 Surname_800;Engineering;Manager;Group_91,Group_9,Group_85,Group_79,Group_95,Group_67
User_801 Surname_801;IT;VP;Group_54,Group_82,Group_65,Group_26,Group_76
User_802 Surname_802;Sales;Intern;Group_69,Group_21,Group_36,Group_72,Group_32,Group_33
User_803 Surname_803;Legal;Manager;Group_64,Group_32,Group_12,Group_92
User_804 Surname_804;Finance;Intern;Group_54,Group_78,Group_15,Group_84,Group_48,Group_94,Group_35,Group_31,Group_64,Group_16
User_805 Surname_805;Engineering;Intern;Group_45,Group_61,Group_19,Group_17,Group_50,Group_90,Group_85,Group_55,Group_63,Group_35
User_806 Surname_806;Finance;Director;Group_46,Group_89,Group_50,Group_18,Group_38,Group_32,Group_44,Group_33
User_807 Surname_807;IT;Manager;Group_88,Group_60,Group_14,Group_93,Group_54,Group_87,Group_62,Group_25,Group_6
User_808 Surname_808;HR;Analyst;Group_72,Group_29,Group_98,Group_78
User_809 Surname_809;Engineering;VP;Group_32,Group_40
User_810 Surname_810;Support;Manager;Group_12,Group_5,Group_83,Group_42,Group_44,Group_96,Group_8,Group_75,Group_3,Group_14
User_811 Surname_811;IT;Analyst;Group_40,Group_96
User_812 Surname_812;Finance;Analyst;Group_24,Group_95,Group_34,Group_19,Group_84,Group_48,Group_47,Group_20,Group_64
User_813 Surname_813;Marketing;Analyst;Group_14,Group_88,Group_86
User_814 Surname_814;HR;Director;Group_57,Group_77,Group_83,Group_90,Group_63,Group_92,Group_9,Group_52,Group_2,Group_40
User_815 Surname_815;Legal;VP;Group_3,Group_32,Group_95,Group_67,Group_53,Group_35,Group_40,Group_5,Group_79
User_816 Surname_816;IT;VP;Group_55,Group_7,Group_75,Group_71
User_817 Surname_817;IT;Analyst;Group_2,Group_8,Group_61,Group_22,Group_36,Group_62,Group_85,Group_65,Group_83
User_818 Surname_818;Product;Manager;Group_55,Group_83,Group_40,Group_11,Group_50,Group_99,Group_10,Group_32,Group_35
User_819 Surname_819;Marketing;VP;Group_13,Group_9,Group_97,Group_15,Group_1,Group_30,Group_91
User_820 Surname_820;Engineering;Intern;Group_37,Group_30,Group_54,Group_99,Group_88,Group_79
User_821 Surname_821;Marketing;Analyst;Group_97,Group_76,Group_34,Group_68,Group_1,Group_53
User_822 Surname_822;Engineering;Analyst;Group_76,Group_16,Group_52,Group_40,Group_56,Group_32,Group_45,Group_83
User_823 Surname_823;Sales;Manager;Group_36,Group_90,Group_77,Group_43
User_824 Surname_824;HR;Manager;Group_84,Group_20,Group_69,Group_13,Group_80,Group_85,Group_81,Group_58,Group_54
User_825 Surname_825;Sales;Manager;Group_88,Group_23,Group_42,Group_73,Group_26,Group_55,Group_49,Group_92,Group_51,Group_20
User_826 Surname_826;HR;Director;Group_17,Group_30,Group_65,Group_9,Group_50,Group_77,Group_32
User_827 Surname_827;Support;Intern;Group_82,Group_7,Group_29,Group_58,Group_44,Group_41,Group_51
User_828 Surname_828;IT;VP;Group_58,Group_5,Group_50,Group_41
User_829 Surname_829;Marketing;Associate;Group_58,Group_36,Group_17,Group_97,Group_32,Group_38
User_830 Surname_830;IT;Analyst;Group_96,Group_28,Group_56,Group_93,Group_76,Group_87,Group_84,Group_38,Group_75,Group_89
User_831 Surname_831;IT;VP;Group_22,Group_56,Group_60,Group_13,Group_96,Group_3,Group_49,Group_23
User_832 Surname_832;Operations;Manager;Group_8,Group_65
User_833 Surname_833;Operations;Associate;Group_79,Group_8,Group_84,Group_22,Group_50,Group_34
User_834 Surname_834;Engineering;VP;Group_55,Group_35,Group_82,Group_71,Group_8
User_835 Surname_835;Finance;Intern;Group_71,Group_51,Group_9,Group_13,Group_46,Group_80
User_836 Surname_836;Product;Director;Group_83,Group_89,Group_87,Group_16,Group_42,Group_38,Group_14,Group_70,Group_41,Group_27
User_837 Surname_837;Product;Analyst;Group_53,Group_86,Group_41,Group_90,Group_94,Group_96,Group_82
User_838 Surname_838;Legal;Director;Group_54,Group_73,Group_30
User_839 Surname_839;Operations;Analyst;Group_34,Group_88,Group_66,Group_72,Group_92
User_840 Surname_840;Operations;VP;Group_93,Group_87,Group_36,Group_53,Group_91
User_841 Surname_841;Marketing;Manager;Group_15,Group_100,Group_58,Group_90,Group_6,Group_42,Group_17,Group_28,Group_52,Group_99
User_842 Surname_842;IT;Intern;Group_61,Group_28,Group_86,Group_57,Group_38,Group_42,Group_97
User_843 Surname_843;Legal;Associate;Group_75,Group_70,Group_9
User_844 Surname_844;Product;Analyst;Group_78,Group_35,Group_75,Group_63
User_845 Surname_845;Finance;Analyst;Group_100,Group_97
User_846 Surname_846;Operations;Analyst;Group_30,Group_38,Group_42
User_847 Surname_847;Legal;Analyst;Group_34,Group_87,Group_55,Group_3,Group_35,Group_29,Group_48,Group_97,Group_53
User_848 Surname_848;Product;Associate;Group_37,Group_87,Group_97,Group_78,Group_72,Group_60
User_849 Surname_849;Finance;Manager;Group_27,Group_97,Group_62,Group_58
User_850 Surname_850;IT;Intern;Group_45,Group_98,Group_71,Group_1,Group_24,Group_3,Group_16,Group_90,Group_69,Group_40
User_851 Surname_851;Sales;Analyst;Group_66,Group_34,Group_64,Group_84,Group_86
User_852 Surname_852;Legal;VP;Group_7,Group_29,Group_81,Group_65,Group_25
User_853 Surname_853;Sales;Associate;Group_68,Group_51,Group_34,Group_27,Group_23,Group_48,Group_91,Group_96
User_854 Surname_854;Legal;Analyst;Group_57,Group_18,Group_51,Group_75,Group_58
User_855 Surname_855;Legal;VP;Group_87,Group_58,Group_27,Group_92,Group_4
User_856 Surname_856;Operations;Associate;Group_6,Group_81,Group_87,Group_43,Group_82,Group_41,Group_36,Group_19
User_857 Surname_857;Engineering;Intern;Group_90,Group_77,Group_59,Group_8,Group_43,Group_39,Group_41,Group_85
User_858 Surname_858;Legal;Intern;Group_6,Group_94,Group_25,Group_71,Group_52,Group_3,Group_7
User_859 Surname_859;Engineering;Director;Group_95,Group_26,Group_47,Group_74,Group_76,Group_3,Group_11,Group_100,Group_18
User_860 Surname_860;Support;Intern;Group_54,Group_59,Group_48,Group_35,Group_22,Group_39,Group_97,Group_55,Group_10,Group_69
User_861 Surname_861;Engineering;Analyst;Group_70,Group_82,Group_25,Group_50,Group_99,Group_60,Group_73
User_862 Surname_862;Product;Intern;Group_68,Group_9,Group_42,Group_98,Group_67
User_863 Surname_863;Support;Manager;Group_85,Group_25,Group_24
User_864 Surname_864;Support;Intern;Group_56,Group_45,Group_72
User_865 Surname_865;HR;Manager;Group_90,Group_81,Group_11,Group_23,Group_36,Group_41,Group_2,Group_69
User_866 Surname_866;Finance;VP;Group_21,Group_81,Group_97,Group_99
User_867 Surname_867;HR;Analyst;Group_21,Group_95,Group_57,Group_14,Group_22,Group_80
User_868 Surname_868;Finance;Analyst;Group_98,Group_8,Group_92,Group_97
User_869 Surname_869;Legal;VP;Group_96,Group_46,Group_15,Group_13,Group_25,Group_23,Group_53
User_870 Surname_870;Finance;VP;Group_14,Group_79,Group_11,Group_95,Group_31,Group_61,Group_81,Group_88,Group_6,Group_32
User_871 Surname_871;Marketing;Analyst;Group_93,Group_87,Group_11,Group_97,Group_24,Group_98,Group_27,Group_31,Group_91
User_872 Surname_872;Engineering;Intern;Group_30,Group_68,Group_6
User_873 Surname_873;Legal;Manager;Group_69,Group_37,Group_4,Group_81,Group_47
User_874 Surname_874;Product;Analyst;Group_24,Group_62,Group_89,Group_21,Group_50,Group_38,Group_69,Group_57,Group_27,Group_91
User_875 Surname_875;Engineering;Intern;Group_46,Group_59
User_876 Surname_876;IT;Manager;Group_61,Group_26,Group_77,Group_42
User_877 Surname_877;Operations;Director;Group_11,Group_60
User_878 Surname_878;Sales;Manager;Group_67,Group_35,Group_22,Group_20,Group_91
User_879 Surname_879;Legal;Intern;Group_40,Group_48,Group_47,Group_92
User_880 Surname_880;Marketing;Intern;Group_19,Group_48,Group_60,Group_53,Group_25,Group_39,Group_8,Group_17,Group_69,Group_31
User_881 Surname_881;IT;Analyst;Group_56,Group_9,Group_12,Group_84,Group_63,Group_49,Group_76,Group_58,Group_48,Group_10
User_882 Surname_882;Engineering;Analyst;Group_84,Group_36,Group_33,Group_90,Group_34,Group_26,Group_60,Group_12,Group_6
User_883 Surname_883;IT;Director;Group_4,Group_55
User_884 Surname_884;Legal;Intern;Group_15,Group_13,Group_25,Group_34,Group_7,Group_46
User_885 Surname_885;Engineering;Analyst;Group_57,Group_6,Group_27,Group_47,Group_48,Group_85,Group_26,Group_50,Group_15,Group_94
User_886 Surname_886;Support;Intern;Group_38,Group_82,Group_31,Group_45,Group_10,Group_30,Group_57,Group_78
User_887 Surname_887;HR;Manager;Group_22,Group_39,Group_13,Group_29,Group_10,Group_89,Group_48,Group_74,Group_1,Group_32
User_888 Surname_888;Legal;VP;Group_90,Group_55
User_889 Surname_889;Finance;Intern;Group_49,Group_2,Group_47,Group_57,Group_42,Group_32,Group_80,Group_74,Group_8,Group_66
User_890 Surname_890;IT;Intern;Group_81,Group_32,Group_59,Group_96,Group_8,Group_41
User_891 Surname_891;Operations;Intern;Group_3,Group_59,Group_27,Group_13,Group_12
User_892 Surname_892;HR;Manager;Group_9,Group_84
User_893 Surname_893;Product;Manager;Group_22,Group_34
User_894 Surname_894;Operations;Intern;Group_53,Group_32,Group_5,Group_98,Group_13,Group_76,Group_11,Group_69,Group_89,Group_66
User_895 Surname_895;Operations;Analyst;Group_66,Group_32
User_896 Surname_896;Marketing;Analyst;Group_49,Group_52,Group_26,Group_4,Group_30,Group_6,Group_74
User_897 Surname_897;Engineering;Director;Group_29,Group_21,Group_24,Group_44,Group_62
User_898 Surname_898;IT;VP;Group_36,Group_98,Group_93,Group_64
User_899 Surname_899;Operations;VP;Group_10,Group_41,Group_59,Group_84,Group_19,Group_67,Group_38,Group_4,Group_26,Group_21
User_900 Surname_900;Sales;Associate;Group_52,Group_61,Group_63,Group_57,Group_39,Group_87,Group_41,Group_43,Group_28,Group_45
User_901 Surname_901;Finance;Analyst;Group_62,Group_76,Group_27,Group_10,Group_80,Group_74,Group_68,Group_23,Group_99
User_902 Surname_902;IT;VP;Group_7,Group_20,Group_70,Group_67,Group_44,Group_80,Group_10,Group_50,Group_91
User_903 Surname_903;IT;VP;Group_3,Group_71,Group_66
User_904 Surname_904;Support;Associate;Group_74,Group_7,Group_47,Group_78,Group_56,Group_79
User_905 Surname_905;Engineering;Analyst;Group_91,Group_54,Group_80,Group_10,Group_3
User_906 Surname_906;Legal;Manager;Group_56,Group_100,Group_57,Group_71,Group_4,Group_39,Group_91
User_907 Surname_907;Finance;Associate;Group_64,Group_33
User_908 Surname_908;Engineering;Director;Group_76,Group_70,Group_34,Group_36
User_909 Surname_909;Operations;Associate;Group_89,Group_100,Group_39,Group_31,Group_3,Group_49,Group_20
User_910 Surname_910;Legal;Director;Group_84,Group_37,Group_89,Group_85,Group_93,Group_11,Group_38
User_911 Surname_911;Legal;Manager;Group_74,Group_94,Group_8
User_912 Surname_912;Product;Director;Group_24,Group_31,Group_74,Group_53,Group_9
User_913 Surname_913;Engineering;Associate;Group_66,Group_96,Group_77,Group_70,Group_60
User_914 Surname_914;Marketing;VP;Group_58,Group_20,Group_48,Group_1
User_915 Surname_915;Marketing;Manager;Group_61,Group_36,Group_20,Group_82,Group_57,Group_90,Group_73,Group_93
User_916 Surname_916;Marketing;Analyst;Group_47,Group_45,Group_12,Group_22,Group_43,Group_66,Group_15,Group_89
User_917 Surname_917;Sales;Intern;Group_47,Group_28,Group_22,Group_7,Group_9,Group_83,Group_81,Group_100,Group_54
User_918 Surname_918;IT;VP;Group_77,Group_60,Group_17,Group_25
User_919 Surname_919;Sales;Analyst;Group_27,Group_58,Group_99,Group_19,Group_69,Group_29
User_920 Surname_920;Product;Director;Group_99,Group_39,Group_87,Group_81,Group_46,Group_75,Group_18,Group_9,Group_2
User_921 Surname_921;Product;Intern;Group_40,Group_61
User_922 Surname_922;Legal;Analyst;Group_51,Group_43
User_923 Surname_923;Legal;Manager;Group_77,Group_31,Group_21,Group_93
User_924 Surname_924;Finance;VP;Group_5,Group_16,Group_49,Group_8,Group_38,Group_73,Group_1,Group_94
User_925 Surname_925;Finance;Director;Group_54,Group_42,Group_35
User_926 Surname_926;Finance;VP;Group_43,Group_39,Group_74,Group_83,Group_42,Group_6
User_927 Surname_927;Marketing;Director;Group_7,Group_32,Group_77,Group_91,Group_90,Group_36,Group_26,Group_82,Group_83
User_928 Surname_928;HR;Manager;Group_80,Group_89,Group_39,Group_63
User_929 Surname_929;Finance;Manager;Group_63,Group_79,Group_10,Group_33,Group_5,Group_85
User_930 Surname_930;Marketing;Analyst;Group_22,Group_57,Group_38,Group_12
User_931 Surname_931;Legal;Analyst;Group_41,Group_24,Group_74,Group_40,Group_62,Group_5,Group_69,Group_35,Group_39,Group_16
User_932 Surname_932;Operations;Intern;Group_72,Group_57,Group_8
User_933 Surname_933;HR;Associate;Group_15,Group_23,Group_49,Group_83,Group_11,Group_60,Group_78,Group_22,Group_87
User_934 Surname_934;Marketing;Director;Group_85,Group_13,Group_93,Group_60,Group_58,Group_47
User_935 Surname_935;Finance;Director;Group_60,Group_13,Group_47
User_936 Surname_936;HR;Analyst;Group_97,Group_1,Group_31,Group_52,Group_99,Group_39
User_937 Surname_937;Operations;Intern;Group_29,Group_72,Group_18,Group_85
User_938 Surname_938;HR;Manager;Group_6,Group_97,Group_38,Group_24,Group_54,Group_81,Group_88,Group_34,Group_45
User_939 Surname_939;Sales;Director;Group_78,Group_47,Group_72,Group_46,Group_77,Group_40,Group_22,Group_97
User_940 Surname_940;Engineering;Associate;Group_30,Group_99,Group_79,Group_36,Group_67,Group_75,Group_88,Group_54,Group_63,Group_24
User_941 Surname_941;Support;Analyst;Group_23,Group_13,Group_57,Group_92,Group_50,Group_25,Group_62
User_942 Surname_942;Product;Intern;Group_43,Group_9,Group_91,Group_89
User_943 Surname_943;IT;Analyst;Group_75,Group_81,Group_100,Group_42,Group_54,Group_94
User_944 Surname_944;HR;Manager;Group_39,Group_41,Group_52,Group_24,Group_49,Group_6,Group_54
User_945 Surname_945;Legal;Manager;Group_46,Group_11,Group_27,Group_20,Group_10,Group_48,Group_62,Group_52,Group_57
User_946 Surname_946;Engineering;Manager;Group_4,Group_82
User_947 Surname_947;Finance;Manager;Group_83,Group_15,Group_79,Group_74,Group_1,Group_13,Group_70,Group_30,Group_78,Group_36
User_948 Surname_948;Operations;Intern;Group_89,Group_17,Group_48,Group_32,Group_43,Group_10,Group_94
User_949 Surname_949;Support;Director;Group_3,Group_32,Group_83,Group_63,Group_50,Group_31,Group_89,Group_81
User_950 Surname_950;Product;Analyst;Group_23,Group_99,Group_58,Group_35,Group_7,Group_95,Group_34
User_951 Surname_951;IT;Director;Group_89,Group_56
User_952 Surname_952;Operations;Intern;Group_76,Group_72
User_953 Surname_953;Finance;Director;Group_85,Group_74,Group_24,Group_96
User_954 Surname_954;Marketing;Associate;Group_54,Group_77,Group_14,Group_17
User_955 Surname_955;IT;Director;Group_17,Group_85,Group_100,Group_27,Group_53,Group_46,Group_63,Group_37,Group_62,Group_16
User_956 Surname_956;Finance;Analyst;Group_76,Group_97,Group_100,Group_2,Group_48,Group_87,Group_73,Group_78,Group_24
User_957 Surname_957;Marketing;VP;Group_59,Group_100,Group_38
User_958 Surname_958;Finance;VP;Group_56,Group_82,Group_88,Group_78,Group_99
User_959 Surname_959;Support;Director;Group_58,Group_88,Group_94,Group_47,Group_65,Group_62,Group_19,Group_96,Group_18
User_960 Surname_960;Support;Analyst;Group_59,Group_51
User_961 Surname_961;Legal;Analyst;Group_13,Group_66,Group_81,Group_5,Group_58,Group_2
User_962 Surname_962;Marketing;Analyst;Group_80,Group_29,Group_52,Group_22,Group_61,Group_67,Group_78,Group_51
User_963 Surname_963;Operations;Analyst;Group_82,Group_61,Group_69,Group_46,Group_17,Group_68
User_964 Surname_964;Marketing;Intern;Group_83,Group_17,Group_36,Group_13,Group_75,Group_69,Group_31,Group_89
User_965 Surname_965;Sales;Manager;Group_36,Group_40,Group_85,Group_48,Group_12,Group_70,Group_95,Group_96
User_966 Surname_966;IT;Associate;Group_68,Group_3,Group_83
User_967 Surname_967;HR;Analyst;Group_84,Group_97,Group_39,Group_96,Group_89,Group_73,Group_98,Group_71
User_968 Surname_968;HR;Manager;Group_59,Group_9,Group_76,Group_51,Group_13,Group_82,Group_24,Group_75,Group_61
User_969 Surname_969;Operations;VP;Group_92,Group_72,Group_32,Group_86,Group_22
User_970 Surname_970;Legal;Analyst;Group_20,Group_28,Group_22,Group_83,Group_92,Group_53,Group_57,Group_60,Group_38,Group_71
User_971 Surname_971;Engineering;Manager;Group_11,Group_6,Group_90,Group_25,Group_41,Group_92,Group_20
User_972 Surname_972;Sales;Analyst;Group_4,Group_92,Group_48
User_973 Surname_973;Sales;Manager;Group_88,Group_100,Group_77,Group_78,Group_57
User_974 Surname_974;Engineering;Analyst;Group_64,Group_50,Group_23
User_975 Surname_975;HR;Associate;Group_93,Group_41,Group_61,Group_65,Group_62,Group_37,Group_88,Group_38,Group_24,Group_8
User_976 Surname_976;Finance;Intern;Group_71,Group_43,Group_88,Group_29,Group_45
User_977 Surname_977;Operations;Director;Group_92,Group_13,Group_17,Group_77,Group_86,Group_70
User_978 Surname_978;Sales;Director;Group_44,Group_93,Group_39,Group_41,Group_4,Group_46,Group_14
User_979 Surname_979;Engineering;Intern;Group_8,Group_28,Group_7,Group_18,Group_84,Group_82,Group_2,Group_26,Group_24,Group_39
User_980 Surname_980;Finance;Director;Group_23,Group_1,Group_64
User_981 Surname_981;HR;Director;Group_82,Group_16,Group_50,Group_66,Group_28,Group_56,Group_25,Group_12,Group_14,Group_52
User_982 Surname_982;Sales;Intern;Group_11,Group_46,Group_66
User_983 Surname_983;HR;Associate;Group_60,Group_39,Group_74,Group_51,Group_46,Group_82
User_984 Surname_984;Marketing;VP;Group_12,Group_24,Group_92,Group_36,Group_34,Group_89,Group_6
User_985 Surname_985;Finance;Director;Group_11,Group_97,Group_59
User_986 Surname_986;Product;Analyst;Group_47,Group_78,Group_74,Group_5,Group_19,Group_86
User_987 Surname_987;Marketing;Intern;Group_8,Group_53,Group_75
User_988 Surname_988;Legal;Intern;Group_35,Group_17,Group_89,Group_32,Group_70,Group_56,Group_53,Group_65,Group_86
User_989 Surname_989;Sales;Associate;Group_14,Group_63
User_990 Surname_990;Legal;Director;Group_45,Group_42,Group_96,Group_81,Group_87,Group_90,Group_73
User_991 Surname_991;HR;Analyst;Group_68,Group_56,Group_52,Group_32,Group_25,Group_17,Group_59,Group_75,Group_46
User_992 Surname_992;Operations;Director;Group_45,Group_84,Group_55,Group_47,Group_91,Group_30,Group_69
User_993 Surname_993;Finance;Analyst;Group_80,Group_69,Group_45,Group_86,Group_27,Group_57
User_994 Surname_994;Engineering;Director;Group_93,Group_66,Group_21,Group_92,Group_90,Group_17,Group_20,Group_63,Group_61,Group_80
User_995 Surname_995;Engineering;Director;Group_28,Group_26,Group_34,Group_17
User_996 Surname_996;Support;Intern;Group_45,Group_89,Group_71
User_997 Surname_997;IT;Intern;Group_94,Group_25,Group_45,Group_1,Group_83,Group_46,Group_38
User_998 Surname_998;IT;Analyst;Group_22,Group_96,Group_37,Group_7
User_999 Surname_999;Sales;Analyst;Group_14,Group_2,Group_78,Group_80,Group_27,Group_24,Group_39,Group_3
User_1000 Surname_1000;Sales;VP;Group_39,Group_61,Group_41,Group_63,Group_58,Group_12,Group_6,Group_89,Group_75
User_1001 Surname_1001;Finance;Director;Group_28,Group_4,Group_40,Group_47,Group_66,Group_49,Group_14
User_1002 Surname_1002;Engineering;Manager;Group_59,Group_22,Group_18,Group_29,Group_1
User_1003 Surname_1003;Sales;VP;Group_32,Group_74,Group_53,Group_100,Group_98,Group_39
User_1004 Surname_1004;Legal;Analyst;Group_68,Group_11,Group_98,Group_24,Group_57,Group_25
User_1005 Surname_1005;HR;Manager;Group_84,Group_49,Group_25,Group_53,Group_31,Group_72,Group_44,Group_18
User_1006 Surname_1006;Operations;Analyst;Group_47,Group_86,Group_91,Group_21,Group_17
User_1007 Surname_1007;Sales;Analyst;Group_29,Group_63,Group_66,Group_11,Group_2,Group_3,Group_39,Group_95,Group_85,Group_91
User_1008 Surname_1008;Engineering;Analyst;Group_27,Group_58,Group_69,Group_3,Group_52,Group_8,Group_77
User_1009 Surname_1009;IT;Intern;Group_17,Group_5,Group_95,Group_45,Group_71,Group_36,Group_76
User_1010 Surname_1010;HR;Associate;Group_52,Group_53,Group_70,Group_3,Group_10,Group_38,Group_51,Group_24
User_1011 Surname_1011;IT;Director;Group_1,Group_77,Group_38,Group_86
User_1012 Surname_1012;Finance;Manager;Group_5,Group_14,Group_97,Group_56,Group_84,Group_30,Group_10,Group_24,Group_70
User_1013 Surname_1013;HR;Associate;Group_17,Group_92,Group_74,Group_2
User_1014 Surname_1014;Sales;Associate;Group_55,Group_37,Group_51,Group_28
User_1015 Surname_1015;Support;Director;Group_49,Group_52,Group_73,Group_11,Group_96,Group_87,Group_64,Group_83,Group_94,Group_81
User_1016 Surname_1016;Support;Analyst;Group_96,Group_84,Group_86
User_1017 Surname_1017;Legal;VP;Group_36,Group_60,Group_37,Group_15,Group_88,Group_66,Group_96,Group_56
User_1018 Surname_1018;Legal;Intern;Group_71,Group_6,Group_54,Group_97,Group_27,Group_55,Group_44,Group_3,Group_65,Group_61
User_1019 Surname_1019;IT;Director;Group_41,Group_85,Group_65,Group_21
User_1020 Surname_1020;Support;Director;Group_51,Group_93,Group_59,Group_54,Group_6,Group_50,Group_5,Group_12,Group_33
User_1021 Surname_1021;Finance;Manager;Group_74,Group_30,Group_90,Group_99
User_1022 Surname_1022;HR;VP;Group_94,Group_53,Group_33,Group_69,Group_78,Group_27,Group_9,Group_23
User_1023 Surname_1023;Marketing;Intern;Group_13,Group_36,Group_86,Group_92,Group_84
User_1024 Surname_1024;Finance;Manager;Group_88,Group_4,Group_42
User_1025 Surname_1025;Engineering;Manager;Group_46,Group_82,Group_24
User_1026 Surname_1026;Marketing;Director;Group_18,Group_62,Group_61,Group_67,Group_77,Group_17
User_1027 Surname_1027;Product;Associate;Group_62,Group_29
User_1028 Surname_1028;Sales;Intern;Group_85,Group_27,Group_17,Group_49,Group_28,Group_71,Group_47,Group_21
User_1029 Surname_1029;IT;Manager;Group_27,Group_50
User_1030 Surname_1030;Support;Analyst;Group_90,Group_35,Group_14,Group_38
User_1031 Surname_1031;Support;Analyst;Group_84,Group_28,Group_80,Group_20,Group_76,Group_50,Group_10,Group_92
User_1032 Surname_1032;Engineering;Intern;Group_12,Group_18,Group_91,Group_8,Group_70,Group_83,Group_85
User_1033 Surname_1033;Product;Analyst;Group_89,Group_38
User_1034 Surname_1034;Engineering;Manager;Group_23,Group_2,Group_8,Group_88,Group_92,Group_55,Group_22,Group_1,Group_45
User_1035 Surname_1035;Product;Associate;Group_57,Group_10
User_1036 Surname_1036;Legal;Manager;Group_61,Group_78,Group_80,Group_62,Group_56,Group_79
User_1037 Surname_1037;IT;Analyst;Group_65,Group_4,Group_19,Group_54
User_1038 Surname_1038;Finance;Intern;Group_44,Group_1,Group_66,Group_3,Group_48,Group_14,Group_35
User_1039 Surname_1039;HR;Analyst;Group_99,Group_96,Group_20,Group_6,Group_9,Group_86,Group_41,Group_5,Group_85,Group_73
User_1040 Surname_1040;Operations;Associate;Group_24,Group_83,Group_54,Group_47
User_1041 Surname_1041;HR;Manager;Group_32,Group_83,Group_87,Group_99
User_1042 Surname_1042;Marketing;Director;Group_35,Group_96,Group_100,Group_84,Group_27,Group_71
User_1043 Surname_1043;Product;Analyst;Group_40,Group_55,Group_64,Group_22,Group_62,Group_16,Group_99,Group_58,Group_44,Group_53
User_1044 Surname_1044;Legal;Intern;Group_93,Group_84,Group_49,Group_81
User_1045 Surname_1045;Sales;VP;Group_75,Group_17,Group_30,Group_58,Group_11,Group_15,Group_79,Group_61,Group_81
User_1046 Surname_1046;Support;Associate;Group_41,Group_61
User_1047 Surname_1047;Marketing;Director;Group_56,Group_94,Group_51,Group_79,Group_13,Group_11,Group_90,Group_54,Group_65
User_1048 Surname_1048;Support;Intern;Group_64,Group_48,Group_4,Group_53,Group_63,Group_45
User_1049 Surname_1049;IT;Associate;Group_59,Group_30,Group_3
User_1050 Surname_1050;Marketing;Manager;Group_91,Group_14,Group_39,Group_77,Group_87,Group_58,Group_6,Group_1,Group_95,Group_83
User_1051 Surname_1051;Sales;Associate;Group_30,Group_39,Group_26,Group_93,Group_85,Group_10
User_1052 Surname_1052;IT;Analyst;Group_49,Group_61
User_1053 Surname_1053;IT;Director;Group_76,Group_31,Group_71,Group_10,Group_21,Group_58,Group_36,Group_53,Group_7,Group_84
User_1054 Surname_1054;Engineering;Associate;Group_11,Group_9,Group_81,Group_49,Group_72,Group_70,Group_66,Group_52
User_1055 Surname_1055;Finance;Manager;Group_54,Group_74,Group_70,Group_88,Group_52,Group_75,Group_13,Group_29,Group_20
User_1056 Surname_1056;Legal;Analyst;Group_68,Group_19,Group_73,Group_87,Group_57,Group_43,Group_22,Group_82,Group_78
User_1057 Surname_1057;Sales;Intern;Group_10,Group_24
User_1058 Surname_1058;Sales;VP;Group_10,Group_22
User_1059 Surname_1059;IT;Analyst;Group_57,Group_60,Group_77,Group_90,Group_33
User_1060 Surname_1060;Sales;VP;Group_77,Group_89,Group_47,Group_64,Group_78,Group_26,Group_85,Group_19,Group_43,Group_94
User_1061 Surname_1061;HR;Analyst;Group_42,Group_94,Group_87,Group_5,Group_26,Group_50
User_1062 Surname_1062;Support;Associate;Group_97,Group_34,Group_98,Group_36,Group_67,Group_71,Group_86,Group_100,Group_35,Group_1
User_1063 Surname_1063;Engineering;Manager;Group_43,Group_98,Group_20,Group_86,Group_61,Group_68
User_1064 Surname_1064;Marketing;Director;Group_90,Group_31,Group_74,Group_94,Group_22,Group_87,Group_26
User_1065 Surname_1065;Legal;Intern;Group_90,Group_60,Group_77,Group_97,Group_24,Group_45,Group_9,Group_39,Group_38,Group_55
User_1066 Surname_1066;Engineering;Associate;Group_72,Group_12,Group_82,Group_33,Group_35
User_1067 Surname_1067;Operations;Manager;Group_10,Group_53,Group_17,Group_66,Group_52,Group_7,Group_81,Group_74
User_1068 Surname_1068;Support;Director;Group_20,Group_54,Group_59,Group_65,Group_97,Group_69,Group_32,Group_26
User_1069 Surname_1069;Operations;Manager;Group_91,Group_30,Group_8,Group_61,Group_36,Group_88,Group_75,Group_60,Group_12
User_1070 Surname_1070;Product;VP;Group_43,Group_81,Group_34,Group_40
User_1071 Surname_1071;Support;VP;Group_18,Group_39,Group_37
User_1072 Surname_1072;Marketing;Director;Group_57,Group_21,Group_73,Group_63,Group_11
User_1073 Surname_1073;HR;Manager;Group_28,Group_82,Group_60,Group_76,Group_1,Group_43,Group_98,Group_85
User_1074 Surname_1074;Marketing;Intern;Group_19,Group_69,Group_12
User_1075 Surname_1075;Product;VP;Group_2,Group_39,Group_8
User_1076 Surname_1076;Finance;Associate;Group_68,Group_89,Group_29,Group_93,Group_94,Group_31,Group_18,Group_24
User_1077 Surname_1077;HR;Manager;Group_10,Group_94,Group_64,Group_63,Group_90,Group_61,Group_6,Group_96,Group_44,Group_12
User_1078 Surname_1078;HR;Analyst;Group_36,Group_81,Group_91,Group_79,Group_3,Group_8,Group_51,Group_18
User_1079 Surname_1079;Support;Director;Group_11,Group_37,Group_39,Group_45,Group_22,Group_97,Group_59,Group_50,Group_77
User_1080 Surname_1080;Product;Director;Group_46,Group_76,Group_79,Group_39,Group_62
User_1081 Surname_1081;HR;Intern;Group_44,Group_88
User_1082 Surname_1082;Operations;Director;Group_78,Group_96,Group_43
User_1083 Surname_1083;Support;Manager;Group_18,Group_14,Group_70,Group_51,Group_52,Group_94,Group_71,Group_61,Group_78,Group_81
User_1084 Surname_1084;Legal;Director;Group_13,Group_90,Group_84,Group_37,Group_24,Group_53,Group_35,Group_14,Group_72
User_1085 Surname_1085;IT;Analyst;Group_24,Group_89
User_1086 Surname_1086;Support;Associate;Group_56,Group_68,Group_99,Group_35,Group_22,Group_97,Group_20,Group_51,Group_10
User_1087 Surname_1087;Support;Intern;Group_36,Group_76,Group_64,Group_51,Group_42,Group_11,Group_58,Group_19,Group_84,Group_34
User_1088 Surname_1088;Operations;Associate;Group_85,Group_26,Group_58,Group_14,Group_46,Group_78,Group_22,Group_81,Group_94,Group_45
User_1089 Surname_1089;Support;VP;Group_53,Group_11,Group_44,Group_89
User_1090 Surname_1090;Finance;Intern;Group_22,Group_87,Group_83
User_1091 Surname_1091;Operations;Associate;Group_43,Group_34,Group_37,Group_74
User_1092 Surname_1092;Sales;Analyst;Group_83,Group_11,Group_48,Group_13,Group_27,Group_62,Group_61,Group_79
User_1093 Surname_1093;Finance;Director;Group_32,Group_59,Group_4,Group_38,Group_100,Group_65,Group_64
User_1094 Surname_1094;Support;Director;Group_83,Group_87
User_1095 Surname_1095;Sales;VP;Group_20,Group_37,Group_82,Group_39,Group_63,Group_57,Group_91,Group_46,Group_35,Group_41
User_1096 Surname_1096;Sales;Associate;Group_66,Group_78,Group_28
User_1097 Surname_1097;IT;Manager;Group_9,Group_36,Group_91,Group_35,Group_24
User_1098 Surname_1098;Marketing;Intern;Group_9,Group_19,Group_39,Group_80,Group_79
User_1099 Surname_1099;Marketing;Director;Group_84,Group_72,Group_33,Group_14,Group_12,Group_51,Group_46
User_1100 Surname_1100;Engineering;Associate;Group_62,Group_31,Group_75,Group_93,Group_29,Group_58,Group_68,Group_65,Group_32,Group_46
User_1101 Surname_1101;Legal;Intern;Group_42,Group_78,Group_30
User_1102 Surname_1102;Product;Intern;Group_41,Group_99,Group_66,Group_43,Group_72,Group_10,Group_87,Group_21,Group_48,Group_69
User_1103 Surname_1103;Marketing;Intern;Group_54,Group_94,Group_78,Group_49,Group_4,Group_3
User_1104 Surname_1104;Engineering;Manager;Group_7,Group_88
User_1105 Surname_1105;Operations;Manager;Group_8,Group_3,Group_38,Group_79,Group_68,Group_51,Group_85,Group_99,Group_55
User_1106 Surname_1106;Support;VP;Group_40,Group_26,Group_35,Group_73,Group_70,Group_14
User_1107 Surname_1107;IT;Intern;Group_79,Group_89,Group_92,Group_99,Group_35,Group_23,Group_70
User_1108 Surname_1108;Sales;Analyst;Group_17,Group_76
User_1109 Surname_1109;Support;Intern;Group_61,Group_1,Group_59,Group_41
User_1110 Surname_1110;Product;Associate;Group_84,Group_54,Group_41,Group_76
User_1111 Surname_1111;Engineering;Analyst;Group_59,Group_85,Group_38,Group_20,Group_65,Group_33,Group_13,Group_52,Group_54
User_1112 Surname_1112;IT;Director;Group_90,Group_95,Group_26,Group_77,Group_32,Group_5,Group_61,Group_34,Group_43,Group_46
User_1113 Surname_1113;Sales;VP;Group_50,Group_41,Group_15,Group_4,Group_12,Group_87,Group_2,Group_40,Group_53,Group_36
User_1114 Surname_1114;Engineering;Intern;Group_58,Group_61,Group_43,Group_17,Group_96,Group_67
User_1115 Surname_1115;Support;VP;Group_67,Group_15,Group_100,Group_56,Group_22,Group_93
User_1116 Surname_1116;Legal;Intern;Group_1,Group_99,Group_17,Group_21
User_1117 Surname_1117;Sales;Associate;Group_94,Group_78
User_1118 Surname_1118;HR;VP;Group_75,Group_57
User_1119 Surname_1119;Product;Associate;Group_56,Group_90,Group_96
User_1120 Surname_1120;IT;Analyst;Group_70,Group_45,Group_97,Group_78
User_1121 Surname_1121;Marketing;Analyst;Group_21,Group_36,Group_90,Group_51,Group_69,Group_53,Group_50
User_1122 Surname_1122;Product;Director;Group_66,Group_92,Group_75,Group_27,Group_97,Group_5,Group_44,Group_69
User_1123 Surname_1123;Marketing;Associate;Group_84,Group_80,Group_69,Group_87,Group_86,Group_43,Group_89,Group_35,Group_1
User_1124 Surname_1124;Legal;Associate;Group_20,Group_18,Group_72,Group_88,Group_43,Group_62,Group_78,Group_85,Group_96,Group_90
User_1125 Surname_1125;Operations;Director;Group_21,Group_100,Group_89,Group_39,Group_98,Group_4,Group_63,Group_95
User_1126 Surname_1126;Legal;Intern;Group_85,Group_89,Group_47
User_1127 Surname_1127;Finance;Manager;Group_48,Group_60,Group_29,Group_33,Group_63,Group_51,Group_69,Group_88
User_1128 Surname_1128;IT;VP;Group_100,Group_14,Group_51
User_1129 Surname_1129;Finance;Intern;Group_40,Group_85,Group_56,Group_20,Group_62,Group_94,Group_91,Group_69,Group_8,Group_53
User_1130 Surname_1130;Sales;Associate;Group_71,Group_66,Group_51,Group_42,Group_48,Group_47,Group_27,Group_21,Group_49,Group_83
User_1131 Surname_1131;Operations;Intern;Group_83,Group_6,Group_56,Group_11,Group_75,Group_42,Group_31,Group_57,Group_50,Group_86
User_1132 Surname_1132;Engineering;Intern;Group_27,Group_2,Group_5
User_1133 Surname_1133;Engineering;Manager;Group_36,Group_16,Group_25,Group_91,Group_98,Group_44
User_1134 Surname_1134;Legal;Manager;Group_91,Group_41,Group_70,Group_42,Group_11
User_1135 Surname_1135;Legal;VP;Group_2,Group_17,Group_5
User_1136 Surname_1136;Legal;Manager;Group_51,Group_54,Group_63,Group_17,Group_71,Group_3
User_1137 Surname_1137;HR;Intern;Group_61,Group_65,Group_44,Group_57,Group_10,Group_68,Group_32,Group_33
User_1138 Surname_1138;Marketing;Analyst;Group_37,Group_54,Group_72,Group_1,Group_8,Group_12,Group_59,Group_7,Group_2
User_1139 Surname_1139;Finance;Manager;Group_35,Group_43,Group_12,Group_89,Group_69,Group_25,Group_5,Group_6,Group_22
User_1140 Surname_1140;Support;Director;Group_78,Group_63
User_1141 Surname_1141;Support;Manager;Group_86,Group_76,Group_79,Group_63,Group_92
User_1142 Surname_1142;Marketing;Manager;Group_6,Group_73,Group_36
User_1143 Surname_1143;Marketing;VP;Group_2,Group_20,Group_36,Group_8,Group_46,Group_60,Group_44,Group_33,Group_43,Group_19
User_1144 Surname_1144;Operations;Manager;Group_7,Group_22,Group_84,Group_39,Group_45,Group_15,Group_9
User_1145 Surname_1145;Engineering;VP;Group_53,Group_91,Group_68
User_1146 Surname_1146;HR;Manager;Group_41,Group_96,Group_15,Group_69
User_1147 Surname_1147;HR;Manager;Group_52,Group_38,Group_36,Group_62,Group_57,Group_37,Group_65,Group_27
User_1148 Surname_1148;HR;Intern;Group_76,Group_26,Group_75,Group_87,Group_39,Group_41,Group_81,Group_14,Group_100
User_1149 Surname_1149;Sales;Director;Group_80,Group_81,Group_65,Group_72,Group_76,Group_39,Group_70,Group_96,Group_21
User_1150 Surname_1150;Legal;Associate;Group_73,Group_88,Group_81,Group_11,Group_53,Group_15,Group_99,Group_83,Group_33,Group_2
User_1151 Surname_1151;IT;Manager;Group_4,Group_84,Group_85,Group_86,Group_44,Group_65,Group_52,Group_37
User_1152 Surname_1152;Product;Director;Group_6,Group_62,Group_3,Group_28
User_1153 Surname_1153;Finance;Director;Group_76,Group_13,Group_77,Group_28
User_1154 Surname_1154;Legal;VP;Group_40,Group_58,Group_85,Group_3,Group_9,Group_7
User_1155 Surname_1155;Finance;Director;Group_9,Group_61,Group_2,Group_64
User_1156 Surname_1156;Finance;Intern;Group_80,Group_40,Group_75
User_1157 Surname_1157;IT;Director;Group_75,Group_38
User_1158 Surname_1158;Legal;Intern;Group_75,Group_27
User_1159 Surname_1159;Support;Director;Group_81,Group_80,Group_68,Group_53,Group_27,Group_63,Group_50
User_1160 Surname_1160;Support;Manager;Group_81,Group_53,Group_80,Group_84,Group_65
User_1161 Surname_1161;Marketing;Director;Group_67,Group_100,Group_3,Group_18,Group_27,Group_10,Group_50
User_1162 Surname_1162;HR;Analyst;Group_56,Group_63
User_1163 Surname_1163;Legal;Associate;Group_61,Group_93,Group_39,Group_50,Group_86,Group_29,Group_53,Group_96
User_1164 Surname_1164;Product;Analyst;Group_81,Group_55,Group_36,Group_14,Group_29,Group_100,Group_33,Group_41
User_1165 Surname_1165;Finance;Manager;Group_74,Group_69,Group_47,Group_3,Group_88,Group_32,Group_76,Group_59,Group_77
User_1166 Surname_1166;IT;Analyst;Group_47,Group_81
User_1167 Surname_1167;Legal;VP;Group_24,Group_37,Group_61,Group_94,Group_21,Group_18,Group_88
User_1168 Surname_1168;IT;Manager;Group_55,Group_69,Group_70,Group_14,Group_72,Group_73,Group_17,Group_34,Group_30,Group_79
User_1169 Surname_1169;IT;VP;Group_61,Group_45,Group_95,Group_1,Group_97
User_1170 Surname_1170;Operations;VP;Group_55,Group_40,Group_35,Group_62,Group_32,Group_87,Group_19,Group_61,Group_2
User_1171 Surname_1171;Engineering;Associate;Group_84,Group_18,Group_22,Group_25,Group_14,Group_26
User_1172 Surname_1172;HR;Director;Group_50,Group_6,Group_74,Group_52,Group_22,Group_97,Group_89,Group_24,Group_68
User_1173 Surname_1173;Support;Associate;Group_9,Group_52,Group_62,Group_73
User_1174 Surname_1174;Legal;Manager;Group_54,Group_66,Group_63,Group_77,Group_98,Group_3
User_1175 Surname_1175;Sales;Intern;Group_78,Group_48,Group_82,Group_8,Group_35,Group_2,Group_24
User_1176 Surname_1176;Product;Intern;Group_33,Group_2,Group_47,Group_30
User_1177 Surname_1177;Marketing;Intern;Group_25,Group_100
User_1178 Surname_1178;Legal;Analyst;Group_85,Group_78,Group_98,Group_29,Group_51,Group_44,Group_30,Group_65,Group_81
User_1179 Surname_1179;Support;Intern;Group_51,Group_20,Group_70
User_1180 Surname_1180;Support;Intern;Group_29,Group_90,Group_19
User_1181 Surname_1181;Operations;Analyst;Group_8,Group_54
User_1182 Surname_1182;Operations;Intern;Group_3,Group_35,Group_15
User_1183 Surname_1183;Finance;Associate;Group_46,Group_15,Group_41,Group_55,Group_2,Group_76,Group_63,Group_70
User_1184 Surname_1184;Engineering;Analyst;Group_2,Group_75,Group_12
User_1185 Surname_1185;HR;Analyst;Group_81,Group_17,Group_28,Group_90,Group_6,Group_5
User_1186 Surname_1186;Marketing;Director;Group_61,Group_52,Group_54,Group_26,Group_29,Group_64,Group_67,Group_37
User_1187 Surname_1187;HR;Intern;Group_91,Group_82,Group_17
User_1188 Surname_1188;Sales;Intern;Group_100,Group_16,Group_31,Group_32
User_1189 Surname_1189;Sales;Intern;Group_71,Group_58,Group_96,Group_28,Group_47
User_1190 Surname_1190;Support;Associate;Group_76,Group_73,Group_40,Group_12
User_1191 Surname_1191;Finance;Manager;Group_85,Group_93
User_1192 Surname_1192;Product;Director;Group_98,Group_4
User_1193 Surname_1193;Marketing;VP;Group_5,Group_35,Group_31,Group_91,Group_96,Group_52,Group_69,Group_54
User_1194 Surname_1194;Product;Director;Group_99,Group_49,Group_76,Group_22,Group_91,Group_61,Group_17,Group_4
User_1195 Surname_1195;HR;Manager;Group_82,Group_45,Group_40,Group_91,Group_98,Group_87,Group_18
User_1196 Surname_1196;Sales;Intern;Group_52,Group_91,Group_82,Group_78,Group_75,Group_32,Group_40,Group_42,Group_62,Group_83
User_1197 Surname_1197;Engineering;Manager;Group_73,Group_42,Group_96,Group_66,Group_31,Group_32,Group_94
User_1198 Surname_1198;Finance;Intern;Group_17,Group_44,Group_27,Group_18,Group_3,Group_16,Group_82,Group_81
User_1199 Surname_1199;HR;Director;Group_45,Group_13,Group_39,Group_84
User_1200 Surname_1200;HR;Analyst;Group_68,Group_65,Group_59,Group_17,Group_64
User_1201 Surname_1201;Marketing;Associate;Group_36,Group_25,Group_58,Group_10,Group_45,Group_67,Group_65,Group_39,Group_79
User_1202 Surname_1202;Engineering;Analyst;Group_76,Group_70,Group_23,Group_57,Group_13,Group_74
User_1203 Surname_1203;Marketing;Associate;Group_90,Group_80,Group_74,Group_38,Group_4,Group_87,Group_54,Group_16,Group_18,Group_71
User_1204 Surname_1204;Sales;Director;Group_59,Group_47,Group_90,Group_85,Group_13,Group_67,Group_99,Group_94,Group_32
User_1205 Surname_1205;Engineering;Analyst;Group_62,Group_10,Group_33,Group_13,Group_40,Group_51,Group_53,Group_30,Group_29
User_1206 Surname_1206;HR;Manager;Group_31,Group_13,Group_40,Group_71,Group_2,Group_62,Group_82,Group_34,Group_90
User_1207 Surname_1207;IT;Director;Group_14,Group_17,Group_98,Group_92,Group_57,Group_18,Group_81
User_1208 Surname_1208;Sales;Associate;Group_47,Group_46,Group_42
User_1209 Surname_1209;Legal;VP;Group_10,Group_90
User_1210 Surname_1210;IT;Intern;Group_31,Group_36,Group_28,Group_19
User_1211 Surname_1211;Legal;Director;Group_25,Group_45,Group_55
User_1212 Surname_1212;Product;Manager;Group_52,Group_30,Group_67,Group_93,Group_13,Group_8,Group_41,Group_68,Group_18,Group_1
User_1213 Surname_1213;Marketing;Manager;Group_42,Group_9,Group_83,Group_4,Group_21,Group_2,Group_94,Group_89,Group_55,Group_81
User_1214 Surname_1214;Engineering;Intern;Group_76,Group_17,Group_37,Group_69,Group_54,Group_81,Group_31,Group_32,Group_41
User_1215 Surname_1215;Product;Associate;Group_13,Group_10,Group_94,Group_32,Group_71,Group_69,Group_92
User_1216 Surname_1216;Finance;Intern;Group_26,Group_84,Group_13,Group_61
User_1217 Surname_1217;Sales;Intern;Group_65,Group_56,Group_37,Group_8,Group_94,Group_10,Group_22
User_1218 Surname_1218;Finance;VP;Group_60,Group_8,Group_2,Group_66,Group_99,Group_42,Group_10,Group_69,Group_76
User_1219 Surname_1219;IT;Director;Group_82,Group_85,Group_76,Group_42,Group_48,Group_24,Group_13,Group_52
User_1220 Surname_1220;Finance;VP;Group_69,Group_22,Group_96,Group_92,Group_37,Group_40
User_1221 Surname_1221;Operations;Associate;Group_77,Group_39,Group_29,Group_50
User_1222 Surname_1222;Support;Associate;Group_45,Group_31,Group_84
User_1223 Surname_1223;Support;Associate;Group_60,Group_76
User_1224 Surname_1224;Support;Manager;Group_65,Group_91,Group_57
User_1225 Surname_1225;Finance;Associate;Group_25,Group_54,Group_13,Group_62,Group_16,Group_69,Group_87
User_1226 Surname_1226;Engineering;Director;Group_25,Group_5
User_1227 Surname_1227;Operations;Intern;Group_57,Group_50,Group_13,Group_3,Group_94,Group_99
User_1228 Surname_1228;Operations;Analyst;Group_5,Group_78,Group_49
User_1229 Surname_1229;HR;Manager;Group_56,Group_31,Group_79,Group_82,Group_91,Group_25,Group_89,Group_51,Group_83
User_1230 Surname_1230;Finance;Manager;Group_51,Group_1,Group_2,Group_55,Group_92
User_1231 Surname_1231;HR;Associate;Group_88,Group_14,Group_100,Group_80,Group_36,Group_87,Group_65
User_1232 Surname_1232;Product;Associate;Group_77,Group_61,Group_13
User_1233 Surname_1233;Product;Director;Group_10,Group_14
User_1234 Surname_1234;HR;Manager;Group_73,Group_66,Group_5,Group_36
User_1235 Surname_1235;HR;VP;Group_66,Group_64,Group_10,Group_21,Group_76
User_1236 Surname_1236;Sales;Intern;Group_63,Group_47
User_1237 Surname_1237;IT;Analyst;Group_30,Group_73,Group_95,Group_77,Group_18,Group_46,Group_21
User_1238 Surname_1238;Legal;VP;Group_88,Group_46,Group_75,Group_17
User_1239 Surname_1239;Operations;Intern;Group_36,Group_39,Group_19,Group_65,Group_81,Group_99
User_1240 Surname_1240;HR;Intern;Group_63,Group_72,Group_80
User_1241 Surname_1241;Legal;VP;Group_46,Group_100,Group_38,Group_50
User_1242 Surname_1242;Operations;Intern;Group_17,Group_3,Group_38,Group_92,Group_14
User_1243 Surname_1243;Sales;Intern;Group_91,Group_97,Group_94,Group_24,Group_98,Group_25,Group_59,Group_38,Group_77
User_1244 Surname_1244;HR;VP;Group_37,Group_13,Group_63,Group_94,Group_91
User_1245 Surname_1245;IT;Analyst;Group_88,Group_3
User_1246 Surname_1246;Marketing;Analyst;Group_69,Group_53,Group_17,Group_42,Group_33,Group_98,Group_57,Group_68,Group_24,Group_82
User_1247 Surname_1247;Support;Manager;Group_46,Group_49,Group_94,Group_62,Group_5
User_1248 Surname_1248;Engineering;Director;Group_81,Group_75,Group_87,Group_58
User_1249 Surname_1249;Marketing;Analyst;Group_71,Group_15
User_1250 Surname_1250;IT;VP;Group_14,Group_94,Group_78,Group_85
User_1251 Surname_1251;Marketing;Associate;Group_98,Group_7,Group_23,Group_56,Group_45,Group_64,Group_44,Group_77,Group_2,Group_34
User_1252 Surname_1252;Product;Analyst;Group_96,Group_57,Group_82,Group_72,Group_46,Group_79,Group_16,Group_70,Group_68,Group_4
User_1253 Surname_1253;Support;Manager;Group_95,Group_25,Group_11,Group_42,Group_100,Group_5,Group_17,Group_64,Group_67
User_1254 Surname_1254;Marketing;Analyst;Group_9,Group_97,Group_54,Group_41,Group_31,Group_84,Group_18
User_1255 Surname_1255;Engineering;Manager;Group_42,Group_79,Group_56,Group_49,Group_72,Group_55,Group_62,Group_54,Group_24,Group_60
User_1256 Surname_1256;Legal;Associate;Group_37,Group_29,Group_47,Group_92,Group_55,Group_42
User_1257 Surname_1257;Finance;Manager;Group_14,Group_39,Group_93,Group_89,Group_76,Group_54,Group_63,Group_99,Group_8
User_1258 Surname_1258;Legal;Intern;Group_92,Group_61,Group_9,Group_41
User_1259 Surname_1259;Marketing;Associate;Group_33,Group_77,Group_92,Group_54,Group_80,Group_74,Group_89,Group_32
User_1260 Surname_1260;Marketing;VP;Group_97,Group_11,Group_71,Group_68,Group_79,Group_65,Group_100,Group_67
User_1261 Surname_1261;IT;Intern;Group_97,Group_83,Group_88,Group_41,Group_45,Group_25
User_1262 Surname_1262;Finance;Intern;Group_83,Group_51,Group_79,Group_41
User_1263 Surname_1263;Product;VP;Group_98,Group_21,Group_15,Group_77,Group_71
User_1264 Surname_1264;Engineering;Intern;Group_66,Group_41,Group_16,Group_68,Group_10,Group_42,Group_14,Group_20
User_1265 Surname_1265;Product;Director;Group_58,Group_84
User_1266 Surname_1266;Support;Associate;Group_91,Group_26,Group_53
User_1267 Surname_1267;IT;VP;Group_41,Group_35,Group_29,Group_80
User_1268 Surname_1268;Marketing;VP;Group_31,Group_63,Group_65
User_1269 Surname_1269;Product;Associate;Group_59,Group_33,Group_11,Group_2,Group_18,Group_42,Group_49,Group_56,Group_30,Group_47
User_1270 Surname_1270;Finance;VP;Group_40,Group_31,Group_47,Group_27,Group_5,Group_41
User_1271 Surname_1271;Engineering;VP;Group_56,Group_25,Group_13,Group_69,Group_24,Group_100,Group_81
User_1272 Surname_1272;IT;Manager;Group_51,Group_55,Group_53,Group_73,Group_67,Group_10,Group_25,Group_54,Group_85,Group_86
User_1273 Surname_1273;Marketing;VP;Group_31,Group_84,Group_74,Group_72,Group_3,Group_77
User_1274 Surname_1274;Marketing;Associate;Group_57,Group_45,Group_6,Group_48,Group_82,Group_41
User_1275 Surname_1275;Legal;Intern;Group_100,Group_18,Group_74,Group_53,Group_62,Group_38,Group_1
User_1276 Surname_1276;Operations;VP;Group_50,Group_87,Group_53,Group_11
User_1277 Surname_1277;Product;Manager;Group_50,Group_25,Group_56,Group_40,Group_91,Group_29,Group_47,Group_13,Group_74
User_1278 Surname_1278;Finance;Manager;Group_90,Group_4,Group_26,Group_99,Group_13,Group_47,Group_76,Group_74
User_1279 Surname_1279;Engineering;Intern;Group_55,Group_5,Group_39,Group_17
User_1280 Surname_1280;Support;Associate;Group_78,Group_10,Group_54,Group_66,Group_24,Group_58
User_1281 Surname_1281;Engineering;Associate;Group_99,Group_30,Group_45,Group_41,Group_8,Group_80,Group_97,Group_67
User_1282 Surname_1282;Operations;Manager;Group_96,Group_83,Group_13,Group_73,Group_19,Group_10,Group_76
User_1283 Surname_1283;IT;Intern;Group_20,Group_1,Group_95,Group_93,Group_80,Group_35,Group_13,Group_39,Group_18,Group_16
User_1284 Surname_1284;IT;Intern;Group_85,Group_49
User_1285 Surname_1285;Finance;Director;Group_99,Group_54,Group_85,Group_28
User_1286 Surname_1286;Product;Associate;Group_38,Group_26,Group_3,Group_80,Group_45,Group_91,Group_10
User_1287 Surname_1287;Legal;Manager;Group_89,Group_63,Group_29,Group_34,Group_37,Group_59
User_1288 Surname_1288;Marketing;Manager;Group_2,Group_59,Group_86,Group_98,Group_61,Group_66,Group_22,Group_93
User_1289 Surname_1289;Support;VP;Group_89,Group_21
User_1290 Surname_1290;HR;Associate;Group_36,Group_51,Group_100,Group_40,Group_14,Group_11,Group_13,Group_78,Group_66
User_1291 Surname_1291;Operations;Manager;Group_23,Group_9,Group_52
User_1292 Surname_1292;Legal;Director;Group_84,Group_49,Group_42,Group_7
User_1293 Surname_1293;Support;Intern;Group_89,Group_5,Group_29,Group_42,Group_43,Group_95,Group_14
User_1294 Surname_1294;Product;VP;Group_51,Group_47,Group_69
User_1295 Surname_1295;Marketing;Analyst;Group_12,Group_89,Group_53,Group_81,Group_26,Group_37
User_1296 Surname_1296;Operations;Intern;Group_76,Group_93
User_1297 Surname_1297;Support;Director;Group_35,Group_23
User_1298 Surname_1298;Marketing;Manager;Group_23,Group_91,Group_45,Group_66
User_1299 Surname_1299;Engineering;VP;Group_28,Group_40,Group_83
User_1300 Surname_1300;Engineering;VP;Group_98,Group_18,Group_8
User_1301 Surname_1301;Marketing;Analyst;Group_38,Group_32,Group_60,Group_67,Group_12,Group_2,Group_83,Group_73
User_1302 Surname_1302;Marketing;Intern;Group_50,Group_98,Group_51,Group_83,Group_97,Group_49,Group_39,Group_56,Group_95,Group_81
User_1303 Surname_1303;Legal;VP;Group_20,Group_58
User_1304 Surname_1304;Engineering;VP;Group_75,Group_27,Group_2,Group_89,Group_95,Group_59,Group_64,Group_66,Group_38,Group_94
User_1305 Surname_1305;Finance;Analyst;Group_65,Group_85,Group_50,Group_59,Group_83
User_1306 Surname_1306;Legal;Manager;Group_47,Group_7,Group_42,Group_11,Group_38
User_1307 Surname_1307;IT;Manager;Group_91,Group_24,Group_56,Group_85,Group_8,Group_63
User_1308 Surname_1308;Sales;Associate;Group_75,Group_2,Group_71,Group_19
User_1309 Surname_1309;HR;Intern;Group_20,Group_62,Group_87,Group_21,Group_30,Group_74,Group_40,Group_22,Group_75,Group_12
User_1310 Surname_1310;HR;Intern;Group_95,Group_82
User_1311 Surname_1311;Finance;Manager;Group_90,Group_73
User_1312 Surname_1312;HR;VP;Group_67,Group_69,Group_53,Group_46,Group_86,Group_20,Group_16,Group_75,Group_18
User_1313 Surname_1313;Finance;VP;Group_34,Group_79,Group_71
User_1314 Surname_1314;Support;Analyst;Group_58,Group_41,Group_82,Group_93,Group_44,Group_45,Group_68,Group_63,Group_5,Group_55
User_1315 Surname_1315;IT;VP;Group_39,Group_67,Group_91,Group_47,Group_51,Group_71,Group_88,Group_38,Group_100
User_1316 Surname_1316;Finance;Manager;Group_73,Group_75,Group_18,Group_85,Group_79
User_1317 Surname_1317;Legal;VP;Group_18,Group_9,Group_85
User_1318 Surname_1318;Operations;Director;Group_81,Group_19,Group_15,Group_96,Group_35,Group_7,Group_90
User_1319 Surname_1319;HR;Analyst;Group_1,Group_94,Group_53,Group_49,Group_8,Group_12,Group_56,Group_40,Group_69,Group_3
User_1320 Surname_1320;Marketing;Analyst;Group_72,Group_45,Group_23,Group_42,Group_44
User_1321 Surname_1321;Marketing;Analyst;Group_35,Group_60
User_1322 Surname_1322;Engineering;Associate;Group_67,Group_53
User_1323 Surname_1323;Finance;Analyst;Group_26,Group_70
User_1324 Surname_1324;IT;VP;Group_100,Group_54,Group_67
User_1325 Surname_1325;Finance;Director;Group_68,Group_28
User_1326 Surname_1326;Legal;Analyst;Group_71,Group_82,Group_93,Group_78,Group_41,Group_37
User_1327 Surname_1327;IT;Intern;Group_12,Group_2,Group_79,Group_70,Group_58,Group_20,Group_22
User_1328 Surname_1328;Engineering;Director;Group_53,Group_78,Group_25,Group_90,Group_41,Group_1,Group_86,Group_9,Group_18
User_1329 Surname_1329;Marketing;Intern;Group_88,Group_69,Group_14,Group_11,Group_9
User_1330 Surname_1330;Support;Director;Group_32,Group_90,Group_78
User_1331 Surname_1331;HR;Intern;Group_50,Group_97,Group_80
User_1332 Surname_1332;Sales;Manager;Group_88,Group_97,Group_55,Group_41,Group_60,Group_75,Group_74,Group_2,Group_68,Group_40
User_1333 Surname_1333;Product;Intern;Group_40,Group_35,Group_85
User_1334 Surname_1334;Legal;Intern;Group_93,Group_28,Group_16,Group_1,Group_39,Group_51,Group_53,Group_13,Group_50
User_1335 Surname_1335;Marketing;Associate;Group_34,Group_67,Group_55,Group_17,Group_1,Group_46,Group_11,Group_81,Group_79
User_1336 Surname_1336;HR;Manager;Group_4,Group_76,Group_38,Group_61,Group_45
User_1337 Surname_1337;Engineering;Analyst;Group_16,Group_76,Group_27,Group_61,Group_38,Group_12,Group_67,Group_39,Group_3
User_1338 Surname_1338;Operations;Manager;Group_37,Group_25,Group_65,Group_79,Group_80,Group_23
User_1339 Surname_1339;Product;Analyst;Group_99,Group_16,Group_63,Group_5,Group_9,Group_91,Group_18,Group_53,Group_96
User_1340 Surname_1340;Engineering;Manager;Group_39,Group_87,Group_46,Group_65,Group_68,Group_90,Group_33,Group_4,Group_53
User_1341 Surname_1341;Marketing;Analyst;Group_71,Group_61,Group_89,Group_47,Group_84,Group_99,Group_46,Group_75
User_1342 Surname_1342;Operations;Analyst;Group_33,Group_74,Group_95
User_1343 Surname_1343;Marketing;Analyst;Group_93,Group_19,Group_79,Group_18
User_1344 Surname_1344;Sales;Intern;Group_85,Group_13,Group_12,Group_53,Group_29
User_1345 Surname_1345;IT;Intern;Group_25,Group_93,Group_86,Group_24,Group_66,Group_63,Group_100,Group_7,Group_9
User_1346 Surname_1346;Support;Director;Group_39,Group_58,Group_46,Group_49,Group_8,Group_6,Group_30,Group_15
User_1347 Surname_1347;Operations;Manager;Group_56,Group_54,Group_26,Group_33,Group_96,Group_45
User_1348 Surname_1348;Legal;Associate;Group_62,Group_5,Group_75
User_1349 Surname_1349;Engineering;VP;Group_34,Group_97,Group_87,Group_47,Group_37,Group_9,Group_53,Group_32,Group_65
User_1350 Surname_1350;Finance;Intern;Group_53,Group_45,Group_22,Group_50,Group_13
User_1351 Surname_1351;Engineering;Analyst;Group_42,Group_97,Group_76,Group_58,Group_65,Group_17
User_1352 Surname_1352;Marketing;Associate;Group_37,Group_81,Group_32
User_1353 Surname_1353;Legal;VP;Group_70,Group_82,Group_6,Group_59,Group_57
User_1354 Surname_1354;Marketing;VP;Group_79,Group_24,Group_6,Group_88
User_1355 Surname_1355;Operations;Associate;Group_32,Group_62,Group_61,Group_88,Group_58,Group_89,Group_94
User_1356 Surname_1356;HR;Associate;Group_5,Group_98,Group_84,Group_60,Group_22,Group_36,Group_92,Group_87,Group_75
User_1357 Surname_1357;Marketing;Director;Group_61,Group_79,Group_58,Group_8,Group_32,Group_87
User_1358 Surname_1358;IT;Director;Group_22,Group_90,Group_39,Group_20,Group_17,Group_98,Group_28
User_1359 Surname_1359;Finance;Associate;Group_49,Group_7,Group_54,Group_63
User_1360 Surname_1360;Finance;Intern;Group_46,Group_32,Group_61,Group_7
User_1361 Surname_1361;Finance;Intern;Group_95,Group_7,Group_19,Group_23,Group_99,Group_44,Group_52
User_1362 Surname_1362;Legal;VP;Group_56,Group_83,Group_5,Group_52,Group_30,Group_92
User_1363 Surname_1363;Support;Manager;Group_26,Group_42
User_1364 Surname_1364;Legal;Analyst;Group_81,Group_38,Group_95,Group_78,Group_93,Group_10,Group_73,Group_32
User_1365 Surname_1365;Engineering;Manager;Group_11,Group_23,Group_94,Group_93
User_1366 Surname_1366;Support;Manager;Group_87,Group_33,Group_97,Group_48,Group_56
User_1367 Surname_1367;Legal;Intern;Group_8,Group_88
User_1368 Surname_1368;Sales;Associate;Group_24,Group_63,Group_79
User_1369 Surname_1369;Support;Intern;Group_79,Group_87,Group_17
User_1370 Surname_1370;Support;Director;Group_68,Group_97,Group_15,Group_31,Group_17
User_1371 Surname_1371;Product;VP;Group_52,Group_10
User_1372 Surname_1372;Support;Manager;Group_98,Group_14,Group_70
User_1373 Surname_1373;Legal;VP;Group_52,Group_14,Group_3,Group_77,Group_45
User_1374 Surname_1374;Legal;Analyst;Group_94,Group_3,Group_73,Group_60,Group_80,Group_56
User_1375 Surname_1375;Finance;Manager;Group_1,Group_87,Group_19
User_1376 Surname_1376;Finance;Associate;Group_45,Group_59,Group_13,Group_36,Group_60,Group_43,Group_63
User_1377 Surname_1377;Support;Director;Group_22,Group_80,Group_85,Group_70,Group_79,Group_44,Group_51
User_1378 Surname_1378;IT;Director;Group_32,Group_62,Group_89,Group_19,Group_14
User_1379 Surname_1379;Legal;Associate;Group_8,Group_92,Group_74,Group_90,Group_87,Group_46,Group_14
User_1380 Surname_1380;Engineering;VP;Group_72,Group_10,Group_27
User_1381 Surname_1381;Finance;Associate;Group_24,Group_72,Group_59,Group_39
User_1382 Surname_1382;IT;Analyst;Group_8,Group_69,Group_34,Group_58,Group_41,Group_15,Group_86,Group_54,Group_99
User_1383 Surname_1383;Finance;Associate;Group_6,Group_28
User_1384 Surname_1384;Product;Associate;Group_69,Group_12
User_1385 Surname_1385;Marketing;VP;Group_98,Group_41,Group_15,Group_60,Group_34,Group_7,Group_65,Group_52,Group_1,Group_62
User_1386 Surname_1386;Legal;Manager;Group_78,Group_48,Group_39,Group_33
User_1387 Surname_1387;Finance;Intern;Group_45,Group_43,Group_16,Group_55,Group_97,Group_73,Group_44
User_1388 Surname_1388;Marketing;VP;Group_37,Group_68
User_1389 Surname_1389;Operations;Associate;Group_10,Group_54,Group_18,Group_41
User_1390 Surname_1390;Engineering;Analyst;Group_100,Group_31,Group_56,Group_34,Group_80,Group_88,Group_47
User_1391 Surname_1391;Engineering;Manager;Group_61,Group_86,Group_59,Group_7
User_1392 Surname_1392;IT;Analyst;Group_48,Group_14,Group_40,Group_52,Group_67,Group_43,Group_39,Group_15,Group_77,Group_27
User_1393 Surname_1393;HR;Associate;Group_11,Group_9,Group_61,Group_34,Group_28,Group_90,Group_5,Group_41,Group_70
User_1394 Surname_1394;Legal;Manager;Group_73,Group_37,Group_20,Group_51,Group_96,Group_17,Group_3,Group_71,Group_16
User_1395 Surname_1395;Legal;Intern;Group_12,Group_90,Group_98,Group_82,Group_55,Group_97,Group_75,Group_87,Group_14
User_1396 Surname_1396;Product;Analyst;Group_18,Group_32,Group_89,Group_70,Group_12,Group_74,Group_41,Group_50,Group_95,Group_93
User_1397 Surname_1397;Sales;Associate;Group_19,Group_8,Group_75,Group_83,Group_76,Group_14,Group_30,Group_90,Group_92,Group_99
User_1398 Surname_1398;Engineering;Director;Group_50,Group_86,Group_64,Group_28,Group_94,Group_16,Group_13,Group_36,Group_7,Group_21
User_1399 Surname_1399;Operations;Intern;Group_75,Group_58,Group_45,Group_14,Group_80
User_1400 Surname_1400;Support;VP;Group_8,Group_13,Group_56,Group_61,Group_88,Group_86,Group_80,Group_52
User_1401 Surname_1401;Support;Manager;Group_59,Group_98,Group_1,Group_82,Group_24
User_1402 Surname_1402;Legal;Analyst;Group_88,Group_23,Group_50
User_1403 Surname_1403;Legal;Associate;Group_13,Group_38,Group_39,Group_7,Group_45,Group_22
User_1404 Surname_1404;Support;Director;Group_86,Group_42,Group_58
User_1405 Surname_1405;IT;Associate;Group_56,Group_19,Group_89,Group_1,Group_12,Group_45,Group_80,Group_59
User_1406 Surname_1406;HR;Director;Group_23,Group_86,Group_10,Group_89,Group_31,Group_50
User_1407 Surname_1407;Legal;Director;Group_63,Group_42,Group_7
User_1408 Surname_1408;HR;Associate;Group_72,Group_87,Group_82,Group_21,Group_91,Group_83,Group_9
User_1409 Surname_1409;Legal;Intern;Group_23,Group_84,Group_62,Group_16,Group_7,Group_51,Group_27,Group_52
User_1410 Surname_1410;Product;Associate;Group_15,Group_70,Group_46,Group_49,Group_95,Group_5,Group_9,Group_20,Group_85
User_1411 Surname_1411;Engineering;Analyst;Group_86,Group_100,Group_10
User_1412 Surname_1412;Legal;Intern;Group_21,Group_13,Group_62
User_1413 Surname_1413;Operations;Intern;Group_65,Group_75,Group_21,Group_25,Group_57,Group_61,Group_9
User_1414 Surname_1414;Operations;Intern;Group_85,Group_98,Group_9
User_1415 Surname_1415;Engineering;Associate;Group_21,Group_90,Group_57,Group_65,Group_10
User_1416 Surname_1416;Operations;Manager;Group_55,Group_91,Group_35,Group_28
User_1417 Surname_1417;Marketing;VP;Group_78,Group_46
User_1418 Surname_1418;Support;VP;Group_73,Group_1,Group_52,Group_24,Group_74,Group_34,Group_91,Group_31,Group_87
User_1419 Surname_1419;Product;Associate;Group_88,Group_68,Group_73,Group_24,Group_10,Group_38
User_1420 Surname_1420;Sales;Analyst;Group_47,Group_81
User_1421 Surname_1421;Finance;Director;Group_95,Group_11,Group_76,Group_65,Group_92
User_1422 Surname_1422;HR;Director;Group_91,Group_86,Group_78,Group_10,Group_24,Group_28,Group_20
User_1423 Surname_1423;Marketing;Associate;Group_48,Group_79,Group_66,Group_38
User_1424 Surname_1424;Legal;Associate;Group_1,Group_28,Group_99,Group_26,Group_81,Group_87,Group_58
User_1425 Surname_1425;Product;VP;Group_30,Group_84,Group_82,Group_19
User_1426 Surname_1426;Legal;VP;Group_16,Group_38,Group_75,Group_29,Group_5,Group_100
User_1427 Surname_1427;Product;Manager;Group_8,Group_63,Group_23,Group_38,Group_70,Group_77
User_1428 Surname_1428;Sales;Director;Group_83,Group_4,Group_64,Group_46,Group_95,Group_14,Group_45,Group_48,Group_60,Group_43
User_1429 Surname_1429;Product;Associate;Group_44,Group_94,Group_10,Group_28
User_1430 Surname_1430;Operations;VP;Group_5,Group_86,Group_32,Group_46
User_1431 Surname_1431;Legal;Manager;Group_75,Group_16,Group_70,Group_18,Group_82,Group_43
User_1432 Surname_1432;Product;VP;Group_98,Group_55,Group_7,Group_57
User_1433 Surname_1433;Marketing;Intern;Group_66,Group_70,Group_29,Group_23,Group_62
User_1434 Surname_1434;Product;Director;Group_66,Group_19,Group_43,Group_51,Group_49
User_1435 Surname_1435;Operations;Manager;Group_72,Group_12,Group_92
User_1436 Surname_1436;HR;Associate;Group_11,Group_49,Group_77,Group_70,Group_18,Group_17
User_1437 Surname_1437;Support;Associate;Group_10,Group_42,Group_12,Group_33,Group_70,Group_31,Group_6,Group_21
User_1438 Surname_1438;Legal;Analyst;Group_20,Group_71,Group_13,Group_100,Group_56,Group_3,Group_67,Group_88,Group_58,Group_78
User_1439 Surname_1439;Support;Associate;Group_48,Group_32,Group_61,Group_91,Group_55,Group_85,Group_29
User_1440 Surname_1440;Finance;Director;Group_73,Group_57,Group_21
User_1441 Surname_1441;Finance;VP;Group_19,Group_1,Group_34,Group_44
User_1442 Surname_1442;IT;Manager;Group_92,Group_28,Group_73,Group_91,Group_29,Group_84,Group_54
User_1443 Surname_1443;Marketing;Manager;Group_99,Group_23,Group_37,Group_20,Group_66
User_1444 Surname_1444;Legal;Associate;Group_84,Group_96,Group_63,Group_26,Group_73,Group_5,Group_97
User_1445 Surname_1445;IT;Manager;Group_98,Group_77,Group_44,Group_81,Group_64,Group_28,Group_6,Group_56,Group_76
User_1446 Surname_1446;HR;VP;Group_3,Group_16,Group_30,Group_57,Group_75,Group_28,Group_72,Group_63,Group_86
User_1447 Surname_1447;Legal;Analyst;Group_65,Group_53,Group_55,Group_97,Group_78,Group_85
User_1448 Surname_1448;HR;VP;Group_90,Group_94,Group_36,Group_7,Group_48,Group_75,Group_43,Group_86
User_1449 Surname_1449;HR;VP;Group_26,Group_31
User_1450 Surname_1450;Finance;Associate;Group_66,Group_44,Group_4,Group_57,Group_78
User_1451 Surname_1451;Operations;Intern;Group_62,Group_16,Group_26,Group_41,Group_37,Group_13,Group_1,Group_84,Group_60,Group_83
User_1452 Surname_1452;Support;Analyst;Group_23,Group_42,Group_25
User_1453 Surname_1453;Product;Analyst;Group_30,Group_2,Group_49
User_1454 Surname_1454;Finance;Analyst;Group_15,Group_84,Group_46,Group_6,Group_22,Group_14
User_1455 Surname_1455;Support;Associate;Group_76,Group_30,Group_68,Group_42,Group_5,Group_23,Group_93,Group_9
User_1456 Surname_1456;Operations;Associate;Group_55,Group_45,Group_1,Group_66,Group_35,Group_33,Group_68,Group_73
User_1457 Surname_1457;Engineering;Manager;Group_46,Group_12,Group_59,Group_65
User_1458 Surname_1458;Operations;VP;Group_38,Group_88
User_1459 Surname_1459;Product;Associate;Group_58,Group_76
User_1460 Surname_1460;Operations;Analyst;Group_15,Group_37,Group_2
User_1461 Surname_1461;Legal;Manager;Group_88,Group_2,Group_1,Group_92,Group_69,Group_62,Group_70
User_1462 Surname_1462;IT;Director;Group_25,Group_15,Group_70,Group_39,Group_80,Group_13
User_1463 Surname_1463;Sales;Associate;Group_78,Group_35,Group_76,Group_93,Group_66,Group_57
User_1464 Surname_1464;Engineering;Manager;Group_24,Group_65,Group_68,Group_70,Group_35,Group_38,Group_67,Group_39,Group_62,Group_93
User_1465 Surname_1465;Marketing;Associate;Group_70,Group_53,Group_88,Group_64,Group_9,Group_83,Group_36,Group_32,Group_67
User_1466 Surname_1466;Product;Intern;Group_98,Group_22,Group_70
User_1467 Surname_1467;Engineering;Director;Group_43,Group_16,Group_4,Group_13,Group_78,Group_63,Group_53
User_1468 Surname_1468;Operations;Associate;Group_59,Group_37,Group_22,Group_87,Group_72,Group_15,Group_31,Group_100,Group_23
User_1469 Surname_1469;Finance;Manager;Group_60,Group_64,Group_17,Group_87,Group_31,Group_79,Group_36,Group_40,Group_43
User_1470 Surname_1470;HR;Associate;Group_99,Group_86,Group_37,Group_27,Group_55
User_1471 Surname_1471;Support;Associate;Group_85,Group_57,Group_29,Group_11,Group_20
User_1472 Surname_1472;Engineering;Manager;Group_45,Group_22,Group_93,Group_54,Group_4,Group_17,Group_42,Group_19,Group_10
User_1473 Surname_1473;Operations;VP;Group_90,Group_53,Group_50,Group_31,Group_96,Group_5,Group_79,Group_87
User_1474 Surname_1474;Legal;Associate;Group_33,Group_34,Group_32,Group_51,Group_71,Group_50,Group_55
User_1475 Surname_1475;Operations;Associate;Group_79,Group_62,Group_47
User_1476 Surname_1476;Operations;VP;Group_78,Group_88,Group_72
User_1477 Surname_1477;Sales;Intern;Group_36,Group_4,Group_72,Group_34,Group_66,Group_63,Group_95,Group_97,Group_53,Group_31
User_1478 Surname_1478;Engineering;VP;Group_79,Group_21,Group_44,Group_47,Group_98,Group_75,Group_24,Group_30,Group_19,Group_89
User_1479 Surname_1479;Engineering;Director;Group_43,Group_48,Group_60,Group_54,Group_72,Group_96,Group_18
User_1480 Surname_1480;Finance;Associate;Group_85,Group_11,Group_50
User_1481 Surname_1481;Marketing;Associate;Group_98,Group_11,Group_7,Group_22,Group_79,Group_52
User_1482 Surname_1482;Operations;Manager;Group_90,Group_53,Group_30,Group_10,Group_55,Group_44,Group_96,Group_87,Group_12
User_1483 Surname_1483;Marketing;Intern;Group_91,Group_36,Group_30,Group_25,Group_100,Group_13,Group_69
User_1484 Surname_1484;Finance;Associate;Group_94,Group_75,Group_49,Group_52,Group_80,Group_64,Group_13
User_1485 Surname_1485;Product;Manager;Group_78,Group_55,Group_38
User_1486 Surname_1486;Marketing;Analyst;Group_39,Group_45,Group_69,Group_95,Group_83,Group_30
User_1487 Surname_1487;Sales;Analyst;Group_85,Group_35,Group_43,Group_57,Group_73,Group_92,Group_38,Group_54,Group_72
User_1488 Surname_1488;Marketing;Analyst;Group_77,Group_9,Group_62
User_1489 Surname_1489;Legal;VP;Group_10,Group_57,Group_72,Group_47,Group_40,Group_91,Group_94,Group_44,Group_46,Group_98
User_1490 Surname_1490;Sales;Intern;Group_50,Group_91,Group_75,Group_77,Group_40,Group_79,Group_88,Group_69,Group_14
User_1491 Surname_1491;Engineering;Associate;Group_83,Group_44,Group_79,Group_93,Group_55,Group_82,Group_75,Group_58,Group_96
User_1492 Surname_1492;Engineering;Director;Group_4,Group_92,Group_26,Group_28,Group_79,Group_86,Group_31
User_1493 Surname_1493;HR;Director;Group_90,Group_82,Group_100
User_1494 Surname_1494;Operations;Analyst;Group_82,Group_78,Group_9,Group_73
User_1495 Surname_1495;Sales;Director;Group_88,Group_92,Group_26,Group_40
User_1496 Surname_1496;Marketing;Director;Group_93,Group_36,Group_94,Group_31,Group_28,Group_46,Group_77,Group_27
User_1497 Surname_1497;Support;Intern;Group_99,Group_26,Group_71
User_1498 Surname_1498;IT;VP;Group_5,Group_97,Group_41,Group_76,Group_98,Group_62,Group_48
User_1499 Surname_1499;Engineering;Manager;Group_55,Group_64,Group_49,Group_76
User_1500 Surname_1500;HR;VP;Group_68,Group_63,Group_52,Group_26,Group_2,Group_78,Group_32,Group_71,Group_100,Group_6
User_1501 Surname_1501;Operations;Director;Group_23,Group_46,Group_75,Group_48,Group_61,Group_11,Group_45
User_1502 Surname_1502;Product;Manager;Group_23,Group_68,Group_7,Group_64,Group_41,Group_84,Group_73,Group_74
User_1503 Surname_1503;Sales;Intern;Group_5,Group_43,Group_87
User_1504 Surname_1504;Finance;Director;Group_23,Group_1,Group_56
User_1505 Surname_1505;Finance;Associate;Group_9,Group_71,Group_86
User_1506 Surname_1506;Legal;Associate;Group_77,Group_60,Group_22,Group_34,Group_12,Group_8,Group_84,Group_91
User_1507 Surname_1507;Sales;Manager;Group_57,Group_76,Group_28,Group_34,Group_56,Group_97,Group_83
User_1508 Surname_1508;Engineering;Analyst;Group_41,Group_62,Group_18,Group_45,Group_47,Group_92
User_1509 Surname_1509;IT;Intern;Group_5,Group_82,Group_21,Group_43
User_1510 Surname_1510;Sales;Analyst;Group_58,Group_26,Group_64,Group_32,Group_13,Group_53
User_1511 Surname_1511;Engineering;VP;Group_83,Group_1,Group_27,Group_92,Group_34,Group_94,Group_41,Group_72,Group_13
User_1512 Surname_1512;Sales;Manager;Group_80,Group_36,Group_29,Group_71,Group_49,Group_42,Group_25
User_1513 Surname_1513;Engineering;Manager;Group_66,Group_9
User_1514 Surname_1514;HR;Manager;Group_100,Group_85
User_1515 Surname_1515;Support;Associate;Group_95,Group_20,Group_39,Group_42,Group_31,Group_53
User_1516 Surname_1516;Engineering;Director;Group_47,Group_6
User_1517 Surname_1517;Engineering;Director;Group_72,Group_83,Group_78,Group_14
User_1518 Surname_1518;Product;Manager;Group_73,Group_59,Group_38,Group_24
User_1519 Surname_1519;HR;Intern;Group_59,Group_30,Group_68,Group_44,Group_7,Group_100,Group_72,Group_35,Group_10,Group_13
User_1520 Surname_1520;Legal;Associate;Group_80,Group_18,Group_69,Group_34,Group_52,Group_87
User_1521 Surname_1521;Finance;Associate;Group_51,Group_46,Group_7,Group_10,Group_94,Group_86,Group_72
User_1522 Surname_1522;Engineering;Analyst;Group_73,Group_72,Group_28,Group_85,Group_78
User_1523 Surname_1523;Legal;VP;Group_76,Group_37,Group_13,Group_54,Group_25,Group_65
User_1524 Surname_1524;Operations;Director;Group_55,Group_73,Group_91,Group_35,Group_86,Group_46
User_1525 Surname_1525;HR;Analyst;Group_27,Group_83,Group_17,Group_10,Group_77,Group_26
User_1526 Surname_1526;Legal;Manager;Group_49,Group_38,Group_8,Group_15,Group_3
User_1527 Surname_1527;Product;Intern;Group_78,Group_21,Group_57
User_1528 Surname_1528;Engineering;Manager;Group_61,Group_64,Group_3,Group_72,Group_82,Group_51,Group_56,Group_42
User_1529 Surname_1529;Engineering;VP;Group_67,Group_81,Group_32,Group_56,Group_33,Group_75,Group_59,Group_10,Group_41,Group_92
User_1530 Surname_1530;Support;Intern;Group_34,Group_92
User_1531 Surname_1531;Support;VP;Group_66,Group_87,Group_83
User_1532 Surname_1532;IT;Intern;Group_83,Group_38,Group_62
User_1533 Surname_1533;IT;Analyst;Group_13,Group_89,Group_11,Group_66,Group_31,Group_99,Group_8
User_1534 Surname_1534;Sales;Intern;Group_48,Group_77,Group_9,Group_32,Group_100
User_1535 Surname_1535;Marketing;Manager;Group_60,Group_83,Group_30,Group_63,Group_69,Group_2,Group_23,Group_89
User_1536 Surname_1536;Product;VP;Group_24,Group_66,Group_85,Group_49,Group_55,Group_16,Group_19
User_1537 Surname_1537;Support;Director;Group_100,Group_65,Group_86,Group_58,Group_78,Group_82
User_1538 Surname_1538;Sales;VP;Group_42,Group_49,Group_97
User_1539 Surname_1539;Sales;Analyst;Group_11,Group_38,Group_22,Group_24,Group_47,Group_14,Group_59,Group_92
User_1540 Surname_1540;Legal;Analyst;Group_29,Group_84
User_1541 Surname_1541;Product;Manager;Group_61,Group_40,Group_94,Group_4,Group_85,Group_37,Group_24
User_1542 Surname_1542;Finance;Intern;Group_17,Group_81,Group_67,Group_22,Group_74
User_1543 Surname_1543;Legal;Analyst;Group_58,Group_50
User_1544 Surname_1544;IT;Associate;Group_74,Group_73,Group_4,Group_94,Group_78,Group_71,Group_34,Group_28
User_1545 Surname_1545;Finance;Analyst;Group_75,Group_54
User_1546 Surname_1546;Legal;Analyst;Group_72,Group_94,Group_18,Group_30,Group_2,Group_4,Group_95,Group_82,Group_15
User_1547 Surname_1547;Operations;Associate;Group_58,Group_25,Group_80,Group_67,Group_71,Group_18,Group_17
User_1548 Surname_1548;Engineering;Director;Group_1,Group_4
User_1549 Surname_1549;Marketing;Analyst;Group_56,Group_78,Group_42,Group_81
User_1550 Surname_1550;Product;Analyst;Group_40,Group_29,Group_84
User_1551 Surname_1551;Finance;VP;Group_15,Group_73,Group_81,Group_97,Group_5
User_1552 Surname_1552;Legal;Associate;Group_42,Group_54,Group_33,Group_74,Group_99,Group_82,Group_98,Group_62
User_1553 Surname_1553;Sales;Analyst;Group_42,Group_32,Group_58
User_1554 Surname_1554;Legal;Intern;Group_3,Group_74,Group_11,Group_99
User_1555 Surname_1555;Legal;Manager;Group_37,Group_25
User_1556 Surname_1556;Legal;Director;Group_67,Group_74,Group_78,Group_12
User_1557 Surname_1557;Finance;Manager;Group_45,Group_99,Group_7,Group_93,Group_4,Group_23,Group_55,Group_18
User_1558 Surname_1558;Operations;Intern;Group_85,Group_58,Group_69,Group_65,Group_73,Group_83,Group_86,Group_9,Group_60,Group_89
User_1559 Surname_1559;Sales;VP;Group_56,Group_52,Group_58,Group_100,Group_1
User_1560 Surname_1560;IT;Analyst;Group_79,Group_49
User_1561 Surname_1561;HR;VP;Group_78,Group_46,Group_37,Group_25,Group_93,Group_21
User_1562 Surname_1562;IT;Manager;Group_90,Group_99,Group_60,Group_46,Group_54,Group_11,Group_2
User_1563 Surname_1563;IT;Associate;Group_74,Group_87,Group_72,Group_15,Group_67
User_1564 Surname_1564;Operations;Associate;Group_20,Group_52
User_1565 Surname_1565;Engineering;Director;Group_9,Group_21,Group_56,Group_58,Group_51,Group_97,Group_83,Group_95,Group_28
User_1566 Surname_1566;Product;Director;Group_62,Group_45,Group_70
User_1567 Surname_1567;Legal;VP;Group_79,Group_80,Group_35,Group_85,Group_23,Group_34,Group_24
User_1568 Surname_1568;Finance;Associate;Group_19,Group_4,Group_41,Group_76
User_1569 Surname_1569;Finance;Associate;Group_95,Group_17,Group_28,Group_80,Group_38,Group_51,Group_20
User_1570 Surname_1570;Support;Intern;Group_46,Group_71,Group_92
User_1571 Surname_1571;Finance;Analyst;Group_77,Group_65,Group_90,Group_72,Group_93,Group_50,Group_5
User_1572 Surname_1572;Engineering;Associate;Group_95,Group_16,Group_57
User_1573 Surname_1573;Legal;Manager;Group_5,Group_26,Group_14,Group_67,Group_85
User_1574 Surname_1574;Support;Analyst;Group_43,Group_14,Group_29
User_1575 Surname_1575;Finance;Manager;Group_73,Group_33,Group_91,Group_86,Group_3,Group_28,Group_49,Group_93,Group_2
User_1576 Surname_1576;IT;Manager;Group_3,Group_41
User_1577 Surname_1577;Engineering;VP;Group_36,Group_78,Group_29,Group_18,Group_23
User_1578 Surname_1578;Finance;Analyst;Group_81,Group_29,Group_76,Group_60,Group_62
User_1579 Surname_1579;Operations;Analyst;Group_18,Group_62,Group_28,Group_96,Group_79,Group_45
User_1580 Surname_1580;HR;Intern;Group_91,Group_33,Group_31,Group_82,Group_57
User_1581 Surname_1581;Legal;VP;Group_11,Group_56,Group_33,Group_55
User_1582 Surname_1582;Finance;Associate;Group_38,Group_56,Group_15,Group_13
User_1583 Surname_1583;Legal;Intern;Group_33,Group_72,Group_22
User_1584 Surname_1584;Finance;Manager;Group_20,Group_100,Group_80,Group_22,Group_29
User_1585 Surname_1585;Engineering;Associate;Group_38,Group_92,Group_14,Group_35,Group_25,Group_9,Group_54
User_1586 Surname_1586;Sales;Intern;Group_87,Group_7,Group_100,Group_73,Group_82,Group_22,Group_49,Group_67
User_1587 Surname_1587;Product;VP;Group_68,Group_71,Group_64,Group_10,Group_22,Group_15,Group_36,Group_70,Group_50
User_1588 Surname_1588;Product;Analyst;Group_83,Group_30,Group_91,Group_97,Group_22,Group_37,Group_88,Group_35,Group_18,Group_90
User_1589 Surname_1589;Legal;Associate;Group_85,Group_68
User_1590 Surname_1590;Support;Analyst;Group_91,Group_67,Group_69,Group_52
User_1591 Surname_1591;IT;VP;Group_14,Group_87,Group_92,Group_77,Group_41,Group_52,Group_54,Group_65
User_1592 Surname_1592;Legal;Intern;Group_32,Group_71
User_1593 Surname_1593;Operations;VP;Group_81,Group_41,Group_52,Group_65,Group_6,Group_25,Group_45,Group_24
User_1594 Surname_1594;HR;VP;Group_75,Group_58,Group_20,Group_21
User_1595 Surname_1595;Operations;Manager;Group_1,Group_79,Group_5,Group_71,Group_91,Group_50
User_1596 Surname_1596;HR;Analyst;Group_98,Group_24,Group_28,Group_13,Group_53,Group_100,Group_75,Group_69,Group_41
User_1597 Surname_1597;Operations;Manager;Group_92,Group_32,Group_3,Group_42,Group_77,Group_2,Group_79,Group_86,Group_47,Group_100
User_1598 Surname_1598;HR;Manager;Group_65,Group_52,Group_37,Group_39,Group_83,Group_36,Group_78,Group_3,Group_50,Group_54
User_1599 Surname_1599;Engineering;Director;Group_21,Group_60,Group_3
User_1600 Surname_1600;HR;VP;Group_91,Group_24,Group_76,Group_44,Group_5,Group_77,Group_89,Group_68,Group_2
User_1601 Surname_1601;Engineering;Manager;Group_65,Group_11,Group_48,Group_89,Group_5,Group_38,Group_54,Group_47,Group_87
User_1602 Surname_1602;Support;Associate;Group_33,Group_93,Group_5,Group_4,Group_3
User_1603 Surname_1603;Marketing;Associate;Group_65,Group_3,Group_9,Group_80,Group_33,Group_74,Group_61
User_1604 Surname_1604;Operations;Director;Group_53,Group_64,Group_75,Group_3,Group_86,Group_78,Group_90,Group_61
User_1605 Surname_1605;Legal;VP;Group_26,Group_60,Group_84,Group_25,Group_10,Group_89,Group_79,Group_33,Group_14,Group_48
User_1606 Surname_1606;HR;Director;Group_84,Group_53,Group_69,Group_72,Group_25,Group_88,Group_16,Group_12
User_1607 Surname_1607;IT;Associate;Group_41,Group_56,Group_50,Group_97,Group_47,Group_9,Group_45
User_1608 Surname_1608;Support;Analyst;Group_77,Group_11,Group_89,Group_80,Group_52,Group_25,Group_30,Group_78
User_1609 Surname_1609;Engineering;Director;Group_66,Group_97,Group_92,Group_85,Group_14,Group_47,Group_3,Group_16,Group_75
User_1610 Surname_1610;Product;Director;Group_46,Group_70,Group_48
User_1611 Surname_1611;Product;Director;Group_16,Group_31,Group_21,Group_29
User_1612 Surname_1612;Engineering;Director;Group_57,Group_75,Group_40,Group_3,Group_38,Group_15,Group_19
User_1613 Surname_1613;Engineering;Manager;Group_95,Group_94,Group_81,Group_25,Group_72
User_1614 Surname_1614;IT;Director;Group_81,Group_93
User_1615 Surname_1615;Engineering;Director;Group_10,Group_60,Group_41,Group_36,Group_40,Group_86
User_1616 Surname_1616;Marketing;VP;Group_16,Group_48,Group_46
User_1617 Surname_1617;Sales;Intern;Group_21,Group_73,Group_99,Group_47,Group_88,Group_64
User_1618 Surname_1618;Sales;Analyst;Group_61,Group_26,Group_47,Group_88,Group_39
User_1619 Surname_1619;IT;VP;Group_62,Group_36,Group_91,Group_88,Group_82,Group_63,Group_20,Group_27
User_1620 Surname_1620;Engineering;Intern;Group_5,Group_40
User_1621 Surname_1621;Legal;Intern;Group_31,Group_15,Group_64
User_1622 Surname_1622;Engineering;Analyst;Group_81,Group_67,Group_96
User_1623 Surname_1623;HR;Analyst;Group_84,Group_28,Group_77,Group_82
User_1624 Surname_1624;Support;VP;Group_58,Group_6
User_1625 Surname_1625;Sales;Analyst;Group_18,Group_88,Group_57
User_1626 Surname_1626;IT;Analyst;Group_13,Group_4
User_1627 Surname_1627;Support;Manager;Group_61,Group_81,Group_47
User_1628 Surname_1628;Product;Analyst;Group_13,Group_39,Group_99
User_1629 Surname_1629;Legal;VP;Group_48,Group_58,Group_14,Group_57,Group_1,Group_84,Group_76
User_1630 Surname_1630;Sales;Manager;Group_92,Group_43,Group_63,Group_78,Group_53,Group_11,Group_57,Group_17
User_1631 Surname_1631;Operations;Analyst;Group_82,Group_46
User_1632 Surname_1632;Marketing;Manager;Group_66,Group_42,Group_30,Group_22
User_1633 Surname_1633;Marketing;Director;Group_20,Group_76,Group_8,Group_25,Group_47,Group_100,Group_32
User_1634 Surname_1634;Operations;Analyst;Group_86,Group_10,Group_34,Group_67,Group_75
User_1635 Surname_1635;HR;VP;Group_15,Group_82,Group_5,Group_96
User_1636 Surname_1636;Finance;Manager;Group_35,Group_53,Group_70,Group_59,Group_89,Group_90,Group_9,Group_43,Group_19
User_1637 Surname_1637;Marketing;Manager;Group_79,Group_22,Group_13,Group_52,Group_7,Group_4,Group_12,Group_89,Group_66
User_1638 Surname_1638;Product;Manager;Group_16,Group_40,Group_4,Group_65,Group_31,Group_39,Group_56,Group_67,Group_34,Group_18
User_1639 Surname_1639;Engineering;VP;Group_4,Group_72,Group_34
User_1640 Surname_1640;Operations;Intern;Group_48,Group_97,Group_34,Group_58,Group_11,Group_51,Group_6,Group_90,Group_23,Group_65
User_1641 Surname_1641;Marketing;Analyst;Group_90,Group_54,Group_80,Group_16,Group_97,Group_53
User_1642 Surname_1642;HR;VP;Group_61,Group_59,Group_99,Group_6,Group_20
User_1643 Surname_1643;Support;Intern;Group_3,Group_13,Group_59,Group_72,Group_63,Group_29,Group_62,Group_81,Group_90,Group_71
User_1644 Surname_1644;Marketing;VP;Group_79,Group_5,Group_66,Group_95,Group_55,Group_8,Group_100
User_1645 Surname_1645;Marketing;Director;Group_26,Group_10,Group_49,Group_75
User_1646 Surname_1646;Marketing;Associate;Group_20,Group_13,Group_35,Group_45
User_1647 Surname_1647;Operations;Director;Group_79,Group_70,Group_59,Group_21,Group_65,Group_8,Group_80,Group_26
User_1648 Surname_1648;Product;VP;Group_94,Group_44,Group_46,Group_52,Group_65,Group_80,Group_37
User_1649 Surname_1649;Support;Manager;Group_59,Group_56,Group_63,Group_99,Group_94,Group_19,Group_76,Group_83
User_1650 Surname_1650;Legal;Manager;Group_73,Group_92,Group_95,Group_50
User_1651 Surname_1651;Marketing;Analyst;Group_94,Group_30,Group_77,Group_34,Group_96,Group_42,Group_15,Group_4,Group_85,Group_87
User_1652 Surname_1652;Marketing;Director;Group_58,Group_42,Group_7,Group_31,Group_65,Group_51
User_1653 Surname_1653;Sales;Manager;Group_8,Group_69,Group_43,Group_21,Group_67,Group_32,Group_89,Group_45,Group_95,Group_56
User_1654 Surname_1654;Finance;Analyst;Group_89,Group_63
User_1655 Surname_1655;Engineering;Manager;Group_29,Group_9,Group_91,Group_6,Group_5,Group_45,Group_74,Group_72
User_1656 Surname_1656;Sales;Manager;Group_45,Group_22,Group_85,Group_61
User_1657 Surname_1657;HR;Analyst;Group_19,Group_33,Group_24,Group_48,Group_58,Group_18,Group_40,Group_6,Group_100,Group_62
User_1658 Surname_1658;Engineering;Director;Group_67,Group_73
User_1659 Surname_1659;Operations;Associate;Group_12,Group_44
User_1660 Surname_1660;Support;Manager;Group_28,Group_74,Group_94,Group_78,Group_57,Group_6,Group_95,Group_10,Group_79,Group_43
User_1661 Surname_1661;Engineering;VP;Group_81,Group_8,Group_65
User_1662 Surname_1662;Engineering;Intern;Group_82,Group_44,Group_5,Group_54,Group_20,Group_70,Group_77,Group_85
User_1663 Surname_1663;Marketing;Associate;Group_12,Group_43,Group_88,Group_26,Group_33,Group_10
User_1664 Surname_1664;Marketing;Manager;Group_65,Group_100,Group_18
User_1665 Surname_1665;HR;Analyst;Group_23,Group_59,Group_42,Group_91,Group_8,Group_83,Group_11,Group_6,Group_7,Group_34
User_1666 Surname_1666;Support;Analyst;Group_82,Group_10,Group_60,Group_1,Group_87,Group_6,Group_64,Group_4,Group_58
User_1667 Surname_1667;Sales;Manager;Group_6,Group_94
User_1668 Surname_1668;Finance;Director;Group_41,Group_74,Group_17,Group_92,Group_87,Group_94
User_1669 Surname_1669;Finance;Intern;Group_74,Group_33,Group_100,Group_86,Group_19,Group_25,Group_43
User_1670 Surname_1670;Marketing;Manager;Group_68,Group_32,Group_25,Group_56
User_1671 Surname_1671;IT;Associate;Group_93,Group_57,Group_17,Group_43,Group_86,Group_32,Group_95
User_1672 Surname_1672;Sales;Manager;Group_67,Group_79,Group_31,Group_61
User_1673 Surname_1673;Legal;Intern;Group_4,Group_60,Group_55
User_1674 Surname_1674;HR;Associate;Group_86,Group_100,Group_10,Group_44,Group_67,Group_18,Group_73,Group_30,Group_87,Group_68
User_1675 Surname_1675;Marketing;Associate;Group_87,Group_71,Group_54,Group_27
User_1676 Surname_1676;Marketing;VP;Group_72,Group_54
User_1677 Surname_1677;Operations;Analyst;Group_48,Group_6
User_1678 Surname_1678;HR;VP;Group_61,Group_28,Group_80,Group_26,Group_60
User_1679 Surname_1679;Engineering;Analyst;Group_58,Group_61,Group_10,Group_89,Group_91,Group_80,Group_17,Group_19,Group_97
User_1680 Surname_1680;Engineering;Analyst;Group_33,Group_23,Group_100,Group_87,Group_8,Group_78,Group_67
User_1681 Surname_1681;Finance;Manager;Group_85,Group_38,Group_1,Group_30,Group_51,Group_39,Group_78,Group_23,Group_45
User_1682 Surname_1682;Marketing;Director;Group_32,Group_28,Group_2,Group_43,Group_58,Group_55,Group_39,Group_91,Group_7,Group_30
User_1683 Surname_1683;Support;VP;Group_21,Group_30
User_1684 Surname_1684;Engineering;VP;Group_1,Group_89,Group_64,Group_66,Group_99
User_1685 Surname_1685;Sales;VP;Group_31,Group_7,Group_87,Group_27,Group_38,Group_8,Group_99,Group_32,Group_84,Group_30
User_1686 Surname_1686;Legal;Analyst;Group_29,Group_69,Group_82,Group_49,Group_10,Group_30,Group_8
User_1687 Surname_1687;Operations;Analyst;Group_54,Group_10,Group_61,Group_97
User_1688 Surname_1688;Marketing;Analyst;Group_3,Group_60,Group_11,Group_7,Group_95,Group_25,Group_38,Group_72,Group_76,Group_35
User_1689 Surname_1689;Sales;Director;Group_2,Group_45
User_1690 Surname_1690;Operations;Director;Group_81,Group_52,Group_32,Group_36,Group_38,Group_44
User_1691 Surname_1691;Product;Manager;Group_32,Group_8,Group_16,Group_71,Group_54,Group_9
User_1692 Surname_1692;Legal;VP;Group_50,Group_86,Group_72
User_1693 Surname_1693;Legal;Director;Group_7,Group_30,Group_75,Group_91
User_1694 Surname_1694;Product;VP;Group_100,Group_21,Group_81,Group_78,Group_63,Group_82,Group_27,Group_2
User_1695 Surname_1695;Product;Associate;Group_65,Group_48,Group_16,Group_30,Group_93,Group_81,Group_74
User_1696 Surname_1696;Legal;Manager;Group_100,Group_92,Group_82,Group_32
User_1697 Surname_1697;Engineering;Associate;Group_63,Group_2,Group_87,Group_16
User_1698 Surname_1698;Sales;Director;Group_64,Group_81,Group_35,Group_36,Group_84,Group_25
User_1699 Surname_1699;Legal;Manager;Group_22,Group_19,Group_89
User_1700 Surname_1700;Support;Manager;Group_54,Group_75,Group_9,Group_6,Group_13,Group_20,Group_24,Group_1,Group_77,Group_16
User_1701 Surname_1701;IT;Associate;Group_86,Group_41,Group_87,Group_39,Group_81,Group_3
User_1702 Surname_1702;HR;Analyst;Group_85,Group_49
User_1703 Surname_1703;Product;Associate;Group_94,Group_89,Group_87,Group_25,Group_41
User_1704 Surname_1704;Engineering;Intern;Group_8,Group_86,Group_55,Group_77
User_1705 Surname_1705;Sales;Associate;Group_50,Group_78,Group_95,Group_23,Group_85,Group_3,Group_94,Group_80,Group_58,Group_100
User_1706 Surname_1706;Operations;VP;Group_33,Group_24,Group_47
User_1707 Surname_1707;Sales;Manager;Group_28,Group_35,Group_84
User_1708 Surname_1708;IT;Associate;Group_58,Group_48,Group_2,Group_8,Group_35,Group_94
User_1709 Surname_1709;Engineering;VP;Group_16,Group_65,Group_62,Group_93,Group_40,Group_20,Group_55,Group_90,Group_12
User_1710 Surname_1710;IT;Director;Group_98,Group_90,Group_19,Group_59,Group_70,Group_84,Group_27,Group_93,Group_2
User_1711 Surname_1711;IT;Director;Group_10,Group_29,Group_15,Group_23,Group_45,Group_38,Group_21
User_1712 Surname_1712;HR;VP;Group_89,Group_19
User_1713 Surname_1713;Operations;VP;Group_77,Group_40,Group_86
User_1714 Surname_1714;Finance;VP;Group_91,Group_9,Group_12,Group_51,Group_73,Group_68
User_1715 Surname_1715;Support;VP;Group_44,Group_25,Group_89,Group_93,Group_86,Group_14,Group_51,Group_54,Group_5
User_1716 Surname_1716;Legal;Director;Group_13,Group_25,Group_17,Group_12,Group_52,Group_99,Group_75,Group_90,Group_23,Group_11
User_1717 Surname_1717;Operations;Intern;Group_9,Group_19,Group_93
User_1718 Surname_1718;Engineering;Intern;Group_25,Group_75,Group_27,Group_23
User_1719 Surname_1719;HR;Associate;Group_28,Group_75
User_1720 Surname_1720;Marketing;Analyst;Group_83,Group_36,Group_29,Group_40,Group_76,Group_25,Group_37
User_1721 Surname_1721;HR;Director;Group_18,Group_46,Group_66,Group_52,Group_88,Group_32
User_1722 Surname_1722;Marketing;Manager;Group_55,Group_43,Group_19,Group_34,Group_8,Group_3,Group_35,Group_28,Group_70
User_1723 Surname_1723;HR;Intern;Group_15,Group_25,Group_81,Group_82,Group_43
User_1724 Surname_1724;Support;Analyst;Group_30,Group_45,Group_40
User_1725 Surname_1725;IT;Director;Group_6,Group_93,Group_16
User_1726 Surname_1726;Sales;Intern;Group_68,Group_3,Group_74,Group_86
User_1727 Surname_1727;Sales;Director;Group_37,Group_47,Group_61,Group_26,Group_18,Group_31
User_1728 Surname_1728;HR;Manager;Group_36,Group_74,Group_41,Group_31,Group_86,Group_46,Group_47
User_1729 Surname_1729;Finance;Director;Group_38,Group_15,Group_91
User_1730 Surname_1730;Legal;Associate;Group_46,Group_77,Group_38,Group_98
User_1731 Surname_1731;HR;Associate;Group_98,Group_58,Group_59,Group_94,Group_68,Group_84
User_1732 Surname_1732;Legal;VP;Group_21,Group_73,Group_34
User_1733 Surname_1733;IT;Associate;Group_11,Group_71,Group_21,Group_18,Group_41,Group_83,Group_38,Group_89
User_1734 Surname_1734;Operations;Intern;Group_82,Group_60,Group_57,Group_54,Group_85,Group_52,Group_43,Group_100
User_1735 Surname_1735;Finance;Director;Group_90,Group_75,Group_79,Group_49,Group_9,Group_64,Group_78,Group_67,Group_77
User_1736 Surname_1736;Product;Manager;Group_24,Group_68,Group_46,Group_66,Group_84,Group_3,Group_54,Group_95
User_1737 Surname_1737;Marketing;Associate;Group_13,Group_2,Group_36
User_1738 Surname_1738;Product;Associate;Group_39,Group_5,Group_88,Group_65,Group_98
User_1739 Surname_1739;Operations;Director;Group_79,Group_93,Group_29,Group_56,Group_1
User_1740 Surname_1740;Product;Associate;Group_45,Group_50,Group_60,Group_56,Group_51,Group_82,Group_36
User_1741 Surname_1741;Marketing;Manager;Group_49,Group_59,Group_24,Group_96,Group_95,Group_91
User_1742 Surname_1742;Support;VP;Group_7,Group_97,Group_87
User_1743 Surname_1743;Operations;Associate;Group_98,Group_81,Group_75,Group_15,Group_9,Group_12,Group_95,Group_58
User_1744 Surname_1744;Product;VP;Group_24,Group_78,Group_16,Group_27
User_1745 Surname_1745;Sales;Director;Group_67,Group_85,Group_25,Group_97,Group_89,Group_58,Group_9
User_1746 Surname_1746;Engineering;VP;Group_89,Group_30,Group_8,Group_14,Group_46,Group_16,Group_62
User_1747 Surname_1747;Legal;Analyst;Group_9,Group_52,Group_2,Group_32,Group_71,Group_26,Group_85,Group_75,Group_43
User_1748 Surname_1748;Operations;Intern;Group_97,Group_30,Group_40,Group_2,Group_61,Group_72,Group_9,Group_55,Group_25
User_1749 Surname_1749;Legal;Manager;Group_64,Group_31,Group_100,Group_72,Group_32,Group_57,Group_71,Group_81,Group_96
User_1750 Surname_1750;IT;Associate;Group_83,Group_16,Group_44,Group_85,Group_52
User_1751 Surname_1751;Sales;Intern;Group_67,Group_55,Group_36,Group_96,Group_54,Group_43,Group_12
User_1752 Surname_1752;Marketing;Analyst;Group_54,Group_64,Group_41,Group_100,Group_12,Group_11,Group_66,Group_55,Group_7,Group_13
User_1753 Surname_1753;IT;VP;Group_65,Group_37,Group_21,Group_84,Group_26,Group_13,Group_67
User_1754 Surname_1754;Engineering;Intern;Group_6,Group_97
User_1755 Surname_1755;IT;Manager;Group_39,Group_94,Group_61,Group_85,Group_80,Group_35,Group_59,Group_58,Group_99
User_1756 Surname_1756;Product;Intern;Group_75,Group_94
User_1757 Surname_1757;Sales;Manager;Group_97,Group_58,Group_2
User_1758 Surname_1758;Product;Director;Group_56,Group_23
User_1759 Surname_1759;IT;Director;Group_45,Group_10,Group_99,Group_68
User_1760 Surname_1760;Operations;Analyst;Group_64,Group_83,Group_55,Group_31,Group_40
User_1761 Surname_1761;Legal;Director;Group_47,Group_5,Group_25,Group_88,Group_33
User_1762 Surname_1762;Finance;Associate;Group_1,Group_77,Group_55,Group_27,Group_91,Group_62,Group_75
User_1763 Surname_1763;Finance;VP;Group_50,Group_40,Group_75,Group_81,Group_56,Group_42,Group_55,Group_87,Group_80
User_1764 Surname_1764;Support;Director;Group_36,Group_23,Group_26,Group_25,Group_76,Group_78,Group_53,Group_61
User_1765 Surname_1765;Marketing;Analyst;Group_45,Group_47,Group_65
User_1766 Surname_1766;HR;Director;Group_78,Group_23,Group_47,Group_86,Group_85,Group_11,Group_4,Group_39,Group_92
User_1767 Surname_1767;Marketing;Analyst;Group_18,Group_26,Group_15,Group_86,Group_24,Group_16,Group_10
User_1768 Surname_1768;IT;Intern;Group_85,Group_33,Group_49
User_1769 Surname_1769;Sales;Associate;Group_71,Group_14,Group_18,Group_13,Group_5,Group_94,Group_46,Group_61,Group_41,Group_32
User_1770 Surname_1770;Engineering;Analyst;Group_66,Group_6,Group_4,Group_88,Group_58,Group_51,Group_64,Group_89,Group_40,Group_43
User_1771 Surname_1771;Product;Director;Group_46,Group_86,Group_52,Group_50,Group_7
User_1772 Surname_1772;HR;Director;Group_64,Group_51,Group_1,Group_30,Group_29,Group_78,Group_40,Group_44,Group_50
User_1773 Surname_1773;Operations;Intern;Group_51,Group_22
User_1774 Surname_1774;Operations;Director;Group_29,Group_27,Group_2,Group_23,Group_45,Group_55,Group_80
User_1775 Surname_1775;Sales;Manager;Group_82,Group_58
User_1776 Surname_1776;HR;Manager;Group_46,Group_12,Group_71,Group_24
User_1777 Surname_1777;Legal;Associate;Group_20,Group_35,Group_89,Group_75,Group_36,Group_78
User_1778 Surname_1778;Legal;Intern;Group_37,Group_85,Group_63,Group_39,Group_97,Group_31,Group_83,Group_29
User_1779 Surname_1779;Product;Intern;Group_90,Group_96,Group_34,Group_8,Group_36
User_1780 Surname_1780;Engineering;VP;Group_28,Group_100,Group_41,Group_80,Group_96,Group_59,Group_38,Group_85
User_1781 Surname_1781;Sales;Director;Group_48,Group_60,Group_82,Group_78,Group_96
User_1782 Surname_1782;Engineering;Associate;Group_70,Group_17,Group_31,Group_89,Group_1,Group_11,Group_58,Group_85,Group_66,Group_9
User_1783 Surname_1783;Sales;Director;Group_56,Group_96,Group_53,Group_21,Group_48
User_1784 Surname_1784;Marketing;Manager;Group_4,Group_40,Group_93,Group_23,Group_43,Group_42,Group_94,Group_29
User_1785 Surname_1785;Support;Intern;Group_58,Group_45,Group_13,Group_68,Group_14,Group_30,Group_91
User_1786 Surname_1786;IT;Director;Group_20,Group_97
User_1787 Surname_1787;HR;Director;Group_23,Group_2,Group_78,Group_21
User_1788 Surname_1788;Sales;Intern;Group_1,Group_95,Group_48,Group_11,Group_50
User_1789 Surname_1789;Legal;Director;Group_89,Group_15
User_1790 Surname_1790;Operations;VP;Group_86,Group_7,Group_58
User_1791 Surname_1791;Finance;Director;Group_23,Group_94,Group_49,Group_73,Group_62,Group_13,Group_78,Group_54,Group_8,Group_77
User_1792 Surname_1792;IT;Analyst;Group_57,Group_36,Group_88,Group_85,Group_84,Group_70
User_1793 Surname_1793;HR;VP;Group_73,Group_21,Group_93,Group_26
User_1794 Surname_1794;HR;Associate;Group_3,Group_9,Group_62,Group_60,Group_95,Group_27,Group_45,Group_88
User_1795 Surname_1795;Sales;Director;Group_36,Group_16,Group_86,Group_66,Group_59,Group_82,Group_68,Group_21,Group_74,Group_26
User_1796 Surname_1796;Operations;VP;Group_97,Group_14,Group_100,Group_38,Group_1,Group_19,Group_60,Group_63
User_1797 Surname_1797;Legal;Manager;Group_24,Group_12,Group_92,Group_81,Group_79
User_1798 Surname_1798;Operations;Analyst;Group_69,Group_100,Group_57,Group_58,Group_79,Group_65,Group_96,Group_74
User_1799 Surname_1799;Legal;Director;Group_47,Group_5,Group_8,Group_77,Group_9,Group_24,Group_63
User_1800 Surname_1800;Legal;Analyst;Group_14,Group_66,Group_47,Group_31,Group_98,Group_36,Group_10,Group_13
User_1801 Surname_1801;Support;Associate;Group_73,Group_94,Group_29,Group_35,Group_22,Group_41,Group_92,Group_26
User_1802 Surname_1802;Engineering;Associate;Group_5,Group_99,Group_54,Group_46
User_1803 Surname_1803;Engineering;Intern;Group_18,Group_63,Group_16,Group_49,Group_44
User_1804 Surname_1804;Sales;Director;Group_7,Group_26,Group_15,Group_5,Group_64,Group_46,Group_23,Group_87,Group_1
User_1805 Surname_1805;Engineering;Intern;Group_16,Group_37,Group_56,Group_28,Group_95
User_1806 Surname_1806;Finance;Director;Group_60,Group_47,Group_42,Group_36,Group_11,Group_4,Group_54,Group_91
User_1807 Surname_1807;Legal;Analyst;Group_1,Group_58,Group_10,Group_86,Group_6,Group_91,Group_90
User_1808 Surname_1808;Marketing;Associate;Group_86,Group_35,Group_80,Group_19,Group_28
User_1809 Surname_1809;Finance;Associate;Group_37,Group_3,Group_17,Group_22,Group_64,Group_25,Group_57
User_1810 Surname_1810;Sales;Associate;Group_64,Group_6,Group_46,Group_52,Group_15,Group_35,Group_94
User_1811 Surname_1811;Marketing;Manager;Group_22,Group_13,Group_41
User_1812 Surname_1812;Legal;Analyst;Group_57,Group_42,Group_48,Group_56,Group_14,Group_97,Group_44,Group_63
User_1813 Surname_1813;IT;Associate;Group_81,Group_67,Group_28,Group_78
User_1814 Surname_1814;Finance;VP;Group_93,Group_81,Group_98,Group_60,Group_92,Group_36,Group_55
User_1815 Surname_1815;IT;Associate;Group_53,Group_8,Group_10,Group_83,Group_4,Group_98,Group_33,Group_94
User_1816 Surname_1816;Sales;Director;Group_49,Group_57,Group_67,Group_11,Group_63,Group_30,Group_36,Group_27,Group_31
User_1817 Surname_1817;HR;Analyst;Group_22,Group_85,Group_80,Group_3,Group_100,Group_30
User_1818 Surname_1818;Engineering;VP;Group_24,Group_34,Group_93,Group_87,Group_94,Group_100,Group_62
User_1819 Surname_1819;Engineering;Intern;Group_93,Group_70,Group_90,Group_4,Group_36,Group_95,Group_23,Group_32,Group_83,Group_68
User_1820 Surname_1820;Product;Intern;Group_84,Group_88
User_1821 Surname_1821;Product;Manager;Group_49,Group_81,Group_33,Group_21,Group_70
User_1822 Surname_1822;Product;Manager;Group_44,Group_92,Group_68,Group_6,Group_69,Group_30,Group_29,Group_16,Group_54,Group_40
User_1823 Surname_1823;IT;Associate;Group_22,Group_79,Group_47,Group_11,Group_13
User_1824 Surname_1824;Marketing;Intern;Group_10,Group_31,Group_74,Group_13
User_1825 Surname_1825;HR;VP;Group_90,Group_20
User_1826 Surname_1826;Support;VP;Group_56,Group_54,Group_47,Group_85,Group_29,Group_92,Group_95
User_1827 Surname_1827;Finance;Intern;Group_90,Group_92,Group_84
User_1828 Surname_1828;Finance;VP;Group_61,Group_67,Group_9,Group_81
User_1829 Surname_1829;IT;Director;Group_37,Group_85,Group_92,Group_95,Group_20
User_1830 Surname_1830;Sales;Analyst;Group_98,Group_1,Group_66,Group_35,Group_58
User_1831 Surname_1831;Legal;Associate;Group_30,Group_38,Group_1,Group_65,Group_97
User_1832 Surname_1832;Finance;Intern;Group_85,Group_3,Group_31,Group_30,Group_34,Group_44,Group_99,Group_78,Group_77,Group_47
User_1833 Surname_1833;Support;Intern;Group_68,Group_39,Group_57,Group_30,Group_70
User_1834 Surname_1834;Product;Associate;Group_79,Group_55,Group_78,Group_46,Group_52,Group_21
User_1835 Surname_1835;Marketing;Director;Group_65,Group_22,Group_76,Group_56,Group_51,Group_21,Group_19,Group_18,Group_47
User_1836 Surname_1836;Legal;Director;Group_31,Group_96,Group_91,Group_24,Group_23,Group_38,Group_6
User_1837 Surname_1837;Legal;VP;Group_68,Group_23,Group_58,Group_1,Group_48,Group_51
User_1838 Surname_1838;Legal;Intern;Group_41,Group_13,Group_7,Group_78
User_1839 Surname_1839;Product;VP;Group_53,Group_71,Group_91,Group_93,Group_92,Group_34
User_1840 Surname_1840;Sales;Associate;Group_36,Group_73,Group_79,Group_40,Group_80
User_1841 Surname_1841;Product;Associate;Group_77,Group_24
User_1842 Surname_1842;HR;Analyst;Group_66,Group_91,Group_89,Group_87,Group_18,Group_12,Group_82,Group_3
User_1843 Surname_1843;Operations;Director;Group_98,Group_62,Group_15,Group_25
User_1844 Surname_1844;Support;Associate;Group_32,Group_39,Group_4,Group_79,Group_78,Group_6,Group_20,Group_76
User_1845 Surname_1845;Engineering;Analyst;Group_73,Group_82,Group_59,Group_99,Group_52
User_1846 Surname_1846;Sales;Analyst;Group_74,Group_30,Group_96,Group_90
User_1847 Surname_1847;Finance;Director;Group_90,Group_14
User_1848 Surname_1848;HR;Intern;Group_19,Group_91,Group_2,Group_41,Group_65
User_1849 Surname_1849;Legal;Intern;Group_45,Group_8,Group_61,Group_29,Group_2,Group_53,Group_32,Group_17,Group_59
User_1850 Surname_1850;Sales;Associate;Group_94,Group_99,Group_88,Group_40,Group_65,Group_33,Group_42,Group_58
User_1851 Surname_1851;Marketing;Intern;Group_33,Group_91,Group_51,Group_62,Group_13,Group_81,Group_49,Group_70,Group_26
User_1852 Surname_1852;Legal;Intern;Group_94,Group_60,Group_65,Group_71,Group_12,Group_41,Group_76,Group_67
User_1853 Surname_1853;Engineering;Analyst;Group_65,Group_94,Group_81
User_1854 Surname_1854;Marketing;Intern;Group_4,Group_29,Group_68
User_1855 Surname_1855;Finance;Director;Group_58,Group_18,Group_69,Group_54,Group_38,Group_43,Group_25,Group_65,Group_60
User_1856 Surname_1856;Legal;Director;Group_45,Group_62,Group_32,Group_99,Group_34,Group_1,Group_42
User_1857 Surname_1857;Operations;Associate;Group_12,Group_62,Group_16,Group_68,Group_31,Group_89,Group_24,Group_19,Group_100,Group_95
User_1858 Surname_1858;Legal;Intern;Group_97,Group_32,Group_5
User_1859 Surname_1859;Engineering;VP;Group_66,Group_40,Group_94,Group_86,Group_6,Group_2,Group_87,Group_33
User_1860 Surname_1860;Sales;Associate;Group_43,Group_79,Group_12,Group_85,Group_71
User_1861 Surname_1861;HR;Director;Group_27,Group_3,Group_43,Group_14
User_1862 Surname_1862;HR;Director;Group_83,Group_38,Group_35,Group_86,Group_60,Group_44,Group_45,Group_11
User_1863 Surname_1863;HR;Associate;Group_45,Group_49,Group_67,Group_91,Group_32,Group_36,Group_50
User_1864 Surname_1864;Support;Director;Group_1,Group_83,Group_37,Group_76,Group_94,Group_62,Group_55
User_1865 Surname_1865;Product;Intern;Group_82,Group_51,Group_92
User_1866 Surname_1866;Product;Intern;Group_5,Group_26,Group_2,Group_96,Group_66
User_1867 Surname_1867;Support;Intern;Group_23,Group_14,Group_20,Group_40,Group_6,Group_68,Group_12
User_1868 Surname_1868;Support;VP;Group_49,Group_21,Group_73,Group_43,Group_88,Group_63,Group_45,Group_85,Group_53,Group_13
User_1869 Surname_1869;Marketing;Director;Group_80,Group_8,Group_20,Group_1,Group_42
User_1870 Surname_1870;Marketing;Manager;Group_95,Group_94,Group_19,Group_3,Group_86,Group_60,Group_71
User_1871 Surname_1871;IT;Intern;Group_51,Group_3,Group_19,Group_18,Group_65,Group_52
User_1872 Surname_1872;Engineering;Associate;Group_76,Group_13,Group_10,Group_92,Group_84,Group_17,Group_2,Group_75
User_1873 Surname_1873;Support;Associate;Group_66,Group_15
User_1874 Surname_1874;Marketing;Analyst;Group_10,Group_89,Group_18,Group_88,Group_58,Group_62,Group_21,Group_1,Group_83,Group_57
User_1875 Surname_1875;Finance;Manager;Group_31,Group_39,Group_98,Group_56,Group_26,Group_46
User_1876 Surname_1876;Marketing;Director;Group_89,Group_36
User_1877 Surname_1877;Support;VP;Group_78,Group_38,Group_95,Group_63
User_1878 Surname_1878;Sales;Director;Group_31,Group_4
User_1879 Surname_1879;HR;VP;Group_71,Group_49,Group_31,Group_8,Group_87,Group_13,Group_47,Group_54,Group_11,Group_29
User_1880 Surname_1880;HR;Analyst;Group_61,Group_68,Group_28,Group_56,Group_67
User_1881 Surname_1881;Support;Intern;Group_64,Group_45,Group_61,Group_42,Group_36,Group_96,Group_14
User_1882 Surname_1882;IT;Manager;Group_39,Group_74
User_1883 Surname_1883;Operations;Analyst;Group_65,Group_55,Group_21,Group_83,Group_19,Group_6,Group_64,Group_54,Group_29
User_1884 Surname_1884;Sales;Manager;Group_44,Group_6,Group_68,Group_47,Group_32,Group_57,Group_84,Group_40
User_1885 Surname_1885;Support;Analyst;Group_95,Group_87,Group_39,Group_98
User_1886 Surname_1886;Engineering;Associate;Group_70,Group_45,Group_55
User_1887 Surname_1887;Support;Intern;Group_9,Group_62,Group_38,Group_3,Group_47,Group_20,Group_40,Group_22,Group_53,Group_56
User_1888 Surname_1888;Finance;Manager;Group_79,Group_57,Group_74,Group_36,Group_47,Group_54,Group_84,Group_38,Group_34
User_1889 Surname_1889;Support;Analyst;Group_41,Group_18,Group_62,Group_98,Group_44,Group_7,Group_33,Group_28
User_1890 Surname_1890;Operations;Manager;Group_37,Group_86,Group_4,Group_100,Group_80,Group_88,Group_29,Group_56,Group_75,Group_61
User_1891 Surname_1891;Product;Analyst;Group_25,Group_34,Group_69,Group_42,Group_78,Group_20,Group_8,Group_30,Group_97,Group_24
User_1892 Surname_1892;Sales;Manager;Group_36,Group_64,Group_71,Group_65,Group_55
User_1893 Surname_1893;Sales;VP;Group_97,Group_6,Group_56,Group_36
User_1894 Surname_1894;HR;Director;Group_84,Group_5
User_1895 Surname_1895;Support;VP;Group_63,Group_21,Group_96,Group_48,Group_50,Group_86,Group_24
User_1896 Surname_1896;Operations;VP;Group_15,Group_23
User_1897 Surname_1897;Legal;Analyst;Group_16,Group_79,Group_27,Group_43,Group_22,Group_64,Group_83,Group_53,Group_32
User_1898 Surname_1898;Legal;Analyst;Group_80,Group_90,Group_97,Group_40,Group_21
User_1899 Surname_1899;IT;Director;Group_89,Group_33,Group_65,Group_9,Group_35,Group_48
User_1900 Surname_1900;Engineering;Associate;Group_90,Group_64,Group_8,Group_45,Group_97,Group_74,Group_75,Group_44,Group_43
User_1901 Surname_1901;Engineering;Manager;Group_48,Group_58,Group_27,Group_63,Group_25,Group_93
User_1902 Surname_1902;IT;Manager;Group_13,Group_59,Group_12,Group_95,Group_17,Group_98,Group_20,Group_65,Group_100,Group_61
User_1903 Surname_1903;Legal;Associate;Group_75,Group_17,Group_2,Group_53,Group_39
User_1904 Surname_1904;Product;Manager;Group_21,Group_57,Group_46,Group_14,Group_61,Group_40,Group_19,Group_15,Group_56
User_1905 Surname_1905;Marketing;Director;Group_18,Group_96,Group_79,Group_10,Group_85,Group_72,Group_67,Group_9
User_1906 Surname_1906;IT;Associate;Group_84,Group_46,Group_3,Group_85,Group_60,Group_9,Group_55,Group_80,Group_54
User_1907 Surname_1907;Sales;Associate;Group_75,Group_69,Group_8,Group_34,Group_37,Group_1,Group_76
User_1908 Surname_1908;HR;Director;Group_84,Group_66,Group_61,Group_75,Group_67,Group_48,Group_73,Group_83,Group_47,Group_27
User_1909 Surname_1909;Marketing;Associate;Group_70,Group_38,Group_69,Group_44,Group_99,Group_2,Group_97,Group_88,Group_26,Group_65
User_1910 Surname_1910;Engineering;Intern;Group_26,Group_62,Group_41,Group_84,Group_85,Group_19
User_1911 Surname_1911;Finance;Analyst;Group_1,Group_87,Group_11,Group_63,Group_62,Group_95,Group_6,Group_34
User_1912 Surname_1912;Support;VP;Group_12,Group_28,Group_11,Group_76,Group_2,Group_31,Group_77
User_1913 Surname_1913;Product;Analyst;Group_11,Group_93,Group_15,Group_49
User_1914 Surname_1914;Marketing;Director;Group_53,Group_95,Group_96
User_1915 Surname_1915;Product;Intern;Group_26,Group_34,Group_85,Group_56,Group_31,Group_82
User_1916 Surname_1916;HR;VP;Group_47,Group_37,Group_53,Group_72,Group_56,Group_99,Group_38,Group_26,Group_90
User_1917 Surname_1917;IT;Analyst;Group_88,Group_77
User_1918 Surname_1918;Finance;Manager;Group_52,Group_20
User_1919 Surname_1919;Marketing;Analyst;Group_40,Group_45
User_1920 Surname_1920;Engineering;Intern;Group_62,Group_39,Group_97,Group_7,Group_63,Group_81
User_1921 Surname_1921;Support;Director;Group_23,Group_60
User_1922 Surname_1922;Sales;Director;Group_41,Group_32,Group_75,Group_84,Group_55,Group_33,Group_45,Group_29
User_1923 Surname_1923;Support;Analyst;Group_50,Group_20,Group_82,Group_95,Group_27
User_1924 Surname_1924;Engineering;VP;Group_94,Group_12
User_1925 Surname_1925;Operations;Associate;Group_20,Group_19,Group_80,Group_90
User_1926 Surname_1926;Marketing;VP;Group_52,Group_63,Group_90,Group_65,Group_68,Group_18,Group_69,Group_75
User_1927 Surname_1927;Product;Associate;Group_4,Group_43
User_1928 Surname_1928;Product;Manager;Group_49,Group_1,Group_43,Group_36,Group_42,Group_90,Group_98,Group_45,Group_21
User_1929 Surname_1929;IT;Analyst;Group_90,Group_58,Group_51,Group_4,Group_57,Group_31,Group_1,Group_46
User_1930 Surname_1930;Sales;VP;Group_37,Group_72,Group_91,Group_58,Group_33,Group_81,Group_30,Group_27
User_1931 Surname_1931;Sales;Analyst;Group_5,Group_77
User_1932 Surname_1932;Sales;VP;Group_55,Group_34,Group_1,Group_85,Group_94,Group_5
User_1933 Surname_1933;Operations;Director;Group_23,Group_3,Group_53,Group_42,Group_55,Group_59,Group_92,Group_62
User_1934 Surname_1934;IT;Analyst;Group_34,Group_79,Group_50,Group_38,Group_14,Group_43,Group_3,Group_46,Group_56,Group_39
User_1935 Surname_1935;Operations;Associate;Group_14,Group_95,Group_75,Group_26,Group_27,Group_73
User_1936 Surname_1936;Support;Director;Group_90,Group_93,Group_52,Group_85,Group_87
User_1937 Surname_1937;Marketing;Manager;Group_29,Group_60,Group_27,Group_9,Group_53,Group_93
User_1938 Surname_1938;Support;Intern;Group_72,Group_57,Group_32,Group_52,Group_38,Group_97
User_1939 Surname_1939;Product;Intern;Group_26,Group_48,Group_46,Group_16,Group_82,Group_40
User_1940 Surname_1940;HR;Analyst;Group_2,Group_59,Group_54,Group_32,Group_55,Group_46
User_1941 Surname_1941;Finance;Associate;Group_96,Group_12,Group_39
User_1942 Surname_1942;HR;Intern;Group_94,Group_81,Group_13,Group_49,Group_73
User_1943 Surname_1943;Sales;VP;Group_95,Group_59,Group_63,Group_65
User_1944 Surname_1944;Legal;Associate;Group_57,Group_24
User_1945 Surname_1945;Sales;Director;Group_35,Group_16,Group_51,Group_82
User_1946 Surname_1946;Sales;Analyst;Group_75,Group_72,Group_35,Group_43,Group_51
User_1947 Surname_1947;Marketing;VP;Group_45,Group_98,Group_84,Group_36,Group_63,Group_3,Group_68
User_1948 Surname_1948;Product;Analyst;Group_55,Group_70,Group_30,Group_13,Group_39,Group_21,Group_94,Group_41
User_1949 Surname_1949;Legal;Director;Group_66,Group_64,Group_97,Group_24,Group_99,Group_16
User_1950 Surname_1950;Legal;Manager;Group_49,Group_12,Group_31,Group_41,Group_30,Group_26,Group_15
User_1951 Surname_1951;HR;Manager;Group_32,Group_11,Group_48,Group_58,Group_97,Group_5
User_1952 Surname_1952;Product;Analyst;Group_71,Group_23,Group_74,Group_31,Group_42,Group_6,Group_91,Group_46
User_1953 Surname_1953;IT;Intern;Group_49,Group_48,Group_87,Group_72,Group_97,Group_67
User_1954 Surname_1954;Product;Manager;Group_6,Group_5,Group_63,Group_20,Group_81
User_1955 Surname_1955;Sales;Associate;Group_84,Group_69,Group_95,Group_9,Group_1,Group_67,Group_29
User_1956 Surname_1956;Finance;Associate;Group_57,Group_5,Group_43,Group_28
User_1957 Surname_1957;Engineering;Associate;Group_96,Group_84,Group_92,Group_41,Group_60
User_1958 Surname_1958;Marketing;Analyst;Group_4,Group_44,Group_46,Group_39,Group_79,Group_13,Group_33,Group_40,Group_20
User_1959 Surname_1959;Operations;Associate;Group_98,Group_4
User_1960 Surname_1960;Sales;Director;Group_46,Group_20
User_1961 Surname_1961;HR;Associate;Group_73,Group_15,Group_34,Group_20,Group_84,Group_82,Group_85,Group_46,Group_14,Group_37
User_1962 Surname_1962;Legal;Director;Group_86,Group_62,Group_6,Group_72,Group_23,Group_29
User_1963 Surname_1963;Support;VP;Group_99,Group_6,Group_71,Group_16,Group_87,Group_85,Group_2,Group_88,Group_61
User_1964 Surname_1964;Sales;Director;Group_49,Group_90
User_1965 Surname_1965;Product;Manager;Group_86,Group_41,Group_66,Group_73,Group_35,Group_19,Group_87
User_1966 Surname_1966;IT;Director;Group_67,Group_69,Group_62,Group_55,Group_20,Group_13,Group_47,Group_56,Group_6,Group_24
User_1967 Surname_1967;Product;Intern;Group_50,Group_26,Group_57
User_1968 Surname_1968;Finance;Associate;Group_70,Group_27,Group_14,Group_18,Group_76,Group_78,Group_66
User_1969 Surname_1969;Sales;Intern;Group_79,Group_21,Group_9
User_1970 Surname_1970;Support;Intern;Group_54,Group_48,Group_6,Group_32,Group_5
User_1971 Surname_1971;Legal;Director;Group_71,Group_49
User_1972 Surname_1972;IT;Director;Group_68,Group_14,Group_40,Group_45,Group_38
User_1973 Surname_1973;Marketing;Analyst;Group_83,Group_85,Group_73,Group_3,Group_20
User_1974 Surname_1974;Finance;Analyst;Group_21,Group_95,Group_57,Group_48
User_1975 Surname_1975;Support;VP;Group_14,Group_64
User_1976 Surname_1976;HR;Director;Group_52,Group_65,Group_89,Group_59,Group_22,Group_68,Group_86,Group_50,Group_41,Group_51
User_1977 Surname_1977;Support;Manager;Group_58,Group_7,Group_21
User_1978 Surname_1978;Product;Intern;Group_29,Group_12,Group_76,Group_22,Group_44,Group_8
User_1979 Surname_1979;Product;Manager;Group_41,Group_76,Group_72
User_1980 Surname_1980;Product;Manager;Group_50,Group_3,Group_11,Group_77,Group_38,Group_55,Group_63,Group_39,Group_31,Group_8
User_1981 Surname_1981;Operations;Analyst;Group_9,Group_37,Group_97,Group_6,Group_83,Group_54,Group_34,Group_55,Group_2
User_1982 Surname_1982;Sales;Director;Group_61,Group_97,Group_9,Group_94,Group_100,Group_99,Group_40,Group_88
User_1983 Surname_1983;Product;Director;Group_29,Group_92,Group_30
User_1984 Surname_1984;Marketing;VP;Group_13,Group_20,Group_53,Group_75,Group_95,Group_91,Group_12,Group_34,Group_78,Group_94
User_1985 Surname_1985;Marketing;Analyst;Group_12,Group_39,Group_66,Group_70,Group_45,Group_71,Group_38,Group_4
User_1986 Surname_1986;Product;Associate;Group_67,Group_100,Group_88,Group_61,Group_46,Group_91
User_1987 Surname_1987;IT;Associate;Group_4,Group_55,Group_14,Group_45
User_1988 Surname_1988;Product;Associate;Group_8,Group_58,Group_83,Group_3,Group_100,Group_11,Group_9
User_1989 Surname_1989;Support;Associate;Group_73,Group_54,Group_96,Group_56
User_1990 Surname_1990;Engineering;VP;Group_53,Group_6,Group_56,Group_38,Group_79,Group_54,Group_7,Group_70,Group_31,Group_10
User_1991 Surname_1991;Engineering;Manager;Group_62,Group_94,Group_4,Group_93,Group_6,Group_77,Group_24,Group_95,Group_64,Group_65
User_1992 Surname_1992;Finance;Intern;Group_15,Group_84,Group_78,Group_25,Group_90
User_1993 Surname_1993;Sales;Analyst;Group_3,Group_46,Group_87,Group_48
User_1994 Surname_1994;Legal;VP;Group_47,Group_70,Group_44,Group_2
User_1995 Surname_1995;Marketing;Analyst;Group_40,Group_71
User_1996 Surname_1996;HR;Manager;Group_10,Group_38,Group_34,Group_63,Group_73,Group_23,Group_19,Group_22,Group_46
User_1997 Surname_1997;IT;Director;Group_55,Group_71,Group_23,Group_32,Group_89,Group_15,Group_74,Group_29,Group_39,Group_96
User_1998 Surname_1998;HR;Associate;Group_46,Group_95,Group_41
User_1999 Surname_1999;Engineering;Associate;Group_87,Group_26
User_2000 Surname_2000;Marketing;VP;Group_54,Group_20,Group_22,Group_16,Group_53
User_2001 Surname_2001;Marketing;Manager;Group_84,Group_23,Group_87,Group_29
User_2002 Surname_2002;Legal;Associate;Group_82,Group_13,Group_73,Group_28,Group_41,Group_10
User_2003 Surname_2003;Operations;VP;Group_56,Group_34,Group_62
User_2004 Surname_2004;Support;Manager;Group_46,Group_75,Group_84,Group_65,Group_69,Group_48,Group_44,Group_95
User_2005 Surname_2005;Marketing;Director;Group_3,Group_11,Group_22,Group_48,Group_60,Group_99,Group_4
User_2006 Surname_2006;IT;VP;Group_15,Group_25,Group_73,Group_53,Group_90
User_2007 Surname_2007;Product;VP;Group_2,Group_30,Group_91,Group_37,Group_10,Group_34,Group_95
User_2008 Surname_2008;Support;Director;Group_69,Group_49,Group_51,Group_68,Group_32,Group_94,Group_57
User_2009 Surname_2009;Operations;Intern;Group_34,Group_8,Group_12
User_2010 Surname_2010;Marketing;Manager;Group_11,Group_60,Group_58,Group_83,Group_48,Group_40,Group_33,Group_69
User_2011 Surname_2011;Product;Director;Group_62,Group_17,Group_27
User_2012 Surname_2012;IT;Analyst;Group_70,Group_44,Group_28,Group_90,Group_12,Group_72,Group_26,Group_9
User_2013 Surname_2013;IT;Analyst;Group_100,Group_48,Group_56,Group_89,Group_50,Group_17,Group_67
User_2014 Surname_2014;Marketing;Analyst;Group_23,Group_38,Group_63,Group_88,Group_39,Group_30,Group_65
User_2015 Surname_2015;IT;Director;Group_74,Group_71,Group_98,Group_24,Group_84,Group_20,Group_3,Group_85,Group_34
User_2016 Surname_2016;Sales;Director;Group_35,Group_27,Group_56,Group_68,Group_78
User_2017 Surname_2017;Sales;Manager;Group_49,Group_20,Group_43,Group_17,Group_39,Group_35,Group_18,Group_40
User_2018 Surname_2018;Marketing;Analyst;Group_41,Group_89,Group_77,Group_71,Group_92,Group_95,Group_78,Group_70
User_2019 Surname_2019;Engineering;Associate;Group_11,Group_95
User_2020 Surname_2020;Product;Intern;Group_52,Group_22,Group_71
User_2021 Surname_2021;Sales;Intern;Group_19,Group_23,Group_30,Group_60,Group_90,Group_99,Group_91,Group_26,Group_100,Group_49
User_2022 Surname_2022;Finance;Analyst;Group_45,Group_56,Group_88,Group_8,Group_91,Group_81
User_2023 Surname_2023;Legal;Intern;Group_2,Group_42,Group_90,Group_85,Group_5,Group_94,Group_84
User_2024 Surname_2024;Marketing;Associate;Group_53,Group_96,Group_32,Group_35,Group_3
User_2025 Surname_2025;Operations;VP;Group_81,Group_31,Group_16,Group_19
User_2026 Surname_2026;Sales;Associate;Group_26,Group_95,Group_9,Group_57,Group_89,Group_30,Group_31,Group_6,Group_20,Group_63
User_2027 Surname_2027;Finance;Associate;Group_41,Group_82,Group_24,Group_100,Group_25,Group_4,Group_9
User_2028 Surname_2028;Legal;Analyst;Group_11,Group_30,Group_3,Group_75,Group_73,Group_95,Group_9,Group_86,Group_100
User_2029 Surname_2029;Marketing;Associate;Group_32,Group_27,Group_36,Group_61,Group_86,Group_74,Group_3,Group_43,Group_59
User_2030 Surname_2030;Legal;Director;Group_56,Group_85,Group_44,Group_97,Group_53,Group_49,Group_62,Group_19,Group_63,Group_71
User_2031 Surname_2031;Marketing;Associate;Group_67,Group_59,Group_100,Group_34,Group_41
User_2032 Surname_2032;Engineering;Director;Group_73,Group_31,Group_14
User_2033 Surname_2033;IT;Intern;Group_47,Group_17,Group_46,Group_40,Group_51
User_2034 Surname_2034;Product;Analyst;Group_93,Group_98,Group_31,Group_57,Group_89,Group_59,Group_15,Group_90
User_2035 Surname_2035;Sales;VP;Group_19,Group_14,Group_77,Group_6,Group_68,Group_80,Group_50
User_2036 Surname_2036;HR;Director;Group_82,Group_20,Group_23,Group_5,Group_52,Group_56,Group_39
User_2037 Surname_2037;Product;VP;Group_13,Group_32,Group_33,Group_92,Group_47,Group_57,Group_50
User_2038 Surname_2038;Marketing;Director;Group_96,Group_70,Group_61,Group_13,Group_26,Group_38,Group_48,Group_18,Group_65
User_2039 Surname_2039;Finance;Analyst;Group_69,Group_49,Group_47
User_2040 Surname_2040;Support;Intern;Group_43,Group_74,Group_14,Group_3,Group_5,Group_49,Group_89,Group_16,Group_79
User_2041 Surname_2041;Support;Analyst;Group_47,Group_91,Group_23,Group_10,Group_81
User_2042 Surname_2042;Support;Associate;Group_31,Group_5,Group_88,Group_20,Group_72,Group_71
User_2043 Surname_2043;Operations;Intern;Group_46,Group_16,Group_96,Group_82,Group_51,Group_35,Group_87
User_2044 Surname_2044;Finance;Manager;Group_84,Group_47
User_2045 Surname_2045;Legal;Analyst;Group_73,Group_54,Group_30,Group_16,Group_7,Group_20,Group_47,Group_84
User_2046 Surname_2046;Engineering;Director;Group_36,Group_84,Group_41,Group_13,Group_27,Group_100,Group_75,Group_77
User_2047 Surname_2047;Finance;Analyst;Group_37,Group_33,Group_41,Group_24,Group_53,Group_87,Group_73,Group_84,Group_56,Group_28
User_2048 Surname_2048;Engineering;Associate;Group_52,Group_26,Group_41,Group_94
User_2049 Surname_2049;Legal;Intern;Group_63,Group_45,Group_19,Group_8,Group_70
User_2050 Surname_2050;Support;Associate;Group_47,Group_65,Group_10,Group_40,Group_73,Group_83,Group_17,Group_14,Group_15
User_2051 Surname_2051;IT;Intern;Group_91,Group_48,Group_85,Group_55,Group_20
User_2052 Surname_2052;IT;Manager;Group_90,Group_55,Group_13,Group_62,Group_23,Group_2
User_2053 Surname_2053;Support;Intern;Group_33,Group_30,Group_89,Group_93,Group_34
User_2054 Surname_2054;Support;Associate;Group_39,Group_84,Group_9,Group_41
User_2055 Surname_2055;Product;Analyst;Group_35,Group_38,Group_54,Group_19,Group_9,Group_22,Group_28,Group_30
User_2056 Surname_2056;Marketing;Intern;Group_43,Group_36,Group_65,Group_8,Group_76,Group_31,Group_85,Group_2,Group_23
User_2057 Surname_2057;Finance;Director;Group_68,Group_74,Group_11,Group_88,Group_83,Group_72,Group_43
User_2058 Surname_2058;Sales;VP;Group_99,Group_9,Group_73
User_2059 Surname_2059;Engineering;Director;Group_60,Group_46,Group_24,Group_3,Group_91,Group_95,Group_76
User_2060 Surname_2060;Engineering;Associate;Group_29,Group_30,Group_20,Group_48,Group_31,Group_82,Group_84
User_2061 Surname_2061;Finance;Intern;Group_10,Group_83,Group_96,Group_13,Group_74,Group_16,Group_64
User_2062 Surname_2062;Marketing;Analyst;Group_36,Group_52,Group_65,Group_80,Group_29,Group_85,Group_10,Group_75
User_2063 Surname_2063;Operations;Manager;Group_5,Group_18,Group_86,Group_94,Group_83,Group_33,Group_40,Group_19,Group_89,Group_36
User_2064 Surname_2064;Product;VP;Group_13,Group_59
User_2065 Surname_2065;Product;Associate;Group_32,Group_40
User_2066 Surname_2066;HR;Manager;Group_77,Group_68,Group_10,Group_51,Group_63,Group_17,Group_45,Group_42
User_2067 Surname_2067;Operations;Intern;Group_79,Group_41,Group_27,Group_23,Group_53,Group_61
User_2068 Surname_2068;Marketing;Manager;Group_74,Group_70,Group_37,Group_97,Group_36,Group_8,Group_82,Group_20,Group_89
User_2069 Surname_2069;Operations;VP;Group_65,Group_98,Group_5,Group_34
User_2070 Surname_2070;Product;Analyst;Group_42,Group_53,Group_54,Group_44,Group_96,Group_71,Group_12,Group_46,Group_99
User_2071 Surname_2071;IT;Associate;Group_96,Group_87,Group_54,Group_50,Group_31,Group_74
User_2072 Surname_2072;Sales;Associate;Group_21,Group_99,Group_15,Group_16,Group_98,Group_94
User_2073 Surname_2073;Product;VP;Group_67,Group_76,Group_17,Group_81,Group_75,Group_10,Group_61,Group_1,Group_2,Group_85
User_2074 Surname_2074;Engineering;Analyst;Group_53,Group_26,Group_77,Group_68,Group_12,Group_49,Group_39,Group_66,Group_38,Group_78
User_2075 Surname_2075;Marketing;VP;Group_13,Group_71,Group_70,Group_95,Group_96,Group_26,Group_56,Group_57,Group_32,Group_81
User_2076 Surname_2076;Product;Intern;Group_93,Group_71
User_2077 Surname_2077;Product;Analyst;Group_62,Group_69,Group_67,Group_92,Group_3
User_2078 Surname_2078;IT;Analyst;Group_89,Group_81
User_2079 Surname_2079;Support;Director;Group_18,Group_95,Group_91,Group_74,Group_96,Group_21,Group_22
User_2080 Surname_2080;HR;VP;Group_80,Group_85,Group_74,Group_51,Group_12,Group_24,Group_7
User_2081 Surname_2081;Engineering;Analyst;Group_100,Group_93,Group_56,Group_61,Group_57,Group_50,Group_65
User_2082 Surname_2082;Marketing;Analyst;Group_3,Group_97,Group_73,Group_90
User_2083 Surname_2083;Product;VP;Group_27,Group_16,Group_98,Group_24,Group_80
User_2084 Surname_2084;Engineering;Analyst;Group_62,Group_34,Group_59,Group_84,Group_91,Group_83,Group_33,Group_28
User_2085 Surname_2085;Engineering;Analyst;Group_8,Group_61,Group_69,Group_33,Group_86,Group_96,Group_87
User_2086 Surname_2086;Operations;VP;Group_93,Group_30,Group_70,Group_73,Group_66,Group_81,Group_98,Group_43
User_2087 Surname_2087;Product;Director;Group_71,Group_57
User_2088 Surname_2088;Finance;Director;Group_20,Group_98,Group_86,Group_99,Group_51,Group_29,Group_62
User_2089 Surname_2089;Support;VP;Group_1,Group_58,Group_27,Group_29,Group_75
User_2090 Surname_2090;Sales;VP;Group_24,Group_39
User_2091 Surname_2091;Marketing;Analyst;Group_68,Group_56,Group_63,Group_43,Group_21,Group_16,Group_71,Group_10,Group_95
User_2092 Surname_2092;Support;VP;Group_9,Group_86,Group_60
User_2093 Surname_2093;Sales;Associate;Group_17,Group_94,Group_35,Group_66,Group_50,Group_40
User_2094 Surname_2094;Marketing;Associate;Group_20,Group_92,Group_17,Group_1,Group_91,Group_7
User_2095 Surname_2095;Product;Analyst;Group_78,Group_62,Group_79,Group_5,Group_12,Group_52,Group_53,Group_80,Group_100
User_2096 Surname_2096;Legal;Associate;Group_41,Group_18,Group_46,Group_38,Group_45,Group_23,Group_92
User_2097 Surname_2097;Marketing;Intern;Group_38,Group_66,Group_73,Group_31,Group_41
User_2098 Surname_2098;Sales;Associate;Group_24,Group_65
User_2099 Surname_2099;Marketing;Manager;Group_50,Group_93,Group_76,Group_86,Group_30,Group_37,Group_33
User_2100 Surname_2100;Engineering;Director;Group_15,Group_71,Group_22,Group_10,Group_93
User_2101 Surname_2101;Sales;Intern;Group_20,Group_31,Group_99,Group_71,Group_86,Group_56
User_2102 Surname_2102;Engineering;Manager;Group_86,Group_62,Group_22,Group_45,Group_29,Group_34,Group_89,Group_55
User_2103 Surname_2103;Finance;Manager;Group_78,Group_45,Group_44,Group_6,Group_18
User_2104 Surname_2104;Engineering;Director;Group_15,Group_10,Group_68,Group_48,Group_9,Group_67,Group_99,Group_66
User_2105 Surname_2105;Operations;Analyst;Group_52,Group_95,Group_5,Group_62,Group_37,Group_54
User_2106 Surname_2106;Engineering;Director;Group_33,Group_99,Group_53,Group_92,Group_88,Group_39,Group_14
User_2107 Surname_2107;Product;VP;Group_73,Group_60,Group_95,Group_41,Group_55,Group_37,Group_98
User_2108 Surname_2108;HR;VP;Group_13,Group_59,Group_17,Group_81,Group_9
User_2109 Surname_2109;Legal;Director;Group_93,Group_71
User_2110 Surname_2110;HR;VP;Group_6,Group_22,Group_9,Group_91,Group_2,Group_95,Group_5,Group_21,Group_28
User_2111 Surname_2111;Finance;Analyst;Group_100,Group_91
User_2112 Surname_2112;HR;Director;Group_52,Group_98,Group_6
User_2113 Surname_2113;Support;Director;Group_22,Group_89,Group_8,Group_19,Group_49,Group_91,Group_29,Group_12
User_2114 Surname_2114;Operations;Intern;Group_46,Group_55,Group_31,Group_95,Group_35,Group_93
User_2115 Surname_2115;Finance;Director;Group_89,Group_47,Group_30,Group_97,Group_80,Group_1,Group_62,Group_21,Group_26,Group_34
User_2116 Surname_2116;Sales;Analyst;Group_32,Group_37,Group_57,Group_14,Group_81,Group_33,Group_70,Group_1,Group_35
User_2117 Surname_2117;Legal;VP;Group_21,Group_98,Group_45,Group_78,Group_58
User_2118 Surname_2118;Sales;Analyst;Group_10,Group_89,Group_95,Group_100,Group_38,Group_76,Group_18,Group_21,Group_13
User_2119 Surname_2119;HR;Associate;Group_39,Group_50,Group_25,Group_13,Group_95,Group_80,Group_73
User_2120 Surname_2120;Operations;Intern;Group_16,Group_47
User_2121 Surname_2121;Sales;Analyst;Group_50,Group_72,Group_28,Group_46
User_2122 Surname_2122;Marketing;Intern;Group_29,Group_7,Group_36
User_2123 Surname_2123;Finance;VP;Group_98,Group_11,Group_52,Group_94,Group_14,Group_59,Group_77,Group_28,Group_63,Group_19
User_2124 Surname_2124;Operations;Manager;Group_45,Group_96,Group_76,Group_15,Group_79,Group_83
User_2125 Surname_2125;Operations;Director;Group_73,Group_46,Group_92,Group_4,Group_61,Group_52,Group_47,Group_19,Group_14
User_2126 Surname_2126;Operations;Intern;Group_11,Group_87,Group_39,Group_71
User_2127 Surname_2127;Engineering;Director;Group_86,Group_53,Group_59,Group_49,Group_38,Group_36,Group_13
User_2128 Surname_2128;Operations;Manager;Group_97,Group_65,Group_67,Group_94,Group_87,Group_43,Group_56,Group_13,Group_34,Group_75
User_2129 Surname_2129;Sales;Director;Group_29,Group_8,Group_59,Group_10,Group_70,Group_62,Group_11,Group_76,Group_57,Group_86
User_2130 Surname_2130;Operations;Manager;Group_14,Group_51,Group_33,Group_86,Group_63,Group_93,Group_8,Group_72,Group_100
User_2131 Surname_2131;HR;Director;Group_83,Group_86,Group_23,Group_19,Group_48,Group_70,Group_8,Group_46
User_2132 Surname_2132;Support;Director;Group_58,Group_1,Group_83,Group_47,Group_23,Group_24
User_2133 Surname_2133;Operations;Intern;Group_74,Group_92,Group_68,Group_42,Group_49,Group_36,Group_32,Group_23
User_2134 Surname_2134;IT;Director;Group_90,Group_76,Group_87
User_2135 Surname_2135;IT;Associate;Group_83,Group_40,Group_60,Group_32,Group_84
User_2136 Surname_2136;Engineering;Director;Group_69,Group_84,Group_18,Group_74
User_2137 Surname_2137;IT;VP;Group_70,Group_78,Group_89,Group_19,Group_71
User_2138 Surname_2138;IT;Associate;Group_76,Group_58
User_2139 Surname_2139;Product;Intern;Group_3,Group_38,Group_20,Group_74,Group_85,Group_92,Group_83
User_2140 Surname_2140;Finance;VP;Group_21,Group_33,Group_91,Group_23,Group_63,Group_44,Group_87,Group_31
User_2141 Surname_2141;Marketing;Analyst;Group_8,Group_85,Group_42,Group_61,Group_89,Group_35,Group_14,Group_40,Group_50
User_2142 Surname_2142;Marketing;Intern;Group_4,Group_54,Group_83
User_2143 Surname_2143;Marketing;Intern;Group_26,Group_29,Group_91,Group_22
User_2144 Surname_2144;HR;Associate;Group_45,Group_29
User_2145 Surname_2145;IT;VP;Group_17,Group_35,Group_37,Group_11,Group_82,Group_51,Group_26,Group_93
User_2146 Surname_2146;Legal;Analyst;Group_87,Group_47,Group_50,Group_5,Group_58,Group_45,Group_97,Group_46,Group_44
User_2147 Surname_2147;Engineering;Intern;Group_34,Group_5,Group_42,Group_25,Group_13,Group_7,Group_4,Group_70,Group_29
User_2148 Surname_2148;Product;Intern;Group_73,Group_65,Group_90,Group_62
User_2149 Surname_2149;IT;VP;Group_81,Group_54
User_2150 Surname_2150;HR;VP;Group_44,Group_9,Group_72,Group_40,Group_14,Group_46,Group_87,Group_49,Group_11,Group_56
User_2151 Surname_2151;HR;Intern;Group_91,Group_2,Group_24,Group_42
User_2152 Surname_2152;Operations;Director;Group_28,Group_42,Group_38,Group_26,Group_99,Group_68,Group_93
User_2153 Surname_2153;Legal;VP;Group_47,Group_46
User_2154 Surname_2154;HR;Analyst;Group_5,Group_6,Group_55,Group_54,Group_38,Group_18,Group_84
User_2155 Surname_2155;Sales;Associate;Group_38,Group_2,Group_51,Group_88,Group_74,Group_29,Group_9
User_2156 Surname_2156;IT;Manager;Group_37,Group_14,Group_7,Group_54,Group_90,Group_34,Group_49,Group_29,Group_91
User_2157 Surname_2157;Finance;Intern;Group_61,Group_75,Group_45,Group_15,Group_50,Group_7,Group_47,Group_37,Group_42
User_2158 Surname_2158;Legal;VP;Group_32,Group_86,Group_94,Group_51,Group_38,Group_19,Group_29,Group_58,Group_100,Group_54
User_2159 Surname_2159;Marketing;Associate;Group_1,Group_61,Group_24,Group_92,Group_38,Group_85,Group_81,Group_27,Group_94,Group_16
User_2160 Surname_2160;IT;Intern;Group_39,Group_84,Group_21,Group_10,Group_17,Group_33,Group_86,Group_51,Group_58
User_2161 Surname_2161;IT;Intern;Group_25,Group_5,Group_12,Group_81
User_2162 Surname_2162;Marketing;Manager;Group_45,Group_21,Group_31,Group_81,Group_82,Group_27,Group_71,Group_56,Group_73,Group_92
User_2163 Surname_2163;Engineering;Associate;Group_62,Group_59,Group_31,Group_12,Group_20,Group_60,Group_28,Group_52,Group_25
User_2164 Surname_2164;Engineering;VP;Group_24,Group_15,Group_10,Group_69,Group_41,Group_13,Group_67
User_2165 Surname_2165;Sales;Analyst;Group_78,Group_1,Group_27,Group_45,Group_65,Group_43,Group_39
User_2166 Surname_2166;Engineering;VP;Group_94,Group_60,Group_28,Group_22,Group_68,Group_82,Group_66,Group_19,Group_62,Group_14
User_2167 Surname_2167;Engineering;Intern;Group_8,Group_80,Group_5,Group_96,Group_23,Group_22,Group_38,Group_65,Group_85,Group_43
User_2168 Surname_2168;Operations;Director;Group_50,Group_38,Group_69,Group_36,Group_30,Group_62,Group_49,Group_78,Group_14,Group_17
User_2169 Surname_2169;Legal;Intern;Group_86,Group_11,Group_62,Group_72,Group_27,Group_83,Group_63,Group_54,Group_30
User_2170 Surname_2170;Operations;VP;Group_49,Group_65,Group_39,Group_43,Group_76,Group_60,Group_92
User_2171 Surname_2171;Engineering;VP;Group_53,Group_19,Group_60,Group_10,Group_75,Group_22
User_2172 Surname_2172;Legal;Manager;Group_99,Group_54,Group_51,Group_69,Group_38,Group_81
User_2173 Surname_2173;Marketing;Director;Group_79,Group_64
User_2174 Surname_2174;Operations;Director;Group_73,Group_63,Group_12,Group_50,Group_96,Group_11,Group_22,Group_48,Group_54
User_2175 Surname_2175;Support;Manager;Group_56,Group_9,Group_42,Group_93,Group_17,Group_20,Group_33,Group_74,Group_83,Group_18
User_2176 Surname_2176;Engineering;Manager;Group_16,Group_78
User_2177 Surname_2177;Sales;Manager;Group_41,Group_56,Group_16,Group_25,Group_12,Group_69,Group_49,Group_31,Group_23
User_2178 Surname_2178;IT;Associate;Group_56,Group_45,Group_36,Group_33,Group_79
User_2179 Surname_2179;HR;Director;Group_98,Group_99,Group_91,Group_45,Group_57,Group_70,Group_25,Group_96,Group_87
User_2180 Surname_2180;Operations;Intern;Group_81,Group_4
User_2181 Surname_2181;IT;VP;Group_2,Group_58,Group_3,Group_89,Group_84,Group_56
User_2182 Surname_2182;Engineering;VP;Group_18,Group_9,Group_38,Group_36,Group_23,Group_33,Group_46,Group_45,Group_56
User_2183 Surname_2183;IT;Analyst;Group_55,Group_44,Group_12,Group_56,Group_95
User_2184 Surname_2184;Engineering;Analyst;Group_2,Group_92,Group_6,Group_66,Group_46,Group_88,Group_19
User_2185 Surname_2185;Marketing;Intern;Group_32,Group_45,Group_7
User_2186 Surname_2186;Sales;Associate;Group_58,Group_61,Group_19,Group_47,Group_35,Group_9,Group_20
User_2187 Surname_2187;Support;Manager;Group_24,Group_26
User_2188 Surname_2188;Finance;Manager;Group_88,Group_17,Group_54,Group_35,Group_93,Group_72,Group_25,Group_26,Group_18
User_2189 Surname_2189;HR;Manager;Group_97,Group_23,Group_12,Group_6,Group_20,Group_77
User_2190 Surname_2190;Operations;Associate;Group_17,Group_59,Group_90,Group_5
User_2191 Surname_2191;Marketing;Associate;Group_93,Group_65,Group_83
User_2192 Surname_2192;Marketing;VP;Group_83,Group_27,Group_63,Group_49,Group_42,Group_67,Group_90,Group_38,Group_82,Group_68
User_2193 Surname_2193;Engineering;Associate;Group_80,Group_50,Group_81,Group_17,Group_18,Group_21,Group_89,Group_87,Group_62,Group_37
User_2194 Surname_2194;HR;Associate;Group_65,Group_79,Group_68,Group_67
User_2195 Surname_2195;Support;Intern;Group_20,Group_46
User_2196 Surname_2196;HR;Analyst;Group_75,Group_30,Group_13,Group_16,Group_77,Group_28,Group_86,Group_51,Group_4,Group_94
User_2197 Surname_2197;Product;Intern;Group_36,Group_78,Group_29,Group_28,Group_65,Group_79,Group_63,Group_88
User_2198 Surname_2198;HR;Associate;Group_48,Group_53,Group_51,Group_1,Group_47,Group_39,Group_26,Group_60,Group_31,Group_4
User_2199 Surname_2199;Sales;Manager;Group_28,Group_55,Group_4,Group_25,Group_8,Group_73,Group_6,Group_44,Group_85,Group_18
User_2200 Surname_2200;Engineering;Analyst;Group_22,Group_38,Group_92,Group_10
User_2201 Surname_2201;Engineering;Intern;Group_66,Group_78,Group_80,Group_16,Group_37
User_2202 Surname_2202;IT;Intern;Group_43,Group_17,Group_68,Group_22,Group_35,Group_7,Group_40,Group_51
User_2203 Surname_2203;Sales;Intern;Group_89,Group_12,Group_94,Group_23,Group_43
User_2204 Surname_2204;Engineering;VP;Group_75,Group_5,Group_20,Group_67,Group_6
User_2205 Surname_2205;Operations;Intern;Group_99,Group_24,Group_78,Group_9,Group_74,Group_59,Group_10,Group_91,Group_92
User_2206 Surname_2206;Sales;Associate;Group_10,Group_90,Group_60,Group_35
User_2207 Surname_2207;HR;Manager;Group_94,Group_7,Group_29,Group_38,Group_49
User_2208 Surname_2208;Engineering;Analyst;Group_7,Group_85,Group_28,Group_90,Group_88,Group_9,Group_83,Group_51,Group_1,Group_52
User_2209 Surname_2209;HR;Intern;Group_54,Group_4,Group_80,Group_30,Group_8,Group_99
User_2210 Surname_2210;Engineering;Associate;Group_53,Group_10,Group_27,Group_40,Group_88,Group_84,Group_9,Group_98,Group_16,Group_28
User_2211 Surname_2211;Operations;Analyst;Group_36,Group_85,Group_50,Group_40,Group_66,Group_39,Group_43
User_2212 Surname_2212;Engineering;Director;Group_100,Group_97,Group_12,Group_5,Group_2,Group_22,Group_13,Group_95,Group_65,Group_58
User_2213 Surname_2213;Legal;VP;Group_89,Group_87,Group_27,Group_48,Group_76,Group_62,Group_41
User_2214 Surname_2214;Marketing;Analyst;Group_4,Group_80,Group_93,Group_95,Group_10,Group_58,Group_28
User_2215 Surname_2215;Product;VP;Group_43,Group_73,Group_97,Group_11,Group_53,Group_42
User_2216 Surname_2216;IT;VP;Group_42,Group_51,Group_90,Group_17,Group_96,Group_29,Group_7,Group_43
User_2217 Surname_2217;Sales;Manager;Group_17,Group_57,Group_37,Group_46,Group_49
User_2218 Surname_2218;Finance;VP;Group_87,Group_81,Group_71,Group_49,Group_31,Group_6,Group_61,Group_74
User_2219 Surname_2219;Product;Manager;Group_50,Group_32,Group_38,Group_51,Group_12,Group_60,Group_68
User_2220 Surname_2220;Product;Director;Group_94,Group_86,Group_47,Group_44,Group_73,Group_67,Group_69,Group_60,Group_52,Group_85
User_2221 Surname_2221;IT;Manager;Group_10,Group_53,Group_1,Group_93,Group_69,Group_83,Group_74,Group_35
User_2222 Surname_2222;Product;Associate;Group_32,Group_1,Group_91,Group_20,Group_9,Group_95,Group_88,Group_11,Group_18,Group_36
User_2223 Surname_2223;Marketing;Director;Group_14,Group_65,Group_54,Group_27
User_2224 Surname_2224;Marketing;Intern;Group_70,Group_2,Group_1,Group_60,Group_56,Group_11,Group_25
User_2225 Surname_2225;Product;Intern;Group_90,Group_98,Group_22,Group_74
User_2226 Surname_2226;Marketing;Director;Group_49,Group_85,Group_35,Group_95
User_2227 Surname_2227;Operations;Manager;Group_82,Group_87,Group_16,Group_99,Group_59
User_2228 Surname_2228;HR;Associate;Group_32,Group_87,Group_35,Group_57,Group_73,Group_98
User_2229 Surname_2229;Engineering;Analyst;Group_33,Group_68,Group_48,Group_20,Group_40
User_2230 Surname_2230;Sales;Analyst;Group_21,Group_53,Group_30,Group_44
User_2231 Surname_2231;Operations;VP;Group_95,Group_79,Group_89,Group_5,Group_87,Group_69,Group_98,Group_33,Group_57,Group_37
User_2232 Surname_2232;Marketing;Analyst;Group_39,Group_88,Group_54,Group_16,Group_52,Group_21
User_2233 Surname_2233;Support;Manager;Group_41,Group_8,Group_65
User_2234 Surname_2234;Engineering;VP;Group_11,Group_48,Group_61,Group_33,Group_51
User_2235 Surname_2235;HR;Analyst;Group_16,Group_65,Group_17,Group_64,Group_36,Group_7
User_2236 Surname_2236;Sales;Associate;Group_78,Group_74,Group_52,Group_7,Group_11,Group_10,Group_81,Group_18,Group_53
User_2237 Surname_2237;Engineering;Manager;Group_65,Group_57,Group_25
User_2238 Surname_2238;Engineering;Analyst;Group_25,Group_61,Group_10,Group_59,Group_51,Group_16,Group_67,Group_44,Group_12,Group_93
User_2239 Surname_2239;Legal;Associate;Group_7,Group_1,Group_14,Group_18,Group_92
User_2240 Surname_2240;Marketing;Intern;Group_67,Group_45,Group_13
User_2241 Surname_2241;Marketing;Associate;Group_37,Group_43,Group_23,Group_56,Group_57,Group_80,Group_44,Group_84
User_2242 Surname_2242;Marketing;Manager;Group_31,Group_16,Group_76,Group_77,Group_98,Group_44
User_2243 Surname_2243;Operations;Intern;Group_24,Group_70,Group_98,Group_21
User_2244 Surname_2244;Sales;Manager;Group_28,Group_52,Group_85,Group_84,Group_54
User_2245 Surname_2245;Finance;Intern;Group_48,Group_96,Group_16,Group_4,Group_30,Group_62,Group_20
User_2246 Surname_2246;Finance;Analyst;Group_30,Group_90,Group_76,Group_85,Group_12,Group_5,Group_94,Group_35,Group_56
User_2247 Surname_2247;Legal;Analyst;Group_23,Group_8,Group_1,Group_59,Group_81
User_2248 Surname_2248;Product;Manager;Group_53,Group_65,Group_30,Group_93,Group_43,Group_96
User_2249 Surname_2249;Support;Manager;Group_14,Group_6,Group_1,Group_11
User_2250 Surname_2250;Support;Analyst;Group_5,Group_3,Group_44,Group_22,Group_96,Group_84,Group_53,Group_58,Group_17,Group_50
User_2251 Surname_2251;Finance;Analyst;Group_20,Group_53,Group_2,Group_34,Group_5
User_2252 Surname_2252;IT;Director;Group_56,Group_64,Group_49,Group_18,Group_53,Group_47,Group_89
User_2253 Surname_2253;HR;Associate;Group_9,Group_49,Group_53,Group_17,Group_6,Group_45
User_2254 Surname_2254;Engineering;Director;Group_13,Group_68,Group_77,Group_58,Group_32,Group_78,Group_50
User_2255 Surname_2255;Legal;Intern;Group_78,Group_3,Group_54,Group_16,Group_76
User_2256 Surname_2256;Product;Intern;Group_5,Group_17
User_2257 Surname_2257;Support;Intern;Group_79,Group_15,Group_35,Group_94,Group_14
User_2258 Surname_2258;Support;Intern;Group_26,Group_96,Group_97,Group_54
User_2259 Surname_2259;Marketing;VP;Group_77,Group_26,Group_13,Group_25,Group_27,Group_24
User_2260 Surname_2260;IT;Manager;Group_63,Group_48,Group_59,Group_42,Group_56,Group_22,Group_16,Group_35,Group_49
User_2261 Surname_2261;Sales;Intern;Group_62,Group_25,Group_67,Group_10,Group_57,Group_22,Group_52,Group_77,Group_56,Group_72
User_2262 Surname_2262;IT;Intern;Group_30,Group_18,Group_13,Group_62,Group_20,Group_71,Group_29,Group_47,Group_9,Group_22
User_2263 Surname_2263;HR;Associate;Group_68,Group_22,Group_40,Group_37
User_2264 Surname_2264;Product;VP;Group_3,Group_15,Group_30,Group_53,Group_10
User_2265 Surname_2265;Sales;Associate;Group_90,Group_15,Group_99
User_2266 Surname_2266;Marketing;Manager;Group_21,Group_13,Group_89,Group_59,Group_79,Group_42
User_2267 Surname_2267;Support;VP;Group_10,Group_57,Group_95
User_2268 Surname_2268;Sales;Manager;Group_77,Group_75,Group_79,Group_1,Group_95,Group_40,Group_62
User_2269 Surname_2269;Operations;Manager;Group_97,Group_80,Group_16,Group_58
User_2270 Surname_2270;Finance;VP;Group_91,Group_5,Group_11
User_2271 Surname_2271;Operations;Intern;Group_38,Group_35,Group_49,Group_5,Group_89,Group_70,Group_78,Group_73,Group_36
User_2272 Surname_2272;Engineering;Manager;Group_30,Group_51,Group_2,Group_52,Group_81,Group_95,Group_46
User_2273 Surname_2273;Support;Associate;Group_11,Group_6,Group_5,Group_85,Group_22,Group_38,Group_62,Group_53
User_2274 Surname_2274;Legal;Manager;Group_7,Group_65,Group_93,Group_36,Group_16,Group_40,Group_9,Group_94,Group_44
User_2275 Surname_2275;Marketing;Intern;Group_49,Group_77,Group_87,Group_76,Group_63,Group_5,Group_57
User_2276 Surname_2276;IT;Associate;Group_8,Group_88,Group_51
User_2277 Surname_2277;IT;Manager;Group_76,Group_50,Group_82,Group_85,Group_89,Group_20,Group_57,Group_65,Group_16
User_2278 Surname_2278;Support;Associate;Group_80,Group_15,Group_11,Group_79,Group_74,Group_47
User_2279 Surname_2279;Marketing;Intern;Group_74,Group_57,Group_84,Group_50,Group_85,Group_61,Group_25,Group_78,Group_20
User_2280 Surname_2280;IT;Intern;Group_92,Group_16
User_2281 Surname_2281;IT;Analyst;Group_53,Group_5,Group_59,Group_36,Group_6,Group_79
User_2282 Surname_2282;Legal;Analyst;Group_1,Group_82,Group_85,Group_44,Group_35,Group_93,Group_57,Group_3,Group_95,Group_96
User_2283 Surname_2283;Operations;Manager;Group_34,Group_19,Group_53
User_2284 Surname_2284;HR;Analyst;Group_65,Group_40,Group_2,Group_1
User_2285 Surname_2285;Finance;Associate;Group_55,Group_5,Group_47,Group_27,Group_28,Group_69,Group_54,Group_38,Group_91,Group_71
User_2286 Surname_2286;Engineering;Director;Group_7,Group_64,Group_60,Group_30,Group_17,Group_36,Group_79,Group_51
User_2287 Surname_2287;Finance;Director;Group_4,Group_81,Group_95,Group_75,Group_40,Group_25,Group_29,Group_68,Group_51,Group_32
User_2288 Surname_2288;Product;VP;Group_13,Group_14,Group_55,Group_2,Group_78,Group_99,Group_93
User_2289 Surname_2289;Operations;Analyst;Group_59,Group_92,Group_40,Group_3,Group_80,Group_16,Group_31
User_2290 Surname_2290;Support;Intern;Group_95,Group_58,Group_1,Group_78,Group_63,Group_66
User_2291 Surname_2291;Product;Associate;Group_88,Group_55,Group_94,Group_85,Group_3,Group_77,Group_95,Group_35
User_2292 Surname_2292;Operations;Associate;Group_10,Group_71
User_2293 Surname_2293;IT;Associate;Group_24,Group_26,Group_79,Group_63,Group_16,Group_86,Group_40,Group_41,Group_28,Group_83
User_2294 Surname_2294;Product;Associate;Group_65,Group_3,Group_49,Group_61,Group_80,Group_100,Group_81,Group_76,Group_19
User_2295 Surname_2295;Legal;Intern;Group_70,Group_53,Group_40,Group_20
User_2296 Surname_2296;Sales;Analyst;Group_60,Group_21,Group_39,Group_53,Group_51,Group_9
User_2297 Surname_2297;Support;Analyst;Group_78,Group_76,Group_63,Group_3,Group_9,Group_57,Group_99,Group_37
User_2298 Surname_2298;Sales;VP;Group_25,Group_94
User_2299 Surname_2299;Legal;Analyst;Group_24,Group_75,Group_6,Group_35,Group_26,Group_70,Group_2,Group_16,Group_87,Group_59
User_2300 Surname_2300;Operations;Manager;Group_87,Group_95,Group_99,Group_37
User_2301 Surname_2301;Finance;Director;Group_82,Group_34,Group_14,Group_6,Group_96
User_2302 Surname_2302;Support;Director;Group_84,Group_91,Group_75,Group_14
User_2303 Surname_2303;HR;VP;Group_21,Group_25
User_2304 Surname_2304;Product;Director;Group_81,Group_4,Group_50
User_2305 Surname_2305;IT;Intern;Group_56,Group_77,Group_29,Group_65,Group_40,Group_61
User_2306 Surname_2306;Legal;Associate;Group_50,Group_64,Group_40,Group_31
User_2307 Surname_2307;Finance;Manager;Group_42,Group_75,Group_62,Group_38,Group_44,Group_60,Group_61,Group_25,Group_82,Group_41
User_2308 Surname_2308;Legal;Intern;Group_47,Group_23,Group_80,Group_40
User_2309 Surname_2309;Legal;Associate;Group_3,Group_50
User_2310 Surname_2310;IT;Associate;Group_44,Group_90,Group_58
User_2311 Surname_2311;Operations;Manager;Group_85,Group_21,Group_88,Group_95,Group_58,Group_100,Group_39,Group_6
User_2312 Surname_2312;Operations;Manager;Group_97,Group_66,Group_69,Group_43,Group_35
User_2313 Surname_2313;HR;Manager;Group_10,Group_83,Group_65,Group_23,Group_86,Group_89,Group_100,Group_85
User_2314 Surname_2314;Finance;Manager;Group_28,Group_66,Group_19
User_2315 Surname_2315;Legal;VP;Group_22,Group_96,Group_28,Group_8,Group_5,Group_81
User_2316 Surname_2316;Operations;Associate;Group_37,Group_89,Group_75,Group_11,Group_43,Group_100,Group_63,Group_41,Group_23,Group_7
User_2317 Surname_2317;Finance;Director;Group_61,Group_84,Group_40,Group_87,Group_93,Group_35,Group_69,Group_26
User_2318 Surname_2318;Product;Analyst;Group_32,Group_38,Group_15,Group_85,Group_42,Group_78,Group_3,Group_34
User_2319 Surname_2319;Finance;Associate;Group_54,Group_62,Group_79,Group_53,Group_84,Group_56,Group_33,Group_74,Group_30
User_2320 Surname_2320;Sales;Intern;Group_42,Group_23,Group_86,Group_69,Group_28
User_2321 Surname_2321;Finance;Intern;Group_20,Group_75,Group_79
User_2322 Surname_2322;Sales;Analyst;Group_56,Group_80,Group_96,Group_42,Group_48,Group_63,Group_5,Group_34,Group_36
User_2323 Surname_2323;Finance;VP;Group_64,Group_2,Group_61,Group_37,Group_36
User_2324 Surname_2324;Support;VP;Group_39,Group_58,Group_38,Group_49,Group_86,Group_12,Group_82
User_2325 Surname_2325;Finance;Director;Group_5,Group_43,Group_82,Group_13,Group_17,Group_62,Group_27
User_2326 Surname_2326;Marketing;Director;Group_12,Group_84,Group_77,Group_61,Group_45,Group_72,Group_80
User_2327 Surname_2327;Support;Associate;Group_55,Group_58,Group_30,Group_52,Group_35
User_2328 Surname_2328;Product;Intern;Group_87,Group_98,Group_46,Group_23,Group_73,Group_50,Group_62,Group_69,Group_83
User_2329 Surname_2329;Operations;Intern;Group_32,Group_69
User_2330 Surname_2330;Engineering;Associate;Group_17,Group_68,Group_26,Group_72,Group_84,Group_58,Group_94,Group_27,Group_57,Group_39
User_2331 Surname_2331;Engineering;Manager;Group_60,Group_32,Group_96,Group_62,Group_72
User_2332 Surname_2332;Legal;Manager;Group_90,Group_58
User_2333 Surname_2333;Legal;Director;Group_40,Group_15,Group_14,Group_47,Group_61
User_2334 Surname_2334;Legal;Associate;Group_68,Group_14,Group_13,Group_64
User_2335 Surname_2335;Product;Analyst;Group_4,Group_62,Group_88,Group_15,Group_49
User_2336 Surname_2336;HR;Analyst;Group_83,Group_100,Group_41,Group_24,Group_21,Group_60,Group_33,Group_9
User_2337 Surname_2337;Sales;VP;Group_2,Group_18,Group_46,Group_88,Group_83,Group_87
User_2338 Surname_2338;Marketing;Analyst;Group_51,Group_58,Group_44,Group_42,Group_74
User_2339 Surname_2339;Legal;Analyst;Group_62,Group_31,Group_40,Group_14,Group_22
User_2340 Surname_2340;Operations;Analyst;Group_83,Group_14,Group_78
User_2341 Surname_2341;HR;Intern;Group_43,Group_30,Group_79,Group_70
User_2342 Surname_2342;HR;Associate;Group_99,Group_59,Group_42,Group_40
User_2343 Surname_2343;HR;VP;Group_44,Group_78,Group_75,Group_2,Group_98,Group_5,Group_24,Group_30,Group_37
User_2344 Surname_2344;Product;Intern;Group_71,Group_38,Group_16,Group_70,Group_92
User_2345 Surname_2345;Marketing;Intern;Group_76,Group_90,Group_64,Group_89,Group_99
User_2346 Surname_2346;Engineering;Manager;Group_88,Group_15,Group_36,Group_95,Group_9,Group_20
User_2347 Surname_2347;Product;Director;Group_35,Group_42,Group_93,Group_25
User_2348 Surname_2348;Support;VP;Group_6,Group_7,Group_58,Group_3,Group_68,Group_96,Group_24,Group_40,Group_42
User_2349 Surname_2349;IT;Associate;Group_35,Group_38,Group_30,Group_74,Group_22,Group_8,Group_95
User_2350 Surname_2350;Finance;Intern;Group_49,Group_35,Group_78,Group_42,Group_53
User_2351 Surname_2351;Support;Intern;Group_9,Group_60,Group_92
User_2352 Surname_2352;Legal;Manager;Group_16,Group_11,Group_41,Group_14,Group_6,Group_88,Group_47,Group_33,Group_86,Group_43
User_2353 Surname_2353;Legal;Director;Group_99,Group_24,Group_47,Group_77,Group_14,Group_30,Group_68
User_2354 Surname_2354;Legal;Intern;Group_87,Group_67,Group_16,Group_4,Group_51,Group_42,Group_49
User_2355 Surname_2355;Finance;Manager;Group_49,Group_32
User_2356 Surname_2356;HR;VP;Group_57,Group_10,Group_37,Group_3,Group_5,Group_49,Group_31,Group_55
User_2357 Surname_2357;Operations;Director;Group_78,Group_17
User_2358 Surname_2358;Operations;Manager;Group_15,Group_64,Group_24,Group_91,Group_92,Group_31,Group_25,Group_61,Group_97,Group_18
User_2359 Surname_2359;HR;Analyst;Group_69,Group_78,Group_21,Group_8,Group_3
User_2360 Surname_2360;Operations;Director;Group_1,Group_17,Group_34,Group_59,Group_13,Group_60
User_2361 Surname_2361;Support;Associate;Group_31,Group_30,Group_88,Group_59,Group_98,Group_6,Group_27,Group_28,Group_92
User_2362 Surname_2362;Legal;Analyst;Group_59,Group_57,Group_56,Group_3
User_2363 Surname_2363;Marketing;Manager;Group_45,Group_89,Group_56,Group_74,Group_53,Group_42
User_2364 Surname_2364;IT;VP;Group_29,Group_74,Group_82
User_2365 Surname_2365;HR;Associate;Group_81,Group_91,Group_35,Group_10,Group_20
User_2366 Surname_2366;HR;Manager;Group_63,Group_61
User_2367 Surname_2367;Legal;Manager;Group_7,Group_92
User_2368 Surname_2368;Support;Intern;Group_77,Group_18,Group_81,Group_11,Group_86,Group_2,Group_72,Group_66
User_2369 Surname_2369;Finance;Director;Group_94,Group_74,Group_82,Group_25,Group_34
User_2370 Surname_2370;Marketing;Manager;Group_38,Group_32
User_2371 Surname_2371;Operations;Intern;Group_99,Group_39,Group_88,Group_23,Group_13,Group_10,Group_20,Group_18,Group_78,Group_86
User_2372 Surname_2372;Engineering;Intern;Group_82,Group_34,Group_94,Group_45,Group_28,Group_17,Group_91,Group_53,Group_8
User_2373 Surname_2373;Sales;Associate;Group_80,Group_96
User_2374 Surname_2374;HR;Manager;Group_13,Group_75,Group_8,Group_97
User_2375 Surname_2375;Engineering;Analyst;Group_14,Group_18
User_2376 Surname_2376;Finance;Intern;Group_25,Group_18,Group_91,Group_73,Group_40,Group_49
User_2377 Surname_2377;Product;Analyst;Group_72,Group_78,Group_82,Group_89,Group_62
User_2378 Surname_2378;IT;Intern;Group_80,Group_35,Group_77,Group_3,Group_6,Group_4,Group_28,Group_48,Group_70,Group_8
User_2379 Surname_2379;IT;Intern;Group_32,Group_59,Group_97,Group_15,Group_74,Group_91,Group_25,Group_39,Group_40
User_2380 Surname_2380;Operations;Analyst;Group_40,Group_50
User_2381 Surname_2381;IT;Manager;Group_95,Group_60,Group_59,Group_46,Group_73,Group_93,Group_44
User_2382 Surname_2382;Sales;Associate;Group_67,Group_68,Group_61,Group_55,Group_31,Group_77
User_2383 Surname_2383;Legal;Manager;Group_61,Group_71,Group_7,Group_44,Group_67,Group_8,Group_98,Group_3,Group_25
User_2384 Surname_2384;Finance;Manager;Group_6,Group_46,Group_40,Group_99,Group_64,Group_33,Group_45
User_2385 Surname_2385;Product;Director;Group_45,Group_8,Group_81,Group_53,Group_49,Group_96
User_2386 Surname_2386;Product;Intern;Group_66,Group_85,Group_87,Group_59,Group_5,Group_43,Group_56
User_2387 Surname_2387;Marketing;VP;Group_21,Group_97,Group_28,Group_38,Group_96
User_2388 Surname_2388;Marketing;Director;Group_90,Group_54,Group_97,Group_67,Group_38,Group_21,Group_8
User_2389 Surname_2389;HR;Director;Group_47,Group_57,Group_4,Group_34,Group_76,Group_7
User_2390 Surname_2390;Engineering;Director;Group_73,Group_8
User_2391 Surname_2391;Support;VP;Group_15,Group_17,Group_79,Group_67,Group_34,Group_51
User_2392 Surname_2392;HR;Associate;Group_80,Group_51,Group_68,Group_64,Group_30
User_2393 Surname_2393;Engineering;Intern;Group_43,Group_33,Group_39,Group_96,Group_25,Group_18,Group_42,Group_34
User_2394 Surname_2394;Marketing;Manager;Group_34,Group_78,Group_53,Group_11,Group_48,Group_9
User_2395 Surname_2395;Sales;Director;Group_15,Group_17
User_2396 Surname_2396;Legal;VP;Group_62,Group_34,Group_47,Group_24,Group_22,Group_78,Group_32,Group_10,Group_27,Group_83
User_2397 Surname_2397;Legal;Analyst;Group_36,Group_62,Group_83,Group_96,Group_60
User_2398 Surname_2398;Product;Associate;Group_92,Group_69,Group_17,Group_16,Group_15,Group_40,Group_2,Group_12,Group_100
User_2399 Surname_2399;Support;Intern;Group_83,Group_25,Group_77,Group_30,Group_73,Group_98,Group_50,Group_2,Group_48
User_2400 Surname_2400;Marketing;Associate;Group_10,Group_50,Group_51,Group_29,Group_15,Group_94,Group_6
User_2401 Surname_2401;IT;Manager;Group_73,Group_95,Group_68,Group_28,Group_23,Group_76,Group_25,Group_51
User_2402 Surname_2402;IT;Associate;Group_62,Group_63,Group_20,Group_76
User_2403 Surname_2403;Marketing;Director;Group_17,Group_42,Group_87,Group_22
User_2404 Surname_2404;Support;VP;Group_51,Group_23
User_2405 Surname_2405;IT;Director;Group_77,Group_73,Group_90,Group_21
User_2406 Surname_2406;Sales;VP;Group_60,Group_26,Group_46
User_2407 Surname_2407;Operations;Analyst;Group_6,Group_85,Group_91
User_2408 Surname_2408;Legal;VP;Group_24,Group_82,Group_65,Group_90
User_2409 Surname_2409;Operations;Director;Group_25,Group_72,Group_50,Group_6,Group_88,Group_84,Group_22
User_2410 Surname_2410;Legal;Manager;Group_96,Group_93,Group_4,Group_31,Group_88,Group_63,Group_50,Group_74,Group_38
User_2411 Surname_2411;Support;VP;Group_77,Group_44,Group_47,Group_31
User_2412 Surname_2412;Marketing;Director;Group_78,Group_10,Group_33,Group_52,Group_98,Group_12
User_2413 Surname_2413;Sales;Associate;Group_78,Group_51,Group_22
User_2414 Surname_2414;Finance;Analyst;Group_85,Group_90,Group_39,Group_36,Group_61,Group_77,Group_80
User_2415 Surname_2415;Operations;Analyst;Group_90,Group_32,Group_55,Group_10,Group_60
User_2416 Surname_2416;HR;VP;Group_91,Group_18,Group_37,Group_57,Group_97,Group_81,Group_47,Group_87,Group_75
User_2417 Surname_2417;IT;Associate;Group_94,Group_15,Group_64,Group_78,Group_80,Group_13,Group_77
User_2418 Surname_2418;Finance;Manager;Group_30,Group_24
User_2419 Surname_2419;Support;Manager;Group_23,Group_22,Group_19,Group_97
User_2420 Surname_2420;IT;Intern;Group_89,Group_22,Group_39,Group_18,Group_11,Group_94,Group_17,Group_6,Group_57
User_2421 Surname_2421;Engineering;Associate;Group_2,Group_74,Group_59,Group_54,Group_33
User_2422 Surname_2422;Sales;Intern;Group_10,Group_23,Group_8,Group_67,Group_98,Group_73
User_2423 Surname_2423;Sales;VP;Group_68,Group_91,Group_53,Group_26
User_2424 Surname_2424;Engineering;Associate;Group_24,Group_79,Group_5,Group_87,Group_42,Group_65,Group_16,Group_66,Group_46
User_2425 Surname_2425;IT;VP;Group_68,Group_18,Group_71,Group_58,Group_28,Group_30
User_2426 Surname_2426;Operations;Associate;Group_35,Group_24,Group_50,Group_96
User_2427 Surname_2427;Marketing;Associate;Group_63,Group_86,Group_96,Group_27,Group_48
User_2428 Surname_2428;Engineering;Manager;Group_13,Group_18,Group_83,Group_91,Group_34,Group_99,Group_15,Group_50
User_2429 Surname_2429;Operations;Intern;Group_48,Group_5,Group_62,Group_19,Group_94,Group_27,Group_28,Group_88
User_2430 Surname_2430;HR;Analyst;Group_32,Group_50,Group_31,Group_84,Group_24,Group_77,Group_57,Group_46,Group_2
User_2431 Surname_2431;IT;Associate;Group_78,Group_40,Group_91,Group_50,Group_28,Group_11,Group_54,Group_86,Group_44,Group_68
User_2432 Surname_2432;Sales;VP;Group_54,Group_84,Group_44,Group_46,Group_8,Group_30,Group_43,Group_86,Group_68,Group_82
User_2433 Surname_2433;HR;Analyst;Group_1,Group_10,Group_46,Group_71,Group_94,Group_74,Group_67,Group_61,Group_22
User_2434 Surname_2434;HR;Analyst;Group_99,Group_66,Group_1,Group_10,Group_75,Group_22,Group_61,Group_79
User_2435 Surname_2435;Marketing;VP;Group_2,Group_54
User_2436 Surname_2436;Operations;Director;Group_89,Group_43,Group_2,Group_81,Group_52,Group_74,Group_44,Group_8
User_2437 Surname_2437;Engineering;Intern;Group_96,Group_51,Group_18,Group_97,Group_71,Group_33
User_2438 Surname_2438;HR;Analyst;Group_48,Group_21,Group_77,Group_28,Group_96,Group_95,Group_37,Group_35,Group_63
User_2439 Surname_2439;Legal;Director;Group_56,Group_14,Group_34,Group_58,Group_21
User_2440 Surname_2440;Legal;Intern;Group_84,Group_31,Group_38,Group_76,Group_20,Group_47
User_2441 Surname_2441;Finance;VP;Group_20,Group_35,Group_33,Group_98,Group_72,Group_31
User_2442 Surname_2442;HR;Director;Group_83,Group_40,Group_32
User_2443 Surname_2443;Product;Director;Group_57,Group_92,Group_31,Group_37,Group_55,Group_8,Group_42,Group_64,Group_66,Group_75
User_2444 Surname_2444;HR;Associate;Group_41,Group_56,Group_1,Group_100,Group_39,Group_15,Group_79,Group_32,Group_33,Group_59
User_2445 Surname_2445;Marketing;Intern;Group_18,Group_70
User_2446 Surname_2446;IT;Manager;Group_93,Group_47,Group_34
User_2447 Surname_2447;Finance;Director;Group_72,Group_29,Group_23,Group_32,Group_59
User_2448 Surname_2448;Sales;Intern;Group_44,Group_90,Group_80,Group_84,Group_73
User_2449 Surname_2449;IT;Director;Group_25,Group_80,Group_85,Group_50
User_2450 Surname_2450;Sales;Analyst;Group_99,Group_28,Group_31,Group_12,Group_1,Group_38,Group_96,Group_71,Group_43
User_2451 Surname_2451;HR;Director;Group_14,Group_10,Group_94,Group_84,Group_60,Group_24,Group_27,Group_92,Group_69
User_2452 Surname_2452;Support;VP;Group_46,Group_28,Group_29,Group_88,Group_5
User_2453 Surname_2453;HR;Director;Group_55,Group_97,Group_100,Group_83,Group_69,Group_82,Group_14
User_2454 Surname_2454;Marketing;Associate;Group_10,Group_69
User_2455 Surname_2455;HR;Director;Group_6,Group_5,Group_42,Group_11,Group_84,Group_35,Group_32,Group_16,Group_45,Group_83
User_2456 Surname_2456;Finance;Manager;Group_56,Group_14,Group_67,Group_15,Group_7,Group_36
User_2457 Surname_2457;Legal;Manager;Group_41,Group_26,Group_31,Group_57,Group_55
User_2458 Surname_2458;IT;Associate;Group_23,Group_14,Group_65,Group_24,Group_16,Group_61,Group_43
User_2459 Surname_2459;Support;Analyst;Group_18,Group_12,Group_67,Group_90,Group_50,Group_78
User_2460 Surname_2460;IT;Director;Group_91,Group_29,Group_58,Group_39
User_2461 Surname_2461;IT;Analyst;Group_31,Group_47,Group_88,Group_1
User_2462 Surname_2462;Engineering;Manager;Group_24,Group_31,Group_82,Group_59,Group_47,Group_46,Group_76,Group_30,Group_26
User_2463 Surname_2463;Operations;VP;Group_77,Group_53,Group_50,Group_60,Group_66,Group_97,Group_98,Group_85,Group_63
User_2464 Surname_2464;Engineering;VP;Group_21,Group_43,Group_100,Group_57,Group_20,Group_61,Group_35,Group_72,Group_92
User_2465 Surname_2465;Support;Analyst;Group_55,Group_91,Group_72,Group_62,Group_85,Group_46
User_2466 Surname_2466;Marketing;Director;Group_98,Group_88,Group_29,Group_16,Group_37
User_2467 Surname_2467;IT;Associate;Group_10,Group_92,Group_8,Group_5,Group_54
User_2468 Surname_2468;IT;Associate;Group_96,Group_20,Group_79,Group_55,Group_15,Group_31
User_2469 Surname_2469;Operations;Associate;Group_66,Group_85,Group_37,Group_90,Group_19,Group_40
User_2470 Surname_2470;Finance;Intern;Group_16,Group_38,Group_81,Group_90,Group_75,Group_55,Group_70,Group_29
User_2471 Surname_2471;Support;VP;Group_83,Group_62,Group_29
User_2472 Surname_2472;Legal;Associate;Group_82,Group_56,Group_37,Group_34,Group_33,Group_85,Group_21,Group_74,Group_88
User_2473 Surname_2473;Product;Analyst;Group_21,Group_51
User_2474 Surname_2474;IT;VP;Group_78,Group_76,Group_70,Group_15,Group_98,Group_43,Group_36
User_2475 Surname_2475;Marketing;Intern;Group_79,Group_10,Group_1,Group_46,Group_3,Group_61
User_2476 Surname_2476;HR;Associate;Group_71,Group_2,Group_92,Group_5
User_2477 Surname_2477;HR;Intern;Group_33,Group_50,Group_35,Group_51,Group_75
User_2478 Surname_2478;HR;Director;Group_5,Group_97,Group_76,Group_75
User_2479 Surname_2479;Engineering;Director;Group_51,Group_88,Group_70
User_2480 Surname_2480;Product;Analyst;Group_73,Group_52,Group_27,Group_18,Group_78,Group_99
User_2481 Surname_2481;Marketing;VP;Group_21,Group_37,Group_79,Group_62,Group_73,Group_9,Group_60,Group_5,Group_4
User_2482 Surname_2482;Engineering;Manager;Group_26,Group_25
User_2483 Surname_2483;Product;Analyst;Group_67,Group_84,Group_4,Group_39,Group_21,Group_30,Group_35
User_2484 Surname_2484;Legal;Manager;Group_83,Group_49
User_2485 Surname_2485;Operations;Intern;Group_78,Group_1,Group_18,Group_8,Group_49,Group_72,Group_74,Group_39,Group_69,Group_48
User_2486 Surname_2486;Legal;Manager;Group_55,Group_65,Group_43,Group_51,Group_84,Group_50,Group_10,Group_100
User_2487 Surname_2487;Legal;VP;Group_66,Group_50,Group_49,Group_38,Group_40,Group_64,Group_14
User_2488 Surname_2488;IT;Director;Group_95,Group_6,Group_60,Group_88,Group_50,Group_33,Group_52,Group_73,Group_9,Group_26
User_2489 Surname_2489;Product;VP;Group_39,Group_46,Group_76,Group_55,Group_47,Group_30,Group_84,Group_57
User_2490 Surname_2490;Legal;Intern;Group_49,Group_23,Group_100,Group_43,Group_81,Group_33,Group_42,Group_13
User_2491 Surname_2491;Product;Manager;Group_83,Group_58,Group_51
User_2492 Surname_2492;Legal;Associate;Group_14,Group_8,Group_64,Group_93,Group_72,Group_6
User_2493 Surname_2493;Legal;Manager;Group_52,Group_39,Group_15,Group_8,Group_78,Group_16,Group_77,Group_90
User_2494 Surname_2494;Support;VP;Group_99,Group_29
User_2495 Surname_2495;Operations;VP;Group_15,Group_81,Group_48,Group_87
User_2496 Surname_2496;IT;Associate;Group_21,Group_81,Group_44,Group_12,Group_7,Group_65,Group_62,Group_98,Group_40,Group_34
User_2497 Surname_2497;Product;Analyst;Group_97,Group_76,Group_62,Group_11,Group_35,Group_89,Group_37
User_2498 Surname_2498;Product;Analyst;Group_25,Group_99,Group_73,Group_85,Group_87,Group_84,Group_40,Group_30,Group_16,Group_83
User_2499 Surname_2499;Product;Manager;Group_84,Group_83,Group_74,Group_18,Group_90,Group_3,Group_63,Group_54,Group_12
User_2500 Surname_2500;Legal;Manager;Group_63,Group_62,Group_49,Group_20,Group_79,Group_37,Group_68
User_2501 Surname_2501;Marketing;Director;Group_44,Group_29,Group_50,Group_80,Group_57,Group_90
User_2502 Surname_2502;HR;VP;Group_20,Group_87,Group_40,Group_6,Group_69,Group_72
User_2503 Surname_2503;IT;Associate;Group_7,Group_36,Group_79,Group_50,Group_70,Group_43,Group_65
User_2504 Surname_2504;IT;Director;Group_40,Group_23,Group_16,Group_9,Group_34,Group_21,Group_19,Group_25,Group_97,Group_37
User_2505 Surname_2505;Operations;Manager;Group_24,Group_67,Group_95,Group_13
User_2506 Surname_2506;Marketing;Director;Group_57,Group_59,Group_65,Group_82,Group_87,Group_63
User_2507 Surname_2507;Sales;Director;Group_55,Group_26,Group_39,Group_87,Group_8,Group_86
User_2508 Surname_2508;Finance;Director;Group_66,Group_26,Group_99,Group_76,Group_49,Group_97,Group_92
User_2509 Surname_2509;Finance;Analyst;Group_46,Group_50,Group_94,Group_7,Group_39,Group_14,Group_11,Group_69,Group_24,Group_81
User_2510 Surname_2510;Operations;VP;Group_8,Group_57,Group_25,Group_24,Group_7,Group_48,Group_39
User_2511 Surname_2511;Operations;Associate;Group_10,Group_13
User_2512 Surname_2512;IT;Manager;Group_30,Group_20,Group_48
User_2513 Surname_2513;IT;Director;Group_80,Group_94,Group_1,Group_22
User_2514 Surname_2514;Marketing;Associate;Group_13,Group_61,Group_72,Group_85
User_2515 Surname_2515;Engineering;Director;Group_77,Group_68,Group_42,Group_84,Group_21,Group_29,Group_55
User_2516 Surname_2516;IT;VP;Group_85,Group_31,Group_59,Group_84
User_2517 Surname_2517;Product;Manager;Group_29,Group_57,Group_97,Group_86,Group_67,Group_10,Group_91,Group_46
User_2518 Surname_2518;Finance;Intern;Group_48,Group_21,Group_60,Group_28,Group_7,Group_87,Group_96,Group_2
User_2519 Surname_2519;HR;VP;Group_64,Group_94,Group_36,Group_80,Group_23,Group_69,Group_78,Group_9,Group_6,Group_1
User_2520 Surname_2520;Engineering;Analyst;Group_64,Group_5,Group_29,Group_78,Group_62
User_2521 Surname_2521;Product;Manager;Group_42,Group_53,Group_17,Group_25,Group_26,Group_64
User_2522 Surname_2522;HR;VP;Group_34,Group_67,Group_70,Group_27
User_2523 Surname_2523;Operations;VP;Group_40,Group_16,Group_67,Group_13,Group_100,Group_76,Group_27,Group_60,Group_35
User_2524 Surname_2524;Product;Director;Group_48,Group_24
User_2525 Surname_2525;Engineering;Director;Group_82,Group_44,Group_38,Group_86
User_2526 Surname_2526;HR;Associate;Group_93,Group_76,Group_94,Group_67
User_2527 Surname_2527;Support;Manager;Group_26,Group_87,Group_10,Group_52,Group_78,Group_91,Group_2,Group_88
User_2528 Surname_2528;Legal;Manager;Group_66,Group_13,Group_2,Group_27,Group_16,Group_58,Group_30
User_2529 Surname_2529;Marketing;Intern;Group_31,Group_26
User_2530 Surname_2530;HR;Director;Group_43,Group_86,Group_88,Group_81,Group_77
User_2531 Surname_2531;Marketing;VP;Group_90,Group_54,Group_24,Group_68,Group_45,Group_91,Group_66
User_2532 Surname_2532;IT;Intern;Group_43,Group_8,Group_19,Group_22,Group_78,Group_53,Group_79,Group_4,Group_94,Group_13
User_2533 Surname_2533;Legal;Associate;Group_2,Group_77,Group_31
User_2534 Surname_2534;Marketing;Intern;Group_92,Group_11,Group_45,Group_46,Group_18,Group_74,Group_39
User_2535 Surname_2535;Finance;Analyst;Group_99,Group_49,Group_53,Group_100,Group_2,Group_67
User_2536 Surname_2536;HR;Manager;Group_68,Group_1,Group_22
User_2537 Surname_2537;Operations;Manager;Group_62,Group_71,Group_35,Group_100
User_2538 Surname_2538;IT;Manager;Group_61,Group_14,Group_24,Group_81,Group_6,Group_3,Group_89,Group_34,Group_60
User_2539 Surname_2539;Legal;Analyst;Group_33,Group_92,Group_11,Group_88,Group_80,Group_25,Group_48,Group_90,Group_49
User_2540 Surname_2540;Engineering;Manager;Group_64,Group_72,Group_13,Group_67,Group_46,Group_59,Group_86
User_2541 Surname_2541;IT;Manager;Group_22,Group_26,Group_86,Group_97,Group_20,Group_77,Group_91,Group_32,Group_68,Group_76
User_2542 Surname_2542;IT;Manager;Group_23,Group_19,Group_98,Group_22,Group_7,Group_32,Group_30,Group_27
User_2543 Surname_2543;HR;VP;Group_88,Group_82,Group_47,Group_20
User_2544 Surname_2544;Product;Director;Group_62,Group_38
User_2545 Surname_2545;Marketing;VP;Group_15,Group_98,Group_1,Group_90,Group_67,Group_10,Group_87,Group_76,Group_43,Group_33
User_2546 Surname_2546;Finance;Analyst;Group_83,Group_51,Group_92,Group_80,Group_98,Group_1,Group_84,Group_26
User_2547 Surname_2547;Legal;Director;Group_30,Group_90,Group_2,Group_87,Group_76,Group_92,Group_31,Group_1,Group_10,Group_24
User_2548 Surname_2548;Product;Associate;Group_67,Group_41,Group_48
User_2549 Surname_2549;Finance;VP;Group_79,Group_96
User_2550 Surname_2550;Support;Director;Group_39,Group_92,Group_16,Group_4
User_2551 Surname_2551;Finance;Manager;Group_85,Group_79,Group_96,Group_58,Group_93,Group_78,Group_32,Group_26,Group_81,Group_70
User_2552 Surname_2552;IT;Analyst;Group_26,Group_64,Group_27
User_2553 Surname_2553;HR;Associate;Group_16,Group_58,Group_43,Group_45,Group_32,Group_61,Group_66
User_2554 Surname_2554;Operations;Intern;Group_33,Group_69,Group_18,Group_1,Group_82,Group_35,Group_3,Group_40,Group_2,Group_49
User_2555 Surname_2555;IT;Analyst;Group_48,Group_27,Group_17,Group_40,Group_21,Group_62,Group_46
User_2556 Surname_2556;Operations;Director;Group_12,Group_42
User_2557 Surname_2557;Operations;Analyst;Group_97,Group_19,Group_68,Group_60,Group_32,Group_25
User_2558 Surname_2558;HR;Intern;Group_7,Group_25,Group_84,Group_9,Group_26,Group_62,Group_64,Group_14
User_2559 Surname_2559;Sales;VP;Group_79,Group_41,Group_43,Group_78,Group_45
User_2560 Surname_2560;Sales;Director;Group_47,Group_87,Group_26,Group_60,Group_93,Group_79
User_2561 Surname_2561;Sales;Director;Group_78,Group_37,Group_95,Group_25,Group_14
User_2562 Surname_2562;Marketing;Associate;Group_96,Group_40,Group_67,Group_13,Group_32,Group_75,Group_38,Group_2
User_2563 Surname_2563;Legal;Intern;Group_38,Group_87,Group_82
User_2564 Surname_2564;Legal;Analyst;Group_90,Group_58
User_2565 Surname_2565;Marketing;Intern;Group_55,Group_43
User_2566 Surname_2566;Support;Associate;Group_14,Group_82,Group_21,Group_83,Group_72,Group_2,Group_62,Group_90,Group_54
User_2567 Surname_2567;Finance;Associate;Group_84,Group_18,Group_74
User_2568 Surname_2568;HR;VP;Group_9,Group_75,Group_86
User_2569 Surname_2569;HR;Associate;Group_44,Group_75,Group_85
User_2570 Surname_2570;Finance;Manager;Group_71,Group_95,Group_99
User_2571 Surname_2571;Product;Director;Group_31,Group_82,Group_18,Group_94,Group_27
User_2572 Surname_2572;Product;VP;Group_62,Group_33
User_2573 Surname_2573;Legal;Analyst;Group_41,Group_4,Group_94
User_2574 Surname_2574;IT;Intern;Group_73,Group_46,Group_4,Group_10,Group_87,Group_68,Group_26
User_2575 Surname_2575;Product;VP;Group_54,Group_99,Group_40,Group_84,Group_11,Group_30,Group_63
User_2576 Surname_2576;Product;Director;Group_87,Group_19,Group_66,Group_82,Group_80,Group_27,Group_14,Group_62
User_2577 Surname_2577;Support;VP;Group_51,Group_91,Group_92,Group_53,Group_78
User_2578 Surname_2578;Engineering;Intern;Group_41,Group_62
User_2579 Surname_2579;HR;Intern;Group_85,Group_48,Group_56
User_2580 Surname_2580;Operations;Manager;Group_17,Group_42,Group_75,Group_98,Group_39,Group_38,Group_69,Group_95,Group_80
User_2581 Surname_2581;Sales;VP;Group_10,Group_23,Group_27,Group_12,Group_93
User_2582 Surname_2582;Support;Analyst;Group_95,Group_5,Group_57,Group_52
User_2583 Surname_2583;Sales;Intern;Group_56,Group_39,Group_41,Group_40,Group_68
User_2584 Surname_2584;Product;Director;Group_7,Group_20
User_2585 Surname_2585;Operations;Director;Group_28,Group_82,Group_90,Group_23,Group_52,Group_79
User_2586 Surname_2586;Legal;Intern;Group_55,Group_32,Group_1,Group_82
User_2587 Surname_2587;IT;Director;Group_82,Group_64,Group_62,Group_19,Group_49,Group_45,Group_25
User_2588 Surname_2588;Product;Director;Group_46,Group_25,Group_49
User_2589 Surname_2589;Finance;Manager;Group_65,Group_34,Group_46,Group_29,Group_2,Group_14,Group_79,Group_63,Group_52
User_2590 Surname_2590;Support;Analyst;Group_56,Group_90,Group_44,Group_78
User_2591 Surname_2591;Product;Analyst;Group_67,Group_42,Group_83,Group_89
User_2592 Surname_2592;Product;Director;Group_99,Group_42,Group_72
User_2593 Surname_2593;HR;VP;Group_1,Group_82,Group_99,Group_93,Group_49,Group_74,Group_40,Group_56,Group_32,Group_58
User_2594 Surname_2594;Legal;Director;Group_67,Group_78,Group_21
User_2595 Surname_2595;Operations;Manager;Group_1,Group_78,Group_64,Group_44,Group_87,Group_29,Group_33,Group_40,Group_63
User_2596 Surname_2596;Operations;Analyst;Group_92,Group_84,Group_1,Group_72,Group_41,Group_9
User_2597 Surname_2597;Marketing;Associate;Group_97,Group_79,Group_53,Group_92
User_2598 Surname_2598;Sales;Associate;Group_51,Group_72,Group_2,Group_24,Group_16
User_2599 Surname_2599;Support;Manager;Group_15,Group_90,Group_5
User_2600 Surname_2600;Support;Manager;Group_27,Group_38,Group_65,Group_51,Group_75,Group_69
User_2601 Surname_2601;Finance;Director;Group_86,Group_50,Group_33,Group_93,Group_97
User_2602 Surname_2602;Legal;Analyst;Group_36,Group_7,Group_15,Group_79,Group_14,Group_99,Group_56
User_2603 Surname_2603;Legal;Manager;Group_85,Group_25,Group_1,Group_98,Group_9,Group_96,Group_24
User_2604 Surname_2604;Engineering;VP;Group_28,Group_29,Group_74,Group_50,Group_79
User_2605 Surname_2605;HR;Intern;Group_49,Group_63,Group_3,Group_98,Group_14
User_2606 Surname_2606;Marketing;VP;Group_23,Group_68,Group_86,Group_28,Group_42,Group_30,Group_100,Group_21,Group_99
User_2607 Surname_2607;Product;VP;Group_82,Group_14,Group_29,Group_51
User_2608 Surname_2608;Legal;VP;Group_12,Group_100,Group_24,Group_22,Group_62,Group_99,Group_47,Group_44,Group_67
User_2609 Surname_2609;Product;Manager;Group_56,Group_22,Group_69
User_2610 Surname_2610;Engineering;Associate;Group_20,Group_3,Group_42,Group_53,Group_13,Group_32,Group_80,Group_100,Group_84,Group_68
User_2611 Surname_2611;IT;Associate;Group_14,Group_71,Group_83,Group_18,Group_91,Group_60,Group_63,Group_68
User_2612 Surname_2612;IT;Analyst;Group_62,Group_13,Group_35,Group_98,Group_9,Group_6
User_2613 Surname_2613;Sales;Analyst;Group_24,Group_72,Group_86,Group_52,Group_30,Group_94,Group_80,Group_69,Group_19
User_2614 Surname_2614;Marketing;Associate;Group_51,Group_77,Group_86,Group_5,Group_41
User_2615 Surname_2615;IT;VP;Group_77,Group_97,Group_40,Group_66
User_2616 Surname_2616;Marketing;Associate;Group_47,Group_20,Group_26,Group_70,Group_76
User_2617 Surname_2617;Support;Manager;Group_66,Group_35,Group_30,Group_41,Group_28,Group_13,Group_19,Group_57,Group_3,Group_29
User_2618 Surname_2618;Legal;VP;Group_24,Group_28,Group_22,Group_64,Group_27,Group_79,Group_98
User_2619 Surname_2619;Finance;Manager;Group_4,Group_12
User_2620 Surname_2620;Sales;Analyst;Group_45,Group_35,Group_67,Group_66,Group_54,Group_70,Group_41,Group_61,Group_79,Group_50
User_2621 Surname_2621;IT;VP;Group_33,Group_79,Group_43,Group_74
User_2622 Surname_2622;Support;Analyst;Group_71,Group_50,Group_15,Group_61,Group_40,Group_24,Group_47,Group_12,Group_26,Group_83
User_2623 Surname_2623;Product;VP;Group_28,Group_63,Group_22,Group_29
User_2624 Surname_2624;Product;Manager;Group_14,Group_99,Group_20,Group_26,Group_13,Group_6
User_2625 Surname_2625;Product;VP;Group_38,Group_64,Group_36
User_2626 Surname_2626;HR;Manager;Group_91,Group_93,Group_88,Group_30,Group_89,Group_33,Group_79,Group_67,Group_54,Group_38
User_2627 Surname_2627;HR;Analyst;Group_55,Group_67,Group_28,Group_68,Group_23,Group_52
User_2628 Surname_2628;Finance;Manager;Group_75,Group_4,Group_68,Group_51,Group_86,Group_54,Group_31,Group_88,Group_93,Group_69
User_2629 Surname_2629;Marketing;VP;Group_67,Group_71,Group_81,Group_96,Group_42,Group_19,Group_5,Group_2
User_2630 Surname_2630;Legal;Analyst;Group_16,Group_28,Group_46,Group_93,Group_12,Group_13,Group_8
User_2631 Surname_2631;Sales;Associate;Group_57,Group_67,Group_21
User_2632 Surname_2632;Engineering;Intern;Group_20,Group_31,Group_15,Group_90,Group_37
User_2633 Surname_2633;Marketing;Manager;Group_8,Group_32,Group_61,Group_95,Group_64,Group_45,Group_5,Group_14
User_2634 Surname_2634;Finance;Director;Group_100,Group_9,Group_68,Group_27,Group_88,Group_58,Group_75,Group_16,Group_78,Group_33
User_2635 Surname_2635;Engineering;Analyst;Group_11,Group_31,Group_60
User_2636 Surname_2636;HR;Analyst;Group_46,Group_70,Group_16,Group_33
User_2637 Surname_2637;IT;Manager;Group_49,Group_7,Group_19,Group_14,Group_24,Group_21,Group_30,Group_22,Group_50,Group_51
User_2638 Surname_2638;Marketing;Intern;Group_96,Group_69,Group_43
User_2639 Surname_2639;Engineering;Intern;Group_69,Group_5
User_2640 Surname_2640;HR;Intern;Group_3,Group_66,Group_60
User_2641 Surname_2641;Operations;Intern;Group_26,Group_5,Group_46,Group_64,Group_14,Group_37,Group_71,Group_20,Group_88
User_2642 Surname_2642;Sales;Manager;Group_38,Group_48,Group_44,Group_64,Group_93,Group_30,Group_78,Group_57,Group_35
User_2643 Surname_2643;Engineering;Analyst;Group_100,Group_4,Group_20,Group_48,Group_21
User_2644 Surname_2644;Engineering;Associate;Group_62,Group_8,Group_92
User_2645 Surname_2645;Marketing;Manager;Group_60,Group_39,Group_7,Group_69,Group_97,Group_75
User_2646 Surname_2646;Engineering;Director;Group_48,Group_39,Group_60
User_2647 Surname_2647;Support;Manager;Group_74,Group_61,Group_42,Group_68,Group_38
User_2648 Surname_2648;Engineering;Director;Group_95,Group_19
User_2649 Surname_2649;Finance;Intern;Group_73,Group_70,Group_26,Group_76,Group_15,Group_99
User_2650 Surname_2650;HR;Intern;Group_66,Group_84
User_2651 Surname_2651;IT;Intern;Group_78,Group_4
User_2652 Surname_2652;Sales;Analyst;Group_95,Group_58,Group_12,Group_93,Group_1,Group_52,Group_56,Group_53
User_2653 Surname_2653;IT;Intern;Group_54,Group_43,Group_25,Group_10,Group_100,Group_71,Group_95,Group_36,Group_29,Group_53
User_2654 Surname_2654;Operations;Director;Group_42,Group_89,Group_85,Group_75
User_2655 Surname_2655;Engineering;Director;Group_86,Group_7,Group_13,Group_87,Group_37
User_2656 Surname_2656;Support;VP;Group_94,Group_2,Group_34,Group_8,Group_18,Group_88,Group_24,Group_36,Group_44
User_2657 Surname_2657;Engineering;Analyst;Group_4,Group_97
User_2658 Surname_2658;Support;VP;Group_69,Group_39
User_2659 Surname_2659;Marketing;Manager;Group_34,Group_3,Group_97,Group_25,Group_55
User_2660 Surname_2660;Product;Intern;Group_41,Group_8,Group_11,Group_92,Group_24
User_2661 Surname_2661;Sales;Manager;Group_86,Group_71,Group_32,Group_84,Group_43,Group_45,Group_34,Group_54
User_2662 Surname_2662;Support;Associate;Group_33,Group_26
User_2663 Surname_2663;Marketing;Analyst;Group_75,Group_52,Group_76,Group_7,Group_90,Group_39,Group_58,Group_74
User_2664 Surname_2664;Operations;Intern;Group_87,Group_61,Group_35,Group_79,Group_13,Group_44,Group_52,Group_59,Group_96,Group_43
User_2665 Surname_2665;Legal;Director;Group_83,Group_67,Group_13
User_2666 Surname_2666;Support;Associate;Group_12,Group_85,Group_47,Group_74,Group_33,Group_57,Group_44
User_2667 Surname_2667;IT;Analyst;Group_71,Group_94
User_2668 Surname_2668;Sales;Intern;Group_27,Group_11,Group_85,Group_10,Group_97,Group_75,Group_91,Group_72,Group_94,Group_90
User_2669 Surname_2669;Finance;VP;Group_16,Group_21
User_2670 Surname_2670;HR;Analyst;Group_59,Group_98,Group_48,Group_93
User_2671 Surname_2671;Marketing;Manager;Group_85,Group_13,Group_14
User_2672 Surname_2672;Finance;Director;Group_9,Group_40,Group_49,Group_67,Group_100,Group_95
User_2673 Surname_2673;Sales;Director;Group_43,Group_81
User_2674 Surname_2674;Support;Analyst;Group_92,Group_15
User_2675 Surname_2675;Sales;Director;Group_51,Group_100,Group_8,Group_61,Group_65,Group_89,Group_48,Group_84,Group_60
User_2676 Surname_2676;Sales;Director;Group_15,Group_93,Group_64,Group_88
User_2677 Surname_2677;IT;VP;Group_69,Group_8,Group_22,Group_89,Group_51,Group_39
User_2678 Surname_2678;Marketing;Director;Group_55,Group_5,Group_85,Group_38,Group_6,Group_31,Group_47,Group_15,Group_43,Group_49
User_2679 Surname_2679;Legal;Director;Group_6,Group_1,Group_58,Group_80,Group_35
User_2680 Surname_2680;Finance;Manager;Group_7,Group_25,Group_13,Group_3,Group_42,Group_76,Group_53,Group_83,Group_38,Group_10
User_2681 Surname_2681;Operations;VP;Group_21,Group_4,Group_91,Group_50
User_2682 Surname_2682;IT;Associate;Group_82,Group_18
User_2683 Surname_2683;HR;Associate;Group_40,Group_79,Group_48,Group_50,Group_47,Group_8,Group_7,Group_16,Group_49,Group_91
User_2684 Surname_2684;Operations;Associate;Group_16,Group_5,Group_88,Group_70,Group_100,Group_95,Group_30,Group_72,Group_8
User_2685 Surname_2685;Product;Associate;Group_7,Group_19,Group_80,Group_79,Group_14,Group_46
User_2686 Surname_2686;Engineering;Analyst;Group_7,Group_39,Group_18,Group_80,Group_86,Group_68
User_2687 Surname_2687;Legal;Director;Group_84,Group_3,Group_96,Group_39,Group_50,Group_43,Group_46
User_2688 Surname_2688;Finance;Director;Group_37,Group_80,Group_16
User_2689 Surname_2689;HR;Analyst;Group_50,Group_34,Group_99,Group_78,Group_2
User_2690 Surname_2690;Legal;Analyst;Group_55,Group_89,Group_71,Group_62,Group_63,Group_24,Group_12,Group_6,Group_49,Group_25
User_2691 Surname_2691;Marketing;Director;Group_50,Group_77
User_2692 Surname_2692;Legal;Associate;Group_12,Group_47,Group_99
User_2693 Surname_2693;IT;VP;Group_46,Group_52,Group_17,Group_15,Group_40,Group_57
User_2694 Surname_2694;IT;Director;Group_83,Group_85
User_2695 Surname_2695;Support;Associate;Group_100,Group_17,Group_46,Group_64,Group_59,Group_41,Group_68,Group_22
User_2696 Surname_2696;Sales;Director;Group_11,Group_42,Group_12,Group_76,Group_100,Group_89
User_2697 Surname_2697;Marketing;Manager;Group_8,Group_58,Group_49,Group_5,Group_42,Group_99,Group_23,Group_82,Group_61,Group_83
User_2698 Surname_2698;Operations;Manager;Group_55,Group_49,Group_14
User_2699 Surname_2699;IT;Manager;Group_78,Group_32,Group_43,Group_36
User_2700 Surname_2700;Sales;VP;Group_5,Group_95,Group_64,Group_91
User_2701 Surname_2701;IT;Associate;Group_76,Group_31,Group_18,Group_11,Group_68,Group_13
User_2702 Surname_2702;Finance;Director;Group_80,Group_60
User_2703 Surname_2703;Marketing;Intern;Group_16,Group_60,Group_25,Group_92
User_2704 Surname_2704;IT;VP;Group_76,Group_25,Group_21,Group_11
User_2705 Surname_2705;Sales;Intern;Group_31,Group_33,Group_64,Group_1,Group_48,Group_77,Group_6,Group_7,Group_25,Group_99
User_2706 Surname_2706;HR;VP;Group_69,Group_12,Group_20,Group_100,Group_95,Group_24
User_2707 Surname_2707;Sales;Manager;Group_60,Group_14,Group_74,Group_23,Group_43
User_2708 Surname_2708;Engineering;VP;Group_11,Group_61,Group_8,Group_80,Group_78,Group_17,Group_84
User_2709 Surname_2709;Product;Intern;Group_41,Group_84
User_2710 Surname_2710;IT;Associate;Group_64,Group_96,Group_45
User_2711 Surname_2711;Sales;Director;Group_23,Group_68,Group_19,Group_60,Group_93,Group_34,Group_77,Group_53,Group_78,Group_92
User_2712 Surname_2712;Marketing;Manager;Group_69,Group_48,Group_33,Group_54,Group_23,Group_81
User_2713 Surname_2713;Sales;Analyst;Group_26,Group_30,Group_24,Group_4
User_2714 Surname_2714;Engineering;Associate;Group_100,Group_79,Group_11,Group_90,Group_76,Group_6,Group_80,Group_54,Group_34
User_2715 Surname_2715;Engineering;Analyst;Group_79,Group_25,Group_86,Group_36,Group_23,Group_81,Group_76
User_2716 Surname_2716;Legal;Associate;Group_3,Group_97,Group_79,Group_23,Group_40
User_2717 Surname_2717;Legal;VP;Group_32,Group_16,Group_17
User_2718 Surname_2718;Engineering;Analyst;Group_15,Group_49,Group_72,Group_87,Group_34,Group_65,Group_26,Group_71,Group_6,Group_99
User_2719 Surname_2719;Marketing;Associate;Group_40,Group_37,Group_78,Group_45,Group_97,Group_22,Group_69,Group_64,Group_46
User_2720 Surname_2720;HR;Associate;Group_24,Group_72,Group_91,Group_1
User_2721 Surname_2721;Engineering;Manager;Group_71,Group_98,Group_27
User_2722 Surname_2722;Product;Manager;Group_19,Group_96,Group_17,Group_18,Group_35
User_2723 Surname_2723;Marketing;VP;Group_11,Group_85,Group_7,Group_22,Group_100,Group_75,Group_13,Group_15,Group_79,Group_10
User_2724 Surname_2724;Product;VP;Group_25,Group_83,Group_42,Group_80,Group_72,Group_66,Group_8
User_2725 Surname_2725;HR;Manager;Group_48,Group_67,Group_20,Group_23,Group_63,Group_11,Group_8
User_2726 Surname_2726;Operations;Director;Group_53,Group_41,Group_28,Group_68,Group_100,Group_80,Group_89,Group_22
User_2727 Surname_2727;Sales;Analyst;Group_96,Group_4,Group_72,Group_69
User_2728 Surname_2728;Marketing;Associate;Group_72,Group_8,Group_70,Group_89,Group_47
User_2729 Surname_2729;Legal;Director;Group_71,Group_68,Group_11,Group_4,Group_23
User_2730 Surname_2730;Sales;Manager;Group_58,Group_23,Group_51
User_2731 Surname_2731;Support;VP;Group_72,Group_87,Group_28,Group_61
User_2732 Surname_2732;Operations;Director;Group_77,Group_69,Group_73,Group_28,Group_4,Group_90,Group_44
User_2733 Surname_2733;Operations;Intern;Group_56,Group_95,Group_65,Group_36,Group_51,Group_54,Group_16,Group_46,Group_52
User_2734 Surname_2734;HR;Manager;Group_1,Group_99,Group_98,Group_100,Group_92,Group_17,Group_34
User_2735 Surname_2735;Engineering;Manager;Group_36,Group_25,Group_73,Group_82,Group_59,Group_40,Group_77,Group_32,Group_38
User_2736 Surname_2736;Operations;VP;Group_34,Group_46,Group_3,Group_32,Group_48,Group_57,Group_97,Group_50
User_2737 Surname_2737;Sales;Associate;Group_34,Group_87,Group_3
User_2738 Surname_2738;Finance;Manager;Group_71,Group_15,Group_48,Group_37
User_2739 Surname_2739;IT;Intern;Group_96,Group_76,Group_60,Group_32,Group_34
User_2740 Surname_2740;Product;Intern;Group_81,Group_53,Group_45,Group_51
User_2741 Surname_2741;Product;Director;Group_71,Group_21,Group_92,Group_96,Group_68,Group_88,Group_49,Group_38,Group_70,Group_18
User_2742 Surname_2742;Product;Associate;Group_62,Group_50,Group_51,Group_36,Group_97,Group_87,Group_52,Group_61,Group_71
User_2743 Surname_2743;Legal;Analyst;Group_87,Group_31,Group_53,Group_66,Group_30,Group_25
User_2744 Surname_2744;Sales;VP;Group_5,Group_56,Group_61,Group_64
User_2745 Surname_2745;Legal;Manager;Group_4,Group_29,Group_39
User_2746 Surname_2746;Finance;Associate;Group_53,Group_19,Group_97,Group_81,Group_100,Group_89
User_2747 Surname_2747;Engineering;Manager;Group_6,Group_47,Group_74,Group_77,Group_65
User_2748 Surname_2748;Finance;Analyst;Group_42,Group_9,Group_50,Group_62
User_2749 Surname_2749;Product;Director;Group_15,Group_14,Group_62,Group_67,Group_20
User_2750 Surname_2750;Legal;Associate;Group_83,Group_36,Group_54,Group_49,Group_4,Group_61,Group_53,Group_74,Group_55,Group_95
User_2751 Surname_2751;Legal;Analyst;Group_2,Group_48,Group_32,Group_12,Group_25
User_2752 Surname_2752;Operations;Intern;Group_50,Group_78,Group_68
User_2753 Surname_2753;Engineering;Manager;Group_45,Group_38,Group_58,Group_62,Group_86
User_2754 Surname_2754;Support;Manager;Group_70,Group_6,Group_23
User_2755 Surname_2755;IT;Associate;Group_75,Group_69,Group_62,Group_63,Group_5
User_2756 Surname_2756;Sales;Analyst;Group_28,Group_20,Group_82,Group_79,Group_10,Group_67,Group_41,Group_3
User_2757 Surname_2757;Operations;Analyst;Group_36,Group_69,Group_79,Group_20,Group_27,Group_25,Group_84,Group_19,Group_60
User_2758 Surname_2758;Sales;Director;Group_86,Group_57,Group_17,Group_34,Group_54,Group_11,Group_83,Group_15,Group_48,Group_89
User_2759 Surname_2759;HR;Director;Group_66,Group_55,Group_21,Group_35,Group_49,Group_6,Group_54,Group_52
User_2760 Surname_2760;Product;Intern;Group_24,Group_100
User_2761 Surname_2761;Sales;Associate;Group_40,Group_36,Group_83,Group_2,Group_14,Group_88
User_2762 Surname_2762;Support;Manager;Group_73,Group_55,Group_4
User_2763 Surname_2763;Engineering;Intern;Group_42,Group_25,Group_86,Group_63
User_2764 Surname_2764;Engineering;Manager;Group_88,Group_16,Group_17,Group_37,Group_23,Group_31,Group_34
User_2765 Surname_2765;HR;Manager;Group_21,Group_15,Group_82,Group_99,Group_35,Group_63,Group_88,Group_20
User_2766 Surname_2766;Legal;Associate;Group_27,Group_44,Group_72
User_2767 Surname_2767;IT;Analyst;Group_27,Group_94,Group_91,Group_44,Group_15
User_2768 Surname_2768;Engineering;Director;Group_97,Group_94,Group_64,Group_2
User_2769 Surname_2769;Support;Director;Group_67,Group_75,Group_83,Group_42,Group_65,Group_47,Group_58,Group_97
User_2770 Surname_2770;Sales;VP;Group_3,Group_70,Group_83,Group_25,Group_6
User_2771 Surname_2771;HR;VP;Group_36,Group_91,Group_56,Group_89,Group_86,Group_44,Group_10,Group_42,Group_19
User_2772 Surname_2772;Engineering;VP;Group_74,Group_18,Group_46,Group_47,Group_40,Group_19,Group_80,Group_45,Group_58,Group_77
User_2773 Surname_2773;Marketing;VP;Group_97,Group_69,Group_56,Group_40
User_2774 Surname_2774;Product;Manager;Group_29,Group_70,Group_7,Group_84,Group_42,Group_86
User_2775 Surname_2775;Finance;Manager;Group_23,Group_39,Group_12,Group_92,Group_83,Group_16,Group_53,Group_64,Group_50
User_2776 Surname_2776;Legal;Manager;Group_60,Group_78,Group_56,Group_90,Group_74,Group_40,Group_1,Group_11
User_2777 Surname_2777;Marketing;Director;Group_40,Group_64,Group_8,Group_42,Group_20,Group_29,Group_97,Group_14,Group_44
User_2778 Surname_2778;Support;Associate;Group_71,Group_67,Group_25,Group_70,Group_15,Group_17,Group_46,Group_16
User_2779 Surname_2779;Support;Intern;Group_8,Group_47,Group_28,Group_94,Group_24,Group_10,Group_38,Group_48,Group_2
User_2780 Surname_2780;Engineering;Analyst;Group_5,Group_70,Group_61,Group_80,Group_66,Group_53,Group_42,Group_6
User_2781 Surname_2781;Product;Intern;Group_25,Group_91,Group_11,Group_28,Group_88,Group_10,Group_52
User_2782 Surname_2782;Operations;Associate;Group_84,Group_12,Group_81
User_2783 Surname_2783;HR;Director;Group_88,Group_78
User_2784 Surname_2784;Operations;Intern;Group_39,Group_64,Group_96
User_2785 Surname_2785;Engineering;Associate;Group_4,Group_68,Group_37,Group_62,Group_31,Group_46,Group_91,Group_94,Group_56,Group_12
User_2786 Surname_2786;Sales;Manager;Group_11,Group_24,Group_56,Group_45,Group_70,Group_51,Group_54
User_2787 Surname_2787;Sales;VP;Group_59,Group_72,Group_82,Group_41,Group_37,Group_92,Group_79,Group_88,Group_47,Group_58
User_2788 Surname_2788;Finance;Analyst;Group_2,Group_80,Group_100,Group_8,Group_88,Group_68,Group_30
User_2789 Surname_2789;IT;VP;Group_9,Group_29,Group_18,Group_16,Group_11
User_2790 Surname_2790;Operations;Intern;Group_62,Group_47,Group_99
User_2791 Surname_2791;IT;VP;Group_47,Group_88,Group_66,Group_60,Group_48,Group_77,Group_80,Group_36,Group_35
User_2792 Surname_2792;Engineering;Director;Group_5,Group_54,Group_8,Group_88,Group_63
User_2793 Surname_2793;Legal;Associate;Group_52,Group_73,Group_49,Group_92,Group_78,Group_29,Group_1,Group_68
User_2794 Surname_2794;Support;Manager;Group_43,Group_79,Group_3,Group_45,Group_9,Group_58
User_2795 Surname_2795;Support;Intern;Group_85,Group_68,Group_60,Group_95,Group_27,Group_96,Group_63
User_2796 Surname_2796;Operations;Director;Group_18,Group_35,Group_24
User_2797 Surname_2797;Finance;Intern;Group_16,Group_85,Group_18,Group_38,Group_27,Group_98,Group_13,Group_90
User_2798 Surname_2798;Sales;Director;Group_41,Group_23,Group_60,Group_48,Group_31,Group_82,Group_13,Group_45,Group_28,Group_89
User_2799 Surname_2799;Product;Manager;Group_81,Group_4,Group_78,Group_65,Group_44,Group_93,Group_54,Group_7
User_2800 Surname_2800;IT;Manager;Group_44,Group_30
User_2801 Surname_2801;Product;Intern;Group_86,Group_37,Group_34,Group_65,Group_84,Group_55,Group_43,Group_46
User_2802 Surname_2802;Product;Intern;Group_64,Group_4,Group_70
User_2803 Surname_2803;HR;Intern;Group_90,Group_7,Group_53
User_2804 Surname_2804;Legal;Director;Group_4,Group_48,Group_52,Group_9,Group_42,Group_72
User_2805 Surname_2805;HR;Associate;Group_19,Group_73,Group_18,Group_5,Group_60,Group_15,Group_14,Group_44,Group_72,Group_33
User_2806 Surname_2806;Product;Director;Group_12,Group_20,Group_39,Group_31
User_2807 Surname_2807;Sales;Analyst;Group_3,Group_63,Group_14,Group_6,Group_24,Group_43,Group_42
User_2808 Surname_2808;HR;Intern;Group_28,Group_4,Group_94,Group_51,Group_39,Group_96,Group_67,Group_49,Group_66
User_2809 Surname_2809;HR;Manager;Group_95,Group_29,Group_34,Group_93
User_2810 Surname_2810;Operations;Analyst;Group_59,Group_68,Group_33,Group_94
User_2811 Surname_2811;Engineering;Manager;Group_55,Group_13,Group_33,Group_41,Group_94,Group_35,Group_80,Group_82
User_2812 Surname_2812;Engineering;Associate;Group_93,Group_50,Group_87,Group_100
User_2813 Surname_2813;Sales;Intern;Group_57,Group_72,Group_47,Group_37,Group_24,Group_29,Group_86,Group_26,Group_11,Group_93
User_2814 Surname_2814;Finance;Analyst;Group_87,Group_98,Group_69,Group_36,Group_53,Group_67,Group_22,Group_15,Group_32,Group_49
User_2815 Surname_2815;Support;Intern;Group_41,Group_39,Group_68,Group_87,Group_69,Group_74,Group_53,Group_9,Group_48,Group_44
User_2816 Surname_2816;Engineering;Director;Group_98,Group_26,Group_93,Group_3
User_2817 Surname_2817;Legal;Intern;Group_4,Group_33,Group_79,Group_38,Group_64,Group_84,Group_18,Group_81,Group_96
User_2818 Surname_2818;Operations;Director;Group_48,Group_52,Group_2,Group_14,Group_12,Group_51,Group_95,Group_8
User_2819 Surname_2819;Legal;Intern;Group_68,Group_13,Group_92,Group_12
User_2820 Surname_2820;Product;Manager;Group_14,Group_70,Group_93,Group_88
User_2821 Surname_2821;Engineering;VP;Group_47,Group_96,Group_60,Group_9,Group_1,Group_34,Group_38,Group_32
User_2822 Surname_2822;Finance;Associate;Group_35,Group_73
User_2823 Surname_2823;Sales;Director;Group_87,Group_59,Group_86,Group_26,Group_64,Group_89,Group_50,Group_74,Group_70,Group_77
User_2824 Surname_2824;Legal;VP;Group_29,Group_80,Group_60,Group_89,Group_40,Group_6,Group_88,Group_34
User_2825 Surname_2825;Support;Director;Group_37,Group_2,Group_13
User_2826 Surname_2826;Operations;VP;Group_37,Group_94,Group_71
User_2827 Surname_2827;Engineering;Manager;Group_39,Group_20,Group_38,Group_72,Group_91,Group_13,Group_40,Group_16,Group_100
User_2828 Surname_2828;Support;Intern;Group_36,Group_89,Group_31,Group_53,Group_77,Group_58,Group_30,Group_78,Group_56
User_2829 Surname_2829;Finance;Associate;Group_20,Group_33
User_2830 Surname_2830;Sales;Intern;Group_66,Group_78,Group_46,Group_14,Group_18,Group_96
User_2831 Surname_2831;Finance;Intern;Group_8,Group_62,Group_87,Group_68
User_2832 Surname_2832;Support;Analyst;Group_49,Group_69,Group_63,Group_47,Group_36,Group_90,Group_13,Group_30,Group_51
User_2833 Surname_2833;Engineering;VP;Group_11,Group_71,Group_39,Group_68,Group_55,Group_89,Group_88
User_2834 Surname_2834;HR;Director;Group_88,Group_47,Group_81,Group_20,Group_13,Group_72,Group_79,Group_40,Group_98
User_2835 Surname_2835;Marketing;Manager;Group_70,Group_24,Group_14,Group_58,Group_57,Group_50
User_2836 Surname_2836;Finance;Associate;Group_32,Group_18,Group_78
User_2837 Surname_2837;Marketing;Director;Group_65,Group_57
User_2838 Surname_2838;Marketing;Director;Group_93,Group_17,Group_24,Group_26
User_2839 Surname_2839;Finance;Intern;Group_37,Group_8,Group_24
User_2840 Surname_2840;Operations;Associate;Group_62,Group_48,Group_66,Group_33,Group_16,Group_75
User_2841 Surname_2841;Marketing;Associate;Group_97,Group_57,Group_88,Group_68,Group_32,Group_73,Group_85
User_2842 Surname_2842;Product;Director;Group_69,Group_30,Group_27,Group_49,Group_86,Group_64,Group_65,Group_79
User_2843 Surname_2843;Engineering;Manager;Group_51,Group_57,Group_82,Group_12,Group_44,Group_60,Group_1
User_2844 Surname_2844;Marketing;Associate;Group_80,Group_75,Group_1,Group_62,Group_58,Group_43,Group_66,Group_69,Group_19,Group_96
User_2845 Surname_2845;Sales;Associate;Group_9,Group_87
User_2846 Surname_2846;Legal;Director;Group_56,Group_86,Group_98,Group_6,Group_12,Group_13
User_2847 Surname_2847;Marketing;Director;Group_93,Group_58,Group_56,Group_78,Group_3,Group_28,Group_100,Group_59
User_2848 Surname_2848;Engineering;Intern;Group_25,Group_32,Group_63,Group_81
User_2849 Surname_2849;Finance;Analyst;Group_8,Group_72,Group_42,Group_68,Group_78,Group_82,Group_3
User_2850 Surname_2850;HR;Director;Group_98,Group_53,Group_36,Group_11,Group_50,Group_30
User_2851 Surname_2851;Marketing;Analyst;Group_36,Group_26,Group_32,Group_22,Group_86,Group_96,Group_30,Group_64,Group_82
User_2852 Surname_2852;Marketing;Manager;Group_95,Group_86,Group_33,Group_79,Group_68,Group_88,Group_94,Group_58,Group_91,Group_96
User_2853 Surname_2853;HR;Director;Group_14,Group_85,Group_24,Group_87,Group_92,Group_35,Group_70,Group_74,Group_37,Group_27
User_2854 Surname_2854;Engineering;Manager;Group_83,Group_20,Group_55,Group_4,Group_30,Group_9
User_2855 Surname_2855;Legal;Director;Group_40,Group_62,Group_12,Group_7,Group_52,Group_69
User_2856 Surname_2856;Sales;Analyst;Group_28,Group_41
User_2857 Surname_2857;HR;Director;Group_91,Group_95,Group_32
User_2858 Surname_2858;Operations;Manager;Group_5,Group_85,Group_19,Group_96,Group_38,Group_9,Group_83
User_2859 Surname_2859;Product;Intern;Group_44,Group_13,Group_29,Group_18,Group_38,Group_78,Group_15
User_2860 Surname_2860;IT;VP;Group_62,Group_1,Group_74,Group_41,Group_80
User_2861 Surname_2861;HR;Intern;Group_98,Group_94,Group_10,Group_30,Group_17
User_2862 Surname_2862;Operations;Director;Group_54,Group_19,Group_36,Group_55,Group_11,Group_32,Group_71,Group_79,Group_37
User_2863 Surname_2863;Marketing;Manager;Group_75,Group_48,Group_94
User_2864 Surname_2864;Legal;Associate;Group_15,Group_16,Group_31,Group_51,Group_34,Group_33
User_2865 Surname_2865;Legal;Analyst;Group_3,Group_98,Group_60,Group_26,Group_58,Group_63,Group_53,Group_22,Group_87
User_2866 Surname_2866;Marketing;Associate;Group_45,Group_81
User_2867 Surname_2867;HR;VP;Group_74,Group_81,Group_57
User_2868 Surname_2868;Engineering;VP;Group_25,Group_87,Group_37,Group_99,Group_97,Group_36,Group_23,Group_1,Group_34,Group_92
User_2869 Surname_2869;Finance;Associate;Group_73,Group_81,Group_9,Group_79,Group_27,Group_82,Group_13,Group_39,Group_4,Group_14
User_2870 Surname_2870;IT;Manager;Group_69,Group_72,Group_85,Group_26,Group_57,Group_7,Group_66,Group_23
User_2871 Surname_2871;Operations;Director;Group_2,Group_26
User_2872 Surname_2872;Marketing;Associate;Group_4,Group_60,Group_77,Group_89,Group_13,Group_23,Group_63,Group_65
User_2873 Surname_2873;Legal;Manager;Group_71,Group_54,Group_36,Group_97,Group_62,Group_41,Group_16,Group_7,Group_9
User_2874 Surname_2874;Finance;Director;Group_49,Group_55,Group_15,Group_19,Group_35,Group_64,Group_2,Group_45,Group_34
User_2875 Surname_2875;Sales;Director;Group_39,Group_65,Group_36
User_2876 Surname_2876;Support;Associate;Group_94,Group_55
User_2877 Surname_2877;IT;Analyst;Group_13,Group_35,Group_53,Group_46,Group_26,Group_89,Group_97,Group_88,Group_8,Group_31
User_2878 Surname_2878;HR;Associate;Group_10,Group_78,Group_25
User_2879 Surname_2879;HR;Associate;Group_67,Group_89,Group_18,Group_99,Group_42
User_2880 Surname_2880;Operations;Manager;Group_74,Group_75,Group_7,Group_46,Group_50
User_2881 Surname_2881;Operations;Manager;Group_49,Group_78,Group_24,Group_3,Group_50,Group_2,Group_60
User_2882 Surname_2882;Engineering;Analyst;Group_15,Group_1,Group_99,Group_23,Group_46,Group_5,Group_25,Group_98
User_2883 Surname_2883;Marketing;Intern;Group_57,Group_31,Group_93
User_2884 Surname_2884;Operations;Director;Group_70,Group_63,Group_13
User_2885 Surname_2885;Legal;Intern;Group_96,Group_53,Group_65,Group_58,Group_14,Group_10,Group_75,Group_26,Group_59
User_2886 Surname_2886;Support;Intern;Group_60,Group_95,Group_21,Group_78,Group_49,Group_19,Group_68,Group_65,Group_9,Group_50
User_2887 Surname_2887;Legal;Director;Group_54,Group_45,Group_96,Group_74,Group_94
User_2888 Surname_2888;Legal;Intern;Group_74,Group_17,Group_82
User_2889 Surname_2889;Sales;Intern;Group_40,Group_35,Group_64,Group_39,Group_19,Group_29,Group_57,Group_5,Group_80,Group_37
User_2890 Surname_2890;IT;Analyst;Group_9,Group_63,Group_54,Group_58
User_2891 Surname_2891;Sales;VP;Group_3,Group_99,Group_21,Group_1,Group_36,Group_8,Group_51
User_2892 Surname_2892;Finance;Associate;Group_23,Group_36,Group_56,Group_11,Group_39,Group_89
User_2893 Surname_2893;Operations;Associate;Group_73,Group_48,Group_46,Group_16,Group_71,Group_81
User_2894 Surname_2894;Legal;Associate;Group_72,Group_11,Group_33,Group_39,Group_53,Group_83,Group_31
User_2895 Surname_2895;Support;Intern;Group_89,Group_23
User_2896 Surname_2896;IT;Analyst;Group_73,Group_2,Group_33,Group_43,Group_48,Group_11,Group_94,Group_85,Group_32,Group_35
User_2897 Surname_2897;Sales;Analyst;Group_47,Group_32,Group_59,Group_81,Group_13,Group_15,Group_80,Group_87,Group_56
User_2898 Surname_2898;Operations;Manager;Group_24,Group_64,Group_4,Group_100,Group_86,Group_60
User_2899 Surname_2899;Product;Manager;Group_96,Group_44,Group_98,Group_56
User_2900 Surname_2900;HR;Associate;Group_85,Group_81,Group_100,Group_72,Group_86,Group_45,Group_16,Group_35,Group_27
User_2901 Surname_2901;Sales;Intern;Group_63,Group_100,Group_10,Group_6
User_2902 Surname_2902;Finance;VP;Group_39,Group_53,Group_7,Group_11
User_2903 Surname_2903;Operations;Intern;Group_95,Group_22,Group_41,Group_87,Group_42,Group_90
User_2904 Surname_2904;IT;Director;Group_54,Group_20,Group_76,Group_74,Group_58
User_2905 Surname_2905;Engineering;Associate;Group_32,Group_88,Group_23,Group_18,Group_92,Group_87,Group_45
User_2906 Surname_2906;Support;Manager;Group_99,Group_89,Group_33,Group_10,Group_32,Group_79
User_2907 Surname_2907;Operations;Associate;Group_58,Group_96,Group_92,Group_85,Group_29,Group_73,Group_28,Group_3,Group_50
User_2908 Surname_2908;IT;Manager;Group_46,Group_13,Group_35,Group_76,Group_44,Group_14,Group_89
User_2909 Surname_2909;Product;VP;Group_94,Group_38,Group_75
User_2910 Surname_2910;HR;Director;Group_46,Group_24,Group_2,Group_76,Group_56,Group_68,Group_12,Group_51
User_2911 Surname_2911;Marketing;VP;Group_93,Group_76,Group_92,Group_70,Group_29,Group_82,Group_55,Group_31,Group_77
User_2912 Surname_2912;Marketing;Director;Group_56,Group_99,Group_38,Group_70
User_2913 Surname_2913;Finance;Intern;Group_59,Group_54,Group_5,Group_6,Group_50
User_2914 Surname_2914;Engineering;Director;Group_77,Group_63,Group_68,Group_54,Group_40,Group_71,Group_91,Group_16,Group_69,Group_39
User_2915 Surname_2915;Support;Associate;Group_74,Group_27,Group_76,Group_39,Group_13,Group_18
User_2916 Surname_2916;Operations;Analyst;Group_30,Group_29,Group_83,Group_22,Group_24
User_2917 Surname_2917;Finance;Director;Group_38,Group_90,Group_18,Group_37
User_2918 Surname_2918;Finance;Associate;Group_31,Group_60
User_2919 Surname_2919;Engineering;VP;Group_69,Group_74,Group_63,Group_70,Group_16,Group_52
User_2920 Surname_2920;Legal;Director;Group_36,Group_92,Group_93,Group_73,Group_79,Group_4
User_2921 Surname_2921;HR;VP;Group_25,Group_79,Group_49,Group_57,Group_44,Group_26
User_2922 Surname_2922;HR;Manager;Group_69,Group_58,Group_73,Group_51,Group_93
User_2923 Surname_2923;Engineering;Associate;Group_34,Group_43,Group_17,Group_97,Group_72,Group_51,Group_21,Group_96,Group_16
User_2924 Surname_2924;Marketing;Associate;Group_74,Group_5,Group_76,Group_22,Group_17,Group_1,Group_95,Group_27,Group_62,Group_3
User_2925 Surname_2925;Finance;Intern;Group_49,Group_36,Group_89,Group_6,Group_24,Group_28
User_2926 Surname_2926;Finance;Director;Group_85,Group_64,Group_68,Group_91,Group_51,Group_55
User_2927 Surname_2927;Operations;Intern;Group_44,Group_27,Group_73,Group_7,Group_89
User_2928 Surname_2928;Marketing;Manager;Group_38,Group_31,Group_5,Group_42
User_2929 Surname_2929;IT;Associate;Group_73,Group_28,Group_8,Group_42
User_2930 Surname_2930;Product;Director;Group_22,Group_77,Group_68,Group_58,Group_30,Group_74,Group_29,Group_32,Group_59
User_2931 Surname_2931;Legal;Intern;Group_24,Group_80,Group_74,Group_56
User_2932 Surname_2932;Legal;Manager;Group_32,Group_39,Group_53,Group_98
User_2933 Surname_2933;IT;Intern;Group_33,Group_98,Group_92,Group_35
User_2934 Surname_2934;HR;Associate;Group_79,Group_46,Group_37,Group_19,Group_66,Group_55,Group_4,Group_78,Group_30,Group_35
User_2935 Surname_2935;HR;VP;Group_61,Group_78,Group_75,Group_56,Group_79,Group_60,Group_12
User_2936 Surname_2936;Finance;VP;Group_43,Group_14,Group_82,Group_53,Group_15,Group_34,Group_9
User_2937 Surname_2937;Legal;Manager;Group_65,Group_10,Group_77,Group_54,Group_80,Group_92
User_2938 Surname_2938;Support;Associate;Group_71,Group_34,Group_31,Group_10,Group_5,Group_85,Group_90,Group_7,Group_60,Group_14
User_2939 Surname_2939;Legal;Intern;Group_48,Group_52,Group_41,Group_6,Group_44,Group_31,Group_12,Group_75,Group_100,Group_83
User_2940 Surname_2940;Marketing;Associate;Group_93,Group_54,Group_56
User_2941 Surname_2941;Marketing;VP;Group_21,Group_84
User_2942 Surname_2942;Sales;Manager;Group_12,Group_86,Group_74,Group_50,Group_24,Group_89,Group_81
User_2943 Surname_2943;Engineering;Analyst;Group_26,Group_94,Group_8,Group_72,Group_21
User_2944 Surname_2944;Sales;Director;Group_7,Group_36,Group_14
User_2945 Surname_2945;Sales;Director;Group_50,Group_84,Group_81
User_2946 Surname_2946;Sales;Associate;Group_17,Group_67,Group_58,Group_44,Group_10,Group_81,Group_71
User_2947 Surname_2947;Product;Manager;Group_52,Group_67,Group_86,Group_63,Group_97,Group_26,Group_1,Group_40,Group_44
User_2948 Surname_2948;Support;Associate;Group_91,Group_59,Group_2,Group_15,Group_68,Group_62,Group_49,Group_28,Group_50
User_2949 Surname_2949;Support;Manager;Group_92,Group_100,Group_99,Group_48,Group_29,Group_83,Group_82
User_2950 Surname_2950;Engineering;Associate;Group_80,Group_96,Group_16,Group_64,Group_35,Group_63,Group_1,Group_47
User_2951 Surname_2951;Finance;Manager;Group_69,Group_63,Group_52,Group_29,Group_72,Group_91
User_2952 Surname_2952;HR;Analyst;Group_37,Group_16,Group_78,Group_17,Group_94,Group_36,Group_6,Group_29,Group_44
User_2953 Surname_2953;Sales;Intern;Group_37,Group_19,Group_97
User_2954 Surname_2954;Support;Intern;Group_20,Group_58,Group_13,Group_8
User_2955 Surname_2955;Finance;Director;Group_14,Group_33,Group_27,Group_15,Group_23,Group_94
User_2956 Surname_2956;Support;VP;Group_2,Group_56,Group_61,Group_77,Group_68,Group_4
User_2957 Surname_2957;Sales;Associate;Group_34,Group_75,Group_15,Group_66,Group_28,Group_73
User_2958 Surname_2958;Marketing;Analyst;Group_72,Group_33,Group_40,Group_12,Group_7
User_2959 Surname_2959;Sales;Manager;Group_13,Group_3,Group_81,Group_24,Group_51,Group_10,Group_6,Group_41
User_2960 Surname_2960;Engineering;Intern;Group_28,Group_6
User_2961 Surname_2961;Support;Associate;Group_1,Group_22,Group_39,Group_88,Group_54,Group_7,Group_65,Group_6
User_2962 Surname_2962;Legal;VP;Group_84,Group_88,Group_53,Group_94
User_2963 Surname_2963;Finance;Analyst;Group_69,Group_97,Group_52,Group_83,Group_39,Group_48,Group_46
User_2964 Surname_2964;Support;Analyst;Group_9,Group_89,Group_36,Group_79,Group_47,Group_77,Group_91,Group_10
User_2965 Surname_2965;Finance;Associate;Group_47,Group_26,Group_4,Group_70,Group_68,Group_85
User_2966 Surname_2966;Product;VP;Group_15,Group_88,Group_20,Group_37,Group_16
User_2967 Surname_2967;IT;VP;Group_35,Group_76,Group_80,Group_50,Group_32,Group_47,Group_84,Group_79,Group_36
User_2968 Surname_2968;Engineering;VP;Group_97,Group_5,Group_66,Group_61
User_2969 Surname_2969;HR;VP;Group_22,Group_51,Group_66,Group_85,Group_77,Group_78,Group_53
User_2970 Surname_2970;Finance;Associate;Group_87,Group_64,Group_33,Group_44
User_2971 Surname_2971;IT;Director;Group_13,Group_79,Group_5,Group_19,Group_1,Group_16,Group_44,Group_78,Group_27,Group_92
User_2972 Surname_2972;Sales;VP;Group_23,Group_45,Group_52,Group_61,Group_83,Group_57,Group_50,Group_66,Group_65,Group_81
User_2973 Surname_2973;Engineering;Intern;Group_16,Group_50
User_2974 Surname_2974;Operations;Associate;Group_88,Group_40
User_2975 Surname_2975;Finance;Manager;Group_57,Group_93,Group_4,Group_85,Group_25,Group_40
User_2976 Surname_2976;Marketing;Analyst;Group_31,Group_52,Group_7,Group_1,Group_50,Group_45
User_2977 Surname_2977;Marketing;Analyst;Group_25,Group_39,Group_60,Group_98,Group_74,Group_82,Group_47
User_2978 Surname_2978;IT;Associate;Group_78,Group_98,Group_76,Group_61
User_2979 Surname_2979;Marketing;Associate;Group_56,Group_87,Group_19,Group_38,Group_69,Group_40,Group_41,Group_100
User_2980 Surname_2980;Marketing;Manager;Group_88,Group_1,Group_3,Group_25,Group_94,Group_35,Group_37,Group_10,Group_24,Group_54
User_2981 Surname_2981;Product;Intern;Group_32,Group_47,Group_62,Group_78,Group_61,Group_48
User_2982 Surname_2982;IT;Director;Group_2,Group_15,Group_94
User_2983 Surname_2983;Engineering;Director;Group_85,Group_50,Group_36
User_2984 Surname_2984;Engineering;Manager;Group_92,Group_70,Group_6
User_2985 Surname_2985;Sales;Analyst;Group_14,Group_59,Group_9,Group_6
User_2986 Surname_2986;Finance;Director;Group_87,Group_96,Group_22,Group_52,Group_95,Group_88,Group_12,Group_100
User_2987 Surname_2987;HR;Manager;Group_44,Group_22,Group_40,Group_83
User_2988 Surname_2988;Operations;Manager;Group_54,Group_94
User_2989 Surname_2989;Engineering;Director;Group_18,Group_45,Group_94
User_2990 Surname_2990;Operations;Director;Group_69,Group_99,Group_46
User_2991 Surname_2991;Operations;Manager;Group_87,Group_72,Group_100,Group_67
User_2992 Surname_2992;Support;Director;Group_99,Group_44,Group_88,Group_59,Group_27
User_2993 Surname_2993;Legal;VP;Group_57,Group_37
User_2994 Surname_2994;Engineering;Intern;Group_92,Group_53,Group_17,Group_37,Group_2,Group_69
User_2995 Surname_2995;Product;Director;Group_7,Group_19,Group_14,Group_10,Group_32,Group_64,Group_4
User_2996 Surname_2996;Support;Manager;Group_9,Group_95,Group_14,Group_73,Group_56,Group_39,Group_12,Group_85,Group_80
User_2997 Surname_2997;Engineering;Analyst;Group_52,Group_43,Group_81,Group_37,Group_2,Group_100,Group_6,Group_23
User_2998 Surname_2998;Legal;VP;Group_85,Group_54,Group_84,Group_59,Group_35,Group_48,Group_3,Group_81,Group_40,Group_8
User_2999 Surname_2999;Product;Director;Group_58,Group_77,Group_70,Group_66
User_3000 Surname_3000;Support;VP;Group_42,Group_69,Group_86,Group_22,Group_81,Group_94,Group_3
User_3001 Surname_3001;Marketing;Intern;Group_91,Group_99,Group_67,Group_2,Group_28,Group_7,Group_82,Group_84,Group_26
User_3002 Surname_3002;Support;VP;Group_68,Group_93,Group_14,Group_99,Group_24,Group_6,Group_43
User_3003 Surname_3003;HR;Analyst;Group_91,Group_50,Group_85,Group_95,Group_8
User_3004 Surname_3004;Legal;Analyst;Group_56,Group_31,Group_73,Group_33,Group_15,Group_29,Group_53,Group_99
User_3005 Surname_3005;Operations;Associate;Group_41,Group_43,Group_2,Group_62,Group_60,Group_70,Group_87,Group_65
User_3006 Surname_3006;Operations;Director;Group_68,Group_91,Group_62,Group_60
User_3007 Surname_3007;Support;Analyst;Group_35,Group_81,Group_28,Group_79,Group_16
User_3008 Surname_3008;Finance;Manager;Group_66,Group_47,Group_85,Group_5,Group_11,Group_70,Group_73,Group_48,Group_4,Group_9
User_3009 Surname_3009;Finance;VP;Group_57,Group_48,Group_64,Group_70,Group_49,Group_45,Group_92
User_3010 Surname_3010;Operations;Manager;Group_70,Group_49,Group_44,Group_6,Group_9,Group_15,Group_71,Group_22
User_3011 Surname_3011;HR;Manager;Group_7,Group_36,Group_34,Group_3,Group_42,Group_76,Group_98,Group_86,Group_85,Group_45
User_3012 Surname_3012;Product;Analyst;Group_27,Group_38,Group_68,Group_33,Group_22,Group_65,Group_63
User_3013 Surname_3013;HR;VP;Group_26,Group_87,Group_11,Group_40,Group_95,Group_64,Group_92,Group_53,Group_59
User_3014 Surname_3014;HR;Manager;Group_88,Group_67,Group_69,Group_89,Group_29,Group_1,Group_98,Group_87,Group_97
User_3015 Surname_3015;Sales;Director;Group_66,Group_54,Group_73,Group_56,Group_92,Group_8,Group_74
User_3016 Surname_3016;IT;Analyst;Group_79,Group_2
User_3017 Surname_3017;Operations;Director;Group_67,Group_57,Group_76,Group_90
User_3018 Surname_3018;Product;VP;Group_90,Group_23,Group_98,Group_34
User_3019 Surname_3019;Support;Director;Group_68,Group_30,Group_41,Group_96,Group_70,Group_75,Group_94,Group_88
User_3020 Surname_3020;Marketing;Analyst;Group_76,Group_27,Group_44,Group_93,Group_99,Group_81
User_3021 Surname_3021;Operations;Director;Group_22,Group_28,Group_48,Group_21,Group_73,Group_65,Group_93,Group_30
User_3022 Surname_3022;Legal;VP;Group_30,Group_57
User_3023 Surname_3023;IT;Director;Group_90,Group_9
User_3024 Surname_3024;Operations;VP;Group_75,Group_3
User_3025 Surname_3025;Legal;Associate;Group_58,Group_1
User_3026 Surname_3026;Operations;Intern;Group_41,Group_14,Group_80,Group_99,Group_51,Group_3
User_3027 Surname_3027;Finance;Associate;Group_27,Group_3,Group_19,Group_21,Group_46
User_3028 Surname_3028;Engineering;Analyst;Group_16,Group_99,Group_66,Group_38,Group_33,Group_85,Group_63,Group_37,Group_71,Group_57
User_3029 Surname_3029;Product;VP;Group_99,Group_84,Group_54,Group_31,Group_3,Group_89,Group_95,Group_45,Group_87
User_3030 Surname_3030;Product;VP;Group_77,Group_43,Group_26,Group_56,Group_51,Group_21
User_3031 Surname_3031;Engineering;Intern;Group_3,Group_4,Group_50,Group_28,Group_2,Group_76,Group_97
User_3032 Surname_3032;Legal;Analyst;Group_49,Group_96
User_3033 Surname_3033;IT;Manager;Group_47,Group_97,Group_14,Group_36,Group_81,Group_84,Group_56,Group_62,Group_53,Group_4
User_3034 Surname_3034;Operations;Associate;Group_2,Group_17,Group_89,Group_46
User_3035 Surname_3035;Product;VP;Group_86,Group_80,Group_64
User_3036 Surname_3036;Product;Intern;Group_31,Group_44,Group_2,Group_88,Group_1,Group_66,Group_40
User_3037 Surname_3037;Product;Manager;Group_97,Group_51,Group_20
User_3038 Surname_3038;Finance;VP;Group_69,Group_83,Group_11,Group_4,Group_31,Group_47
User_3039 Surname_3039;Support;Analyst;Group_33,Group_14,Group_80,Group_86,Group_38
User_3040 Surname_3040;HR;Associate;Group_73,Group_51,Group_45,Group_56,Group_12,Group_28,Group_100,Group_38,Group_14
User_3041 Surname_3041;Engineering;Director;Group_67,Group_71,Group_17,Group_11,Group_25,Group_60,Group_28
User_3042 Surname_3042;HR;Intern;Group_82,Group_64,Group_41
User_3043 Surname_3043;Operations;Director;Group_77,Group_15,Group_32,Group_70,Group_74
User_3044 Surname_3044;Legal;Intern;Group_80,Group_18,Group_55,Group_89,Group_29,Group_12
User_3045 Surname_3045;Engineering;Analyst;Group_98,Group_65
User_3046 Surname_3046;Sales;Associate;Group_23,Group_85,Group_1,Group_57,Group_56
User_3047 Surname_3047;Legal;Associate;Group_79,Group_46,Group_17,Group_50,Group_14,Group_93
User_3048 Surname_3048;Finance;VP;Group_56,Group_97,Group_87,Group_16,Group_62,Group_85,Group_100,Group_49
User_3049 Surname_3049;HR;Analyst;Group_99,Group_68,Group_93,Group_88,Group_39,Group_30,Group_69
User_3050 Surname_3050;HR;VP;Group_21,Group_12,Group_63,Group_32,Group_76,Group_86,Group_62
User_3051 Surname_3051;Finance;Associate;Group_17,Group_20,Group_29,Group_41,Group_70,Group_69
User_3052 Surname_3052;Engineering;Director;Group_70,Group_65,Group_92,Group_43,Group_59,Group_12,Group_41,Group_27,Group_32
User_3053 Surname_3053;Marketing;Intern;Group_26,Group_48,Group_76,Group_18,Group_100,Group_2,Group_44
User_3054 Surname_3054;Sales;Analyst;Group_1,Group_75,Group_13,Group_84,Group_87
User_3055 Surname_3055;Engineering;Manager;Group_26,Group_36,Group_34,Group_28,Group_75,Group_8,Group_20,Group_33,Group_24,Group_31
User_3056 Surname_3056;HR;Manager;Group_60,Group_50,Group_53,Group_54,Group_25,Group_11,Group_1
User_3057 Surname_3057;Product;Intern;Group_99,Group_72,Group_89,Group_24,Group_98,Group_85,Group_26,Group_20,Group_40,Group_54
User_3058 Surname_3058;Legal;VP;Group_37,Group_68
User_3059 Surname_3059;Legal;Associate;Group_77,Group_49,Group_14,Group_9,Group_40
User_3060 Surname_3060;HR;Intern;Group_52,Group_99,Group_58,Group_53,Group_97
User_3061 Surname_3061;Operations;Analyst;Group_94,Group_15,Group_83,Group_12,Group_39,Group_67,Group_46,Group_6,Group_27
User_3062 Surname_3062;Sales;VP;Group_45,Group_96,Group_67,Group_44
User_3063 Surname_3063;Legal;Analyst;Group_100,Group_65,Group_83,Group_50
User_3064 Surname_3064;Product;Manager;Group_43,Group_68,Group_64,Group_25,Group_67,Group_84
User_3065 Surname_3065;Sales;Analyst;Group_45,Group_94
User_3066 Surname_3066;Marketing;Associate;Group_31,Group_11,Group_16,Group_59,Group_19,Group_36
User_3067 Surname_3067;Legal;VP;Group_81,Group_28,Group_12,Group_86,Group_79,Group_52
User_3068 Surname_3068;Operations;VP;Group_63,Group_86
User_3069 Surname_3069;Sales;VP;Group_85,Group_44,Group_49,Group_48,Group_70,Group_84
User_3070 Surname_3070;Operations;Director;Group_93,Group_44,Group_68,Group_18,Group_75,Group_82,Group_45,Group_47
User_3071 Surname_3071;Engineering;Director;Group_24,Group_33,Group_42,Group_51,Group_8,Group_69,Group_56,Group_7
User_3072 Surname_3072;Legal;VP;Group_68,Group_50,Group_10,Group_36,Group_89,Group_24,Group_33,Group_5
User_3073 Surname_3073;Finance;Intern;Group_74,Group_90,Group_99
User_3074 Surname_3074;IT;VP;Group_75,Group_76,Group_63,Group_100,Group_88,Group_78,Group_22,Group_82
User_3075 Surname_3075;Engineering;Manager;Group_78,Group_54,Group_24
User_3076 Surname_3076;Operations;Director;Group_38,Group_71
User_3077 Surname_3077;Support;Manager;Group_89,Group_93,Group_24,Group_22,Group_81,Group_42,Group_10
User_3078 Surname_3078;Legal;Director;Group_22,Group_82,Group_30,Group_59,Group_65
User_3079 Surname_3079;HR;Analyst;Group_75,Group_24,Group_46,Group_64,Group_54,Group_98
User_3080 Surname_3080;HR;Intern;Group_84,Group_5,Group_43
User_3081 Surname_3081;IT;Manager;Group_88,Group_96,Group_78
User_3082 Surname_3082;Finance;Intern;Group_81,Group_21,Group_65,Group_27,Group_17
User_3083 Surname_3083;Product;Intern;Group_36,Group_65,Group_74,Group_95,Group_68,Group_9,Group_58
User_3084 Surname_3084;Support;Associate;Group_99,Group_14,Group_1,Group_49,Group_60,Group_42
User_3085 Surname_3085;Finance;Analyst;Group_68,Group_54,Group_61,Group_66,Group_60
User_3086 Surname_3086;Legal;Analyst;Group_17,Group_86,Group_14,Group_73
User_3087 Surname_3087;Finance;Director;Group_1,Group_80
User_3088 Surname_3088;Legal;Manager;Group_99,Group_9,Group_79,Group_69
User_3089 Surname_3089;Marketing;VP;Group_73,Group_100,Group_64,Group_88,Group_30,Group_70,Group_29,Group_17,Group_49
User_3090 Surname_3090;Finance;Associate;Group_40,Group_42,Group_87,Group_28,Group_10,Group_86
User_3091 Surname_3091;Legal;Associate;Group_12,Group_4,Group_78
User_3092 Surname_3092;Finance;Associate;Group_35,Group_4,Group_3,Group_7,Group_77,Group_64,Group_78
User_3093 Surname_3093;Sales;Manager;Group_14,Group_37,Group_82,Group_59
User_3094 Surname_3094;Product;Associate;Group_10,Group_16,Group_66
User_3095 Surname_3095;IT;Intern;Group_97,Group_43,Group_29,Group_45,Group_6,Group_40
User_3096 Surname_3096;Finance;Analyst;Group_13,Group_89,Group_72,Group_58,Group_60,Group_12
User_3097 Surname_3097;Operations;Analyst;Group_76,Group_47
User_3098 Surname_3098;Operations;VP;Group_27,Group_40,Group_8
User_3099 Surname_3099;Legal;Analyst;Group_27,Group_35
User_3100 Surname_3100;Marketing;Analyst;Group_2,Group_86,Group_98,Group_44,Group_24,Group_90,Group_29,Group_39,Group_67
User_3101 Surname_3101;Operations;Director;Group_19,Group_52,Group_77,Group_79
User_3102 Surname_3102;IT;Director;Group_55,Group_91,Group_41,Group_42,Group_60,Group_70,Group_67,Group_81,Group_95,Group_97
User_3103 Surname_3103;Operations;Associate;Group_88,Group_21,Group_99,Group_39,Group_52,Group_94
User_3104 Surname_3104;Marketing;Director;Group_18,Group_84,Group_37,Group_14,Group_62,Group_67,Group_5,Group_31
User_3105 Surname_3105;Support;Analyst;Group_47,Group_12,Group_64,Group_56,Group_59,Group_99,Group_74,Group_57
User_3106 Surname_3106;Finance;Intern;Group_48,Group_18,Group_61,Group_51,Group_52,Group_78,Group_35
User_3107 Surname_3107;Finance;VP;Group_96,Group_59,Group_24,Group_44,Group_72,Group_73,Group_90,Group_48,Group_66,Group_35
User_3108 Surname_3108;Marketing;Analyst;Group_12,Group_26,Group_30
User_3109 Surname_3109;Engineering;Intern;Group_8,Group_48,Group_23,Group_68,Group_16,Group_66
User_3110 Surname_3110;Marketing;VP;Group_45,Group_46,Group_100,Group_87,Group_11,Group_14,Group_55,Group_30
User_3111 Surname_3111;Legal;Manager;Group_29,Group_8,Group_73,Group_26,Group_48
User_3112 Surname_3112;Operations;Director;Group_53,Group_79,Group_67,Group_69,Group_45,Group_48,Group_75
User_3113 Surname_3113;Sales;Associate;Group_86,Group_75
User_3114 Surname_3114;Legal;Intern;Group_11,Group_64,Group_14,Group_59,Group_16,Group_13,Group_83,Group_85,Group_8,Group_43
User_3115 Surname_3115;Legal;Manager;Group_5,Group_40,Group_82
User_3116 Surname_3116;HR;Analyst;Group_63,Group_22,Group_20
User_3117 Surname_3117;Sales;Manager;Group_75,Group_31,Group_83,Group_85,Group_60,Group_20,Group_10,Group_76,Group_48
User_3118 Surname_3118;Support;Associate;Group_55,Group_74,Group_17,Group_80
User_3119 Surname_3119;HR;Manager;Group_48,Group_44,Group_7,Group_29,Group_85,Group_8,Group_69
User_3120 Surname_3120;Product;Associate;Group_23,Group_37,Group_25,Group_81,Group_22,Group_4,Group_52,Group_42,Group_65,Group_99
User_3121 Surname_3121;HR;Analyst;Group_42,Group_15,Group_61,Group_82
User_3122 Surname_3122;Operations;Analyst;Group_77,Group_37,Group_70,Group_88
User_3123 Surname_3123;Support;Associate;Group_3,Group_100,Group_97,Group_19,Group_35,Group_99,Group_95,Group_83,Group_31
User_3124 Surname_3124;Marketing;Manager;Group_37,Group_95,Group_33,Group_61,Group_5,Group_44,Group_35,Group_10
User_3125 Surname_3125;Finance;Analyst;Group_59,Group_4,Group_33
User_3126 Surname_3126;Legal;Director;Group_64,Group_23,Group_66,Group_24,Group_61,Group_11,Group_3
User_3127 Surname_3127;Engineering;Analyst;Group_10,Group_1,Group_26,Group_20,Group_15,Group_30,Group_97,Group_42,Group_36
User_3128 Surname_3128;Operations;Intern;Group_70,Group_86,Group_85
User_3129 Surname_3129;HR;Director;Group_48,Group_28,Group_74,Group_25,Group_38
User_3130 Surname_3130;Finance;Intern;Group_92,Group_60,Group_58,Group_27,Group_72,Group_88,Group_43,Group_28,Group_57,Group_7
User_3131 Surname_3131;IT;Director;Group_67,Group_6,Group_79,Group_10,Group_77,Group_15,Group_64,Group_90,Group_37
User_3132 Surname_3132;Engineering;VP;Group_93,Group_15,Group_78,Group_34,Group_18
User_3133 Surname_3133;Sales;Manager;Group_42,Group_5,Group_4
User_3134 Surname_3134;Support;Intern;Group_94,Group_39,Group_92,Group_63,Group_64,Group_54,Group_82
User_3135 Surname_3135;Product;Manager;Group_36,Group_26,Group_43,Group_52,Group_5,Group_13,Group_72,Group_66,Group_82,Group_56
User_3136 Surname_3136;HR;Associate;Group_3,Group_95,Group_44,Group_26,Group_13,Group_54,Group_25,Group_88,Group_47,Group_64
User_3137 Surname_3137;IT;Analyst;Group_42,Group_89,Group_20
User_3138 Surname_3138;Sales;Director;Group_27,Group_19,Group_26,Group_29,Group_79,Group_22
User_3139 Surname_3139;Operations;Associate;Group_93,Group_84,Group_94,Group_63,Group_98,Group_100
User_3140 Surname_3140;Operations;Analyst;Group_33,Group_1,Group_45,Group_94,Group_92,Group_64,Group_85,Group_59
User_3141 Surname_3141;Finance;VP;Group_69,Group_80,Group_36,Group_78
User_3142 Surname_3142;Engineering;Associate;Group_31,Group_91,Group_73,Group_43,Group_1,Group_47
User_3143 Surname_3143;Sales;VP;Group_64,Group_70,Group_3
User_3144 Surname_3144;Sales;Intern;Group_34,Group_28,Group_84,Group_16,Group_66,Group_19,Group_100,Group_56,Group_46
User_3145 Surname_3145;Engineering;Intern;Group_27,Group_21,Group_49
User_3146 Surname_3146;Support;VP;Group_100,Group_33,Group_32,Group_31,Group_37,Group_59
User_3147 Surname_3147;Operations;Intern;Group_26,Group_7,Group_48,Group_55,Group_46,Group_92,Group_75,Group_77,Group_82,Group_50
User_3148 Surname_3148;IT;Director;Group_47,Group_74,Group_44,Group_50
User_3149 Surname_3149;HR;Associate;Group_78,Group_70,Group_38,Group_42,Group_84,Group_67
User_3150 Surname_3150;Product;Analyst;Group_95,Group_44,Group_43
User_3151 Surname_3151;Operations;Associate;Group_61,Group_22,Group_85,Group_18,Group_65,Group_30,Group_62,Group_48,Group_59,Group_83
User_3152 Surname_3152;Engineering;Manager;Group_19,Group_17,Group_48,Group_66,Group_92,Group_74,Group_58,Group_14
User_3153 Surname_3153;Legal;Director;Group_22,Group_69,Group_49,Group_95,Group_84,Group_37,Group_21,Group_60,Group_50
User_3154 Surname_3154;Sales;Director;Group_77,Group_98
User_3155 Surname_3155;Support;VP;Group_59,Group_83,Group_79,Group_87,Group_74,Group_47,Group_86,Group_100,Group_48
User_3156 Surname_3156;Operations;Analyst;Group_83,Group_99,Group_2
User_3157 Surname_3157;Product;Intern;Group_3,Group_14,Group_83,Group_45,Group_85,Group_65,Group_70,Group_47,Group_53,Group_33
User_3158 Surname_3158;Marketing;Manager;Group_89,Group_29
User_3159 Surname_3159;IT;Director;Group_42,Group_75,Group_89,Group_52,Group_45,Group_64,Group_27
User_3160 Surname_3160;Product;Associate;Group_57,Group_78,Group_18,Group_19,Group_59,Group_15
User_3161 Surname_3161;Engineering;Intern;Group_14,Group_73,Group_18,Group_90,Group_92
User_3162 Surname_3162;Support;Director;Group_70,Group_41
User_3163 Surname_3163;Operations;Director;Group_22,Group_7,Group_68
User_3164 Surname_3164;HR;Associate;Group_96,Group_26,Group_13,Group_100
User_3165 Surname_3165;Marketing;Analyst;Group_59,Group_39,Group_26,Group_10,Group_2,Group_100,Group_70,Group_8,Group_61
User_3166 Surname_3166;Product;Associate;Group_72,Group_85
User_3167 Surname_3167;Engineering;Intern;Group_30,Group_82,Group_74,Group_71,Group_23,Group_96,Group_54
User_3168 Surname_3168;Marketing;VP;Group_62,Group_4,Group_48,Group_40,Group_76,Group_44,Group_34
User_3169 Surname_3169;IT;VP;Group_76,Group_22,Group_57,Group_27,Group_62,Group_52,Group_74,Group_18,Group_61
User_3170 Surname_3170;Operations;Manager;Group_17,Group_41
User_3171 Surname_3171;Legal;Director;Group_47,Group_26,Group_18,Group_3,Group_61,Group_17,Group_2
User_3172 Surname_3172;IT;Director;Group_60,Group_35,Group_11
User_3173 Surname_3173;Operations;Associate;Group_78,Group_86
User_3174 Surname_3174;Legal;VP;Group_22,Group_74,Group_49
User_3175 Surname_3175;Marketing;Director;Group_79,Group_48
User_3176 Surname_3176;Product;Analyst;Group_26,Group_21,Group_15
User_3177 Surname_3177;Marketing;Associate;Group_1,Group_22,Group_21,Group_75,Group_3,Group_66,Group_80,Group_56,Group_97
User_3178 Surname_3178;Sales;Associate;Group_51,Group_43,Group_74,Group_62
User_3179 Surname_3179;Product;Associate;Group_37,Group_60,Group_92,Group_84,Group_6,Group_95,Group_15,Group_3,Group_86
User_3180 Surname_3180;IT;Manager;Group_46,Group_87,Group_34,Group_8,Group_37
User_3181 Surname_3181;Engineering;Associate;Group_98,Group_70,Group_60,Group_7,Group_8,Group_35,Group_27,Group_86
User_3182 Surname_3182;Legal;Associate;Group_29,Group_53,Group_78
User_3183 Surname_3183;Product;Associate;Group_56,Group_4,Group_60,Group_86,Group_57,Group_5,Group_16,Group_93,Group_29,Group_50
User_3184 Surname_3184;Engineering;VP;Group_98,Group_51,Group_12
User_3185 Surname_3185;Product;Director;Group_62,Group_73,Group_48
User_3186 Surname_3186;Engineering;Director;Group_50,Group_92,Group_52,Group_80,Group_20,Group_27,Group_7
User_3187 Surname_3187;Operations;Intern;Group_78,Group_100,Group_76,Group_47,Group_1,Group_82
User_3188 Surname_3188;Support;Analyst;Group_34,Group_91,Group_74,Group_70,Group_64,Group_10,Group_75,Group_81
User_3189 Surname_3189;Sales;Director;Group_48,Group_74,Group_34,Group_78,Group_25,Group_43,Group_44,Group_60
User_3190 Surname_3190;Finance;Associate;Group_49,Group_67,Group_2,Group_10
User_3191 Surname_3191;Product;Analyst;Group_36,Group_19,Group_100,Group_95,Group_51,Group_52,Group_15,Group_99
User_3192 Surname_3192;Marketing;VP;Group_22,Group_60,Group_15,Group_13,Group_73,Group_96,Group_25
User_3193 Surname_3193;Marketing;Analyst;Group_5,Group_30,Group_14,Group_53,Group_81,Group_54,Group_55
User_3194 Surname_3194;Finance;Associate;Group_38,Group_94,Group_87,Group_62,Group_56,Group_96,Group_66,Group_99,Group_100
User_3195 Surname_3195;Sales;VP;Group_64,Group_92,Group_84,Group_82,Group_36
User_3196 Surname_3196;Operations;Associate;Group_38,Group_24
User_3197 Surname_3197;IT;Associate;Group_29,Group_11,Group_56,Group_59,Group_10,Group_5
User_3198 Surname_3198;Operations;Intern;Group_82,Group_60,Group_84
User_3199 Surname_3199;IT;Associate;Group_45,Group_17,Group_80,Group_78
User_3200 Surname_3200;Marketing;Associate;Group_1,Group_3,Group_24,Group_96,Group_88,Group_18,Group_47
User_3201 Surname_3201;Finance;VP;Group_25,Group_14,Group_82,Group_97,Group_46,Group_45,Group_70,Group_7
User_3202 Surname_3202;Engineering;Analyst;Group_16,Group_36,Group_2
User_3203 Surname_3203;Finance;Associate;Group_31,Group_48,Group_7,Group_95,Group_15,Group_6,Group_88,Group_33,Group_56,Group_8
User_3204 Surname_3204;Engineering;Associate;Group_99,Group_7
User_3205 Surname_3205;IT;Associate;Group_34,Group_49,Group_74,Group_50,Group_32,Group_82,Group_30,Group_64,Group_36
User_3206 Surname_3206;Support;VP;Group_100,Group_16,Group_54,Group_37,Group_97,Group_82,Group_28,Group_84,Group_95
User_3207 Surname_3207;Legal;Director;Group_94,Group_18,Group_60,Group_39,Group_36,Group_87
User_3208 Surname_3208;Operations;Director;Group_23,Group_81,Group_62,Group_41,Group_86
User_3209 Surname_3209;Finance;Associate;Group_100,Group_6,Group_49,Group_74
User_3210 Surname_3210;Legal;Director;Group_83,Group_52,Group_29,Group_90,Group_67
User_3211 Surname_3211;Engineering;VP;Group_16,Group_2,Group_82
User_3212 Surname_3212;Marketing;Manager;Group_2,Group_40,Group_3,Group_8,Group_85,Group_82,Group_12,Group_91,Group_97
User_3213 Surname_3213;Support;Director;Group_21,Group_7,Group_41,Group_9,Group_45
User_3214 Surname_3214;Product;Manager;Group_5,Group_97,Group_43
User_3215 Surname_3215;HR;Director;Group_64,Group_25,Group_70,Group_4,Group_29
User_3216 Surname_3216;Product;Manager;Group_90,Group_66,Group_36,Group_17,Group_22
User_3217 Surname_3217;Operations;Analyst;Group_88,Group_27
User_3218 Surname_3218;Operations;Intern;Group_72,Group_24,Group_92
User_3219 Surname_3219;Engineering;Director;Group_79,Group_64,Group_84,Group_70,Group_19,Group_85,Group_33,Group_3,Group_75,Group_87
User_3220 Surname_3220;Legal;Analyst;Group_71,Group_93,Group_97,Group_26,Group_43,Group_74,Group_44,Group_40
User_3221 Surname_3221;Marketing;Director;Group_89,Group_87,Group_2,Group_21,Group_11,Group_20,Group_84
User_3222 Surname_3222;Engineering;Associate;Group_16,Group_55,Group_91,Group_19,Group_38
User_3223 Surname_3223;Finance;Associate;Group_33,Group_88,Group_98,Group_62
User_3224 Surname_3224;Sales;Director;Group_47,Group_71,Group_99,Group_31,Group_1,Group_70,Group_76,Group_74,Group_63,Group_64
User_3225 Surname_3225;Legal;Intern;Group_94,Group_66,Group_70,Group_93,Group_2,Group_53,Group_24,Group_43,Group_49,Group_30
User_3226 Surname_3226;Support;Intern;Group_65,Group_41,Group_8,Group_82
User_3227 Surname_3227;Support;VP;Group_31,Group_25,Group_63,Group_18
User_3228 Surname_3228;HR;Director;Group_60,Group_33,Group_46,Group_8,Group_99,Group_3,Group_31,Group_17
User_3229 Surname_3229;Operations;Intern;Group_41,Group_88,Group_11,Group_16
User_3230 Surname_3230;HR;VP;Group_42,Group_50,Group_21,Group_2,Group_81
User_3231 Surname_3231;Legal;Manager;Group_76,Group_34,Group_52
User_3232 Surname_3232;Marketing;Manager;Group_87,Group_3,Group_1,Group_35,Group_9,Group_45,Group_79,Group_32
User_3233 Surname_3233;Support;Analyst;Group_28,Group_68
User_3234 Surname_3234;HR;Manager;Group_74,Group_63,Group_88,Group_51,Group_30,Group_35,Group_20,Group_78,Group_76,Group_28
User_3235 Surname_3235;Engineering;Intern;Group_23,Group_63,Group_5,Group_75,Group_11,Group_67,Group_88,Group_91
User_3236 Surname_3236;Operations;Associate;Group_95,Group_47,Group_58,Group_43,Group_50,Group_94,Group_6,Group_53,Group_62
User_3237 Surname_3237;Product;Director;Group_61,Group_27,Group_57,Group_91,Group_4,Group_46,Group_6,Group_95
User_3238 Surname_3238;Marketing;VP;Group_1,Group_23,Group_57,Group_15,Group_59,Group_26,Group_41,Group_76
User_3239 Surname_3239;Product;Associate;Group_7,Group_9,Group_74,Group_66,Group_88,Group_62
User_3240 Surname_3240;Legal;Analyst;Group_55,Group_46,Group_86,Group_80,Group_53,Group_67,Group_23,Group_59
User_3241 Surname_3241;Product;VP;Group_98,Group_12,Group_81,Group_32,Group_54,Group_53,Group_45,Group_89,Group_27,Group_7
User_3242 Surname_3242;Product;Manager;Group_95,Group_68,Group_56,Group_10,Group_65,Group_76,Group_30,Group_71,Group_12,Group_29
User_3243 Surname_3243;HR;Analyst;Group_34,Group_68,Group_7,Group_51,Group_98,Group_19,Group_5,Group_24
User_3244 Surname_3244;HR;Analyst;Group_16,Group_35,Group_51
User_3245 Surname_3245;Product;Associate;Group_36,Group_11,Group_47,Group_25,Group_69,Group_83,Group_45
User_3246 Surname_3246;IT;Intern;Group_9,Group_23
User_3247 Surname_3247;HR;Associate;Group_42,Group_23,Group_4
User_3248 Surname_3248;Legal;Analyst;Group_92,Group_75,Group_20,Group_35,Group_82,Group_56,Group_14,Group_74,Group_24
User_3249 Surname_3249;Sales;Intern;Group_93,Group_63,Group_66,Group_3,Group_18,Group_94,Group_70,Group_52,Group_27,Group_57
User_3250 Surname_3250;Support;Intern;Group_27,Group_40
User_3251 Surname_3251;Sales;Manager;Group_88,Group_66,Group_39,Group_29
User_3252 Surname_3252;Legal;Manager;Group_27,Group_87,Group_74,Group_65
User_3253 Surname_3253;Finance;Associate;Group_93,Group_47,Group_94,Group_92,Group_23,Group_16,Group_69,Group_53,Group_67
User_3254 Surname_3254;Legal;Director;Group_79,Group_17
User_3255 Surname_3255;IT;Director;Group_95,Group_63
User_3256 Surname_3256;IT;Manager;Group_64,Group_36,Group_60,Group_66,Group_33
User_3257 Surname_3257;Legal;Manager;Group_13,Group_22,Group_24,Group_76,Group_1,Group_96
User_3258 Surname_3258;Operations;Associate;Group_37,Group_36,Group_41,Group_79,Group_44,Group_5,Group_51,Group_22,Group_55,Group_62
User_3259 Surname_3259;Legal;Analyst;Group_26,Group_90,Group_66,Group_100,Group_17
User_3260 Surname_3260;Operations;Analyst;Group_14,Group_62,Group_71,Group_77,Group_8
User_3261 Surname_3261;Operations;Director;Group_17,Group_38,Group_20,Group_66,Group_18,Group_19
User_3262 Surname_3262;Product;Intern;Group_11,Group_84,Group_79,Group_69,Group_88,Group_94,Group_32
User_3263 Surname_3263;Support;Director;Group_77,Group_61,Group_79,Group_67,Group_63,Group_22,Group_72,Group_6
User_3264 Surname_3264;Finance;Intern;Group_63,Group_49
User_3265 Surname_3265;Marketing;Associate;Group_54,Group_36,Group_74,Group_85,Group_83,Group_90,Group_86,Group_51,Group_82
User_3266 Surname_3266;Legal;Director;Group_87,Group_63
User_3267 Surname_3267;Marketing;Director;Group_91,Group_88,Group_94,Group_48,Group_92
User_3268 Surname_3268;Marketing;Director;Group_18,Group_43,Group_26,Group_84,Group_65,Group_8,Group_77,Group_41
User_3269 Surname_3269;HR;VP;Group_20,Group_67,Group_15,Group_69,Group_36,Group_45
User_3270 Surname_3270;Product;Analyst;Group_45,Group_40,Group_88,Group_47,Group_12
User_3271 Surname_3271;Engineering;Intern;Group_58,Group_92,Group_72,Group_15,Group_85
User_3272 Surname_3272;Engineering;Manager;Group_33,Group_63,Group_65,Group_29,Group_90,Group_84
User_3273 Surname_3273;Product;Intern;Group_40,Group_50,Group_36,Group_44,Group_8,Group_60,Group_100
User_3274 Surname_3274;HR;Intern;Group_52,Group_49
User_3275 Surname_3275;IT;Manager;Group_96,Group_27,Group_7,Group_78,Group_62,Group_60,Group_19
User_3276 Surname_3276;Sales;Intern;Group_32,Group_38,Group_100,Group_73,Group_2
User_3277 Surname_3277;Legal;VP;Group_52,Group_45,Group_12,Group_62,Group_1,Group_67
User_3278 Surname_3278;Legal;Director;Group_28,Group_50
User_3279 Surname_3279;Sales;Associate;Group_27,Group_42,Group_73,Group_41,Group_12,Group_53,Group_19,Group_13,Group_98,Group_33
User_3280 Surname_3280;HR;VP;Group_48,Group_25,Group_26,Group_77,Group_61,Group_43,Group_4,Group_51,Group_80
User_3281 Surname_3281;Finance;Analyst;Group_16,Group_84,Group_66,Group_25,Group_85,Group_39
User_3282 Surname_3282;IT;Manager;Group_44,Group_75,Group_90,Group_61,Group_52,Group_87,Group_45
User_3283 Surname_3283;Support;Intern;Group_91,Group_88
User_3284 Surname_3284;Support;Analyst;Group_65,Group_42
User_3285 Surname_3285;Product;Analyst;Group_4,Group_6,Group_61
User_3286 Surname_3286;Product;VP;Group_95,Group_76,Group_23,Group_75,Group_45,Group_51,Group_15,Group_19
User_3287 Surname_3287;Legal;Associate;Group_6,Group_45,Group_89,Group_50,Group_100,Group_19,Group_87,Group_43
User_3288 Surname_3288;IT;Associate;Group_82,Group_49,Group_55,Group_32,Group_50
User_3289 Surname_3289;Engineering;Analyst;Group_44,Group_55
User_3290 Surname_3290;Engineering;Associate;Group_62,Group_46,Group_17
User_3291 Surname_3291;Support;Associate;Group_33,Group_7,Group_2,Group_82,Group_87
User_3292 Surname_3292;IT;Associate;Group_54,Group_14,Group_71,Group_43,Group_3,Group_93,Group_24,Group_100,Group_74,Group_7
User_3293 Surname_3293;Legal;Associate;Group_40,Group_51,Group_49,Group_77,Group_48,Group_34,Group_35,Group_15,Group_97,Group_54
User_3294 Surname_3294;Marketing;VP;Group_85,Group_45,Group_36,Group_72,Group_34,Group_95,Group_49,Group_63,Group_89,Group_42
User_3295 Surname_3295;Product;Associate;Group_90,Group_92,Group_14,Group_41
User_3296 Surname_3296;Finance;Intern;Group_89,Group_67,Group_90,Group_28
User_3297 Surname_3297;Support;Director;Group_81,Group_93,Group_75,Group_79,Group_78
User_3298 Surname_3298;Product;Manager;Group_37,Group_29,Group_30,Group_53,Group_47,Group_22,Group_7,Group_1,Group_78
User_3299 Surname_3299;HR;VP;Group_47,Group_76,Group_48,Group_41,Group_42,Group_45,Group_94,Group_1
User_3300 Surname_3300;Marketing;Manager;Group_45,Group_47,Group_66,Group_50,Group_5,Group_38
User_3301 Surname_3301;HR;Analyst;Group_18,Group_97,Group_96,Group_52
User_3302 Surname_3302;Product;VP;Group_16,Group_34,Group_97,Group_10,Group_44,Group_52,Group_18,Group_76
User_3303 Surname_3303;Finance;Analyst;Group_38,Group_66,Group_82,Group_91
User_3304 Surname_3304;Engineering;Associate;Group_93,Group_97,Group_18,Group_81,Group_69
User_3305 Surname_3305;Product;Intern;Group_82,Group_65,Group_72
User_3306 Surname_3306;Support;Analyst;Group_13,Group_72,Group_80,Group_7,Group_63,Group_78,Group_5
User_3307 Surname_3307;Legal;Associate;Group_46,Group_74,Group_1,Group_12,Group_66,Group_94,Group_39,Group_33
User_3308 Surname_3308;Sales;Director;Group_1,Group_87,Group_58,Group_83
User_3309 Surname_3309;Finance;Manager;Group_71,Group_90,Group_59,Group_94
User_3310 Surname_3310;HR;Associate;Group_17,Group_88,Group_43
User_3311 Surname_3311;Product;Director;Group_10,Group_5,Group_46,Group_79,Group_17,Group_80,Group_37,Group_52,Group_26,Group_2
User_3312 Surname_3312;Operations;Intern;Group_79,Group_52
User_3313 Surname_3313;IT;Manager;Group_50,Group_17,Group_80,Group_10,Group_60,Group_26,Group_30,Group_6,Group_84
User_3314 Surname_3314;Finance;VP;Group_25,Group_45,Group_92,Group_30,Group_31,Group_89,Group_69,Group_80,Group_21,Group_61
User_3315 Surname_3315;Legal;VP;Group_73,Group_22,Group_26
User_3316 Surname_3316;Sales;Associate;Group_20,Group_99
User_3317 Surname_3317;Engineering;Director;Group_82,Group_14,Group_31,Group_39,Group_53,Group_100,Group_10
User_3318 Surname_3318;Product;VP;Group_28,Group_22,Group_92
User_3319 Surname_3319;Marketing;Intern;Group_26,Group_74,Group_31,Group_34,Group_66,Group_60,Group_82,Group_95
User_3320 Surname_3320;Engineering;VP;Group_85,Group_26,Group_12,Group_41,Group_69,Group_63,Group_99,Group_95,Group_42
User_3321 Surname_3321;Marketing;Manager;Group_15,Group_53,Group_56,Group_28,Group_89,Group_41,Group_100,Group_87,Group_80
User_3322 Surname_3322;Finance;Manager;Group_61,Group_31
User_3323 Surname_3323;Sales;Manager;Group_42,Group_21,Group_14,Group_48,Group_12,Group_28,Group_17,Group_37,Group_79
User_3324 Surname_3324;Operations;Associate;Group_15,Group_24,Group_12,Group_87,Group_2,Group_9,Group_47,Group_89,Group_100
User_3325 Surname_3325;Marketing;Director;Group_38,Group_30,Group_49,Group_41,Group_74,Group_33,Group_94,Group_11
User_3326 Surname_3326;Finance;Director;Group_60,Group_47,Group_49,Group_15,Group_34,Group_1
User_3327 Surname_3327;IT;Director;Group_19,Group_84,Group_76,Group_4,Group_57,Group_97,Group_29,Group_86,Group_72,Group_40
User_3328 Surname_3328;Support;VP;Group_24,Group_71
User_3329 Surname_3329;Support;Director;Group_10,Group_46
User_3330 Surname_3330;IT;Intern;Group_38,Group_31
User_3331 Surname_3331;Support;Intern;Group_48,Group_12,Group_16,Group_54,Group_3,Group_37,Group_27,Group_10
User_3332 Surname_3332;Marketing;Associate;Group_22,Group_16,Group_95,Group_8,Group_6,Group_27
User_3333 Surname_3333;Finance;VP;Group_93,Group_66,Group_29,Group_20,Group_64,Group_10,Group_68,Group_63,Group_6
User_3334 Surname_3334;Operations;Intern;Group_16,Group_60,Group_29,Group_23,Group_5,Group_54,Group_25,Group_83
User_3335 Surname_3335;Finance;Intern;Group_49,Group_3,Group_66,Group_91,Group_76,Group_86
User_3336 Surname_3336;Finance;Analyst;Group_6,Group_82,Group_25,Group_28,Group_3
User_3337 Surname_3337;Marketing;Manager;Group_70,Group_88,Group_79,Group_44,Group_53,Group_52
User_3338 Surname_3338;Product;Analyst;Group_53,Group_89,Group_35,Group_37,Group_38,Group_63
User_3339 Surname_3339;Legal;Associate;Group_15,Group_14,Group_38,Group_45
User_3340 Surname_3340;Product;VP;Group_73,Group_25,Group_15,Group_44,Group_19,Group_50,Group_36,Group_87,Group_47
User_3341 Surname_3341;Operations;Manager;Group_35,Group_89,Group_45
User_3342 Surname_3342;Support;Manager;Group_75,Group_63,Group_46,Group_81,Group_35,Group_65,Group_83,Group_34,Group_67
User_3343 Surname_3343;Finance;Associate;Group_65,Group_30,Group_62,Group_55
User_3344 Surname_3344;Finance;Manager;Group_52,Group_82,Group_47,Group_98,Group_17
User_3345 Surname_3345;HR;Intern;Group_85,Group_37,Group_22,Group_73,Group_42
User_3346 Surname_3346;Legal;Intern;Group_52,Group_43,Group_14,Group_21,Group_96,Group_16,Group_3,Group_51,Group_80,Group_57
User_3347 Surname_3347;Legal;VP;Group_73,Group_99,Group_58,Group_98,Group_88,Group_33,Group_3,Group_5
User_3348 Surname_3348;Operations;Analyst;Group_77,Group_87,Group_39
User_3349 Surname_3349;IT;Associate;Group_43,Group_70,Group_47
User_3350 Surname_3350;HR;Associate;Group_47,Group_2
User_3351 Surname_3351;Operations;Intern;Group_89,Group_15,Group_63
User_3352 Surname_3352;Product;Associate;Group_19,Group_63,Group_92,Group_94,Group_21,Group_25,Group_24
User_3353 Surname_3353;Legal;VP;Group_72,Group_53,Group_85,Group_52,Group_47,Group_25,Group_31
User_3354 Surname_3354;Legal;Associate;Group_66,Group_77,Group_88,Group_98,Group_50
User_3355 Surname_3355;Finance;VP;Group_15,Group_43,Group_33
User_3356 Surname_3356;HR;Manager;Group_11,Group_54,Group_10
User_3357 Surname_3357;Finance;Intern;Group_77,Group_8,Group_96,Group_92,Group_76
User_3358 Surname_3358;HR;Intern;Group_65,Group_33,Group_5,Group_66,Group_80,Group_4,Group_46,Group_79
User_3359 Surname_3359;HR;Analyst;Group_96,Group_5,Group_82,Group_17,Group_34,Group_11
User_3360 Surname_3360;Operations;Analyst;Group_34,Group_5,Group_52
User_3361 Surname_3361;Sales;Intern;Group_87,Group_68,Group_97,Group_86,Group_60,Group_26
User_3362 Surname_3362;Legal;Analyst;Group_69,Group_19,Group_61,Group_89,Group_76,Group_14,Group_71,Group_28,Group_72
User_3363 Surname_3363;Marketing;Manager;Group_77,Group_96,Group_10,Group_8,Group_65,Group_73,Group_9,Group_41,Group_100,Group_3
User_3364 Surname_3364;Operations;Manager;Group_75,Group_6,Group_14,Group_10,Group_43,Group_54,Group_72
User_3365 Surname_3365;Operations;Director;Group_73,Group_75
User_3366 Surname_3366;Marketing;Associate;Group_95,Group_84,Group_81,Group_64,Group_9,Group_52,Group_12,Group_17,Group_83
User_3367 Surname_3367;Finance;Intern;Group_100,Group_86,Group_24,Group_77,Group_25,Group_60,Group_52,Group_9,Group_19,Group_31
User_3368 Surname_3368;Marketing;Intern;Group_64,Group_51,Group_31,Group_6,Group_7,Group_88,Group_78,Group_76,Group_5,Group_82
User_3369 Surname_3369;HR;Analyst;Group_22,Group_86,Group_52,Group_55,Group_97,Group_42,Group_15
User_3370 Surname_3370;HR;Manager;Group_23,Group_13
User_3371 Surname_3371;IT;Director;Group_52,Group_13,Group_98,Group_44,Group_88,Group_86
User_3372 Surname_3372;IT;Manager;Group_92,Group_98,Group_55,Group_70,Group_22
User_3373 Surname_3373;Sales;VP;Group_89,Group_57,Group_36,Group_15,Group_32,Group_75,Group_51,Group_68,Group_96,Group_49
User_3374 Surname_3374;IT;Manager;Group_41,Group_89,Group_4,Group_55,Group_75,Group_61,Group_70,Group_18,Group_33
User_3375 Surname_3375;Sales;Intern;Group_100,Group_55,Group_71,Group_21
User_3376 Surname_3376;Sales;Analyst;Group_38,Group_86
User_3377 Surname_3377;HR;Intern;Group_53,Group_94
User_3378 Surname_3378;HR;Intern;Group_96,Group_86,Group_82,Group_88,Group_15,Group_41,Group_98,Group_12,Group_61,Group_4
User_3379 Surname_3379;Operations;Manager;Group_59,Group_38,Group_15,Group_57,Group_8
User_3380 Surname_3380;Finance;VP;Group_92,Group_48,Group_62,Group_97,Group_35
User_3381 Surname_3381;IT;Associate;Group_76,Group_74,Group_55,Group_98,Group_19
User_3382 Surname_3382;Support;Associate;Group_62,Group_59,Group_76,Group_29,Group_65,Group_18,Group_71,Group_14,Group_6,Group_27
User_3383 Surname_3383;HR;Associate;Group_92,Group_99,Group_17,Group_94,Group_27,Group_10
User_3384 Surname_3384;Support;Manager;Group_79,Group_1,Group_80,Group_22,Group_8,Group_15,Group_18
User_3385 Surname_3385;Engineering;Associate;Group_81,Group_97,Group_74,Group_92,Group_47,Group_56
User_3386 Surname_3386;Marketing;Associate;Group_35,Group_93,Group_84,Group_96,Group_15,Group_56
User_3387 Surname_3387;Operations;VP;Group_76,Group_86,Group_21,Group_59
User_3388 Surname_3388;Operations;Intern;Group_34,Group_14,Group_37,Group_28,Group_7,Group_20,Group_24,Group_94,Group_76
User_3389 Surname_3389;HR;Analyst;Group_81,Group_21,Group_98,Group_19,Group_10,Group_57
User_3390 Surname_3390;Product;Intern;Group_74,Group_14,Group_67,Group_11,Group_51,Group_37
User_3391 Surname_3391;HR;Manager;Group_62,Group_98,Group_7,Group_30,Group_94,Group_39,Group_38,Group_95,Group_64,Group_4
User_3392 Surname_3392;Support;Manager;Group_29,Group_6,Group_90,Group_80,Group_36,Group_46,Group_76,Group_58
User_3393 Surname_3393;Marketing;Analyst;Group_48,Group_7,Group_69
User_3394 Surname_3394;HR;VP;Group_55,Group_29,Group_48,Group_44,Group_98
User_3395 Surname_3395;Sales;Intern;Group_98,Group_71,Group_59,Group_61
User_3396 Surname_3396;Engineering;Manager;Group_76,Group_35,Group_8,Group_38,Group_62
User_3397 Surname_3397;Operations;Manager;Group_64,Group_81,Group_77,Group_84,Group_44,Group_19,Group_22,Group_17,Group_66
User_3398 Surname_3398;Engineering;Director;Group_100,Group_2
User_3399 Surname_3399;Product;Intern;Group_93,Group_38,Group_35,Group_28,Group_41,Group_42,Group_4,Group_84,Group_53
User_3400 Surname_3400;Sales;Manager;Group_25,Group_68,Group_50
User_3401 Surname_3401;Operations;Associate;Group_60,Group_21,Group_95,Group_84,Group_32
User_3402 Surname_3402;Sales;Director;Group_36,Group_5,Group_96,Group_55,Group_87,Group_58,Group_64,Group_7,Group_71,Group_75
User_3403 Surname_3403;Sales;Director;Group_90,Group_5,Group_11,Group_6,Group_53
User_3404 Surname_3404;Support;Manager;Group_86,Group_95
User_3405 Surname_3405;Finance;Associate;Group_24,Group_14,Group_68,Group_54,Group_99,Group_38,Group_12
User_3406 Surname_3406;Operations;Manager;Group_88,Group_78,Group_55,Group_21,Group_71
User_3407 Surname_3407;Support;VP;Group_63,Group_13,Group_6,Group_91,Group_79
User_3408 Surname_3408;Sales;VP;Group_6,Group_1,Group_77,Group_15,Group_7
User_3409 Surname_3409;Product;Director;Group_5,Group_15,Group_23,Group_84,Group_69,Group_60
User_3410 Surname_3410;HR;Intern;Group_58,Group_73,Group_65,Group_85,Group_59,Group_75
User_3411 Surname_3411;Engineering;Associate;Group_46,Group_45,Group_86,Group_96,Group_47,Group_44,Group_24
User_3412 Surname_3412;Engineering;Associate;Group_63,Group_15,Group_77,Group_76,Group_16
User_3413 Surname_3413;Product;Associate;Group_62,Group_89,Group_75,Group_87,Group_69,Group_25,Group_2
User_3414 Surname_3414;Finance;Manager;Group_37,Group_67,Group_23,Group_47,Group_52,Group_95,Group_11,Group_3
User_3415 Surname_3415;Support;Director;Group_71,Group_85,Group_82,Group_4,Group_44,Group_28,Group_47
User_3416 Surname_3416;Engineering;Associate;Group_60,Group_39,Group_30,Group_83,Group_40,Group_55,Group_59,Group_48,Group_78,Group_54
User_3417 Surname_3417;Marketing;Analyst;Group_62,Group_13,Group_33,Group_99,Group_77,Group_69,Group_52,Group_60,Group_85,Group_32
User_3418 Surname_3418;HR;Analyst;Group_1,Group_53,Group_58,Group_77,Group_29,Group_62,Group_9,Group_44
User_3419 Surname_3419;IT;Director;Group_77,Group_55,Group_42,Group_15
User_3420 Surname_3420;HR;Analyst;Group_81,Group_40,Group_51,Group_66,Group_72,Group_98,Group_17
User_3421 Surname_3421;Marketing;Manager;Group_12,Group_62,Group_21,Group_53,Group_33,Group_54,Group_71,Group_65
User_3422 Surname_3422;Operations;Director;Group_48,Group_38,Group_68,Group_46,Group_1,Group_9,Group_88,Group_94
User_3423 Surname_3423;Support;VP;Group_66,Group_82,Group_89,Group_93,Group_61,Group_32,Group_72
User_3424 Surname_3424;Support;Manager;Group_86,Group_5,Group_35,Group_88,Group_8,Group_44,Group_64,Group_95,Group_15,Group_94
User_3425 Surname_3425;Product;Director;Group_74,Group_24,Group_49,Group_33,Group_98,Group_30,Group_15
User_3426 Surname_3426;Product;Manager;Group_9,Group_76
User_3427 Surname_3427;Sales;Intern;Group_52,Group_20,Group_61,Group_88,Group_31,Group_60,Group_100,Group_30,Group_5,Group_58
User_3428 Surname_3428;Product;Director;Group_44,Group_19
User_3429 Surname_3429;Engineering;Associate;Group_18,Group_72,Group_94,Group_20
User_3430 Surname_3430;Support;Director;Group_32,Group_70,Group_38,Group_95,Group_29,Group_10,Group_8
User_3431 Surname_3431;Support;VP;Group_5,Group_45,Group_82,Group_74,Group_3,Group_50,Group_56,Group_49
User_3432 Surname_3432;Legal;Intern;Group_93,Group_35,Group_4,Group_72,Group_24,Group_46,Group_12,Group_52,Group_13
User_3433 Surname_3433;Legal;Analyst;Group_88,Group_9,Group_20,Group_98,Group_62,Group_41,Group_85,Group_72
User_3434 Surname_3434;Legal;Director;Group_44,Group_95,Group_48,Group_38,Group_70,Group_36
User_3435 Surname_3435;Finance;Director;Group_78,Group_4,Group_77,Group_100,Group_40,Group_42,Group_14,Group_22
User_3436 Surname_3436;IT;VP;Group_23,Group_57,Group_75,Group_42,Group_41,Group_56
User_3437 Surname_3437;Finance;Manager;Group_68,Group_85,Group_23,Group_32,Group_3,Group_82,Group_87,Group_1
User_3438 Surname_3438;Finance;Analyst;Group_94,Group_49,Group_58
User_3439 Surname_3439;Legal;Analyst;Group_77,Group_60,Group_37
User_3440 Surname_3440;Legal;Associate;Group_8,Group_50
User_3441 Surname_3441;Engineering;Analyst;Group_4,Group_82,Group_2,Group_100,Group_13,Group_3,Group_64,Group_99,Group_83,Group_92
User_3442 Surname_3442;HR;Manager;Group_46,Group_79,Group_82,Group_13,Group_97,Group_64,Group_72,Group_73
User_3443 Surname_3443;Legal;Director;Group_56,Group_50
User_3444 Surname_3444;Support;Director;Group_41,Group_27,Group_100,Group_93,Group_52,Group_82,Group_5
User_3445 Surname_3445;HR;Associate;Group_61,Group_88,Group_57,Group_45,Group_28
User_3446 Surname_3446;Support;Associate;Group_33,Group_48,Group_9,Group_40,Group_85,Group_67
User_3447 Surname_3447;IT;Associate;Group_71,Group_30,Group_94,Group_26,Group_31,Group_75
User_3448 Surname_3448;Engineering;Director;Group_89,Group_91,Group_13,Group_58
User_3449 Surname_3449;Sales;Analyst;Group_22,Group_36,Group_88
User_3450 Surname_3450;Operations;VP;Group_88,Group_76,Group_56,Group_14,Group_33,Group_62
User_3451 Surname_3451;HR;Manager;Group_2,Group_91,Group_3,Group_82,Group_17
User_3452 Surname_3452;HR;Intern;Group_2,Group_18,Group_55,Group_30,Group_69,Group_16
User_3453 Surname_3453;Support;Analyst;Group_66,Group_47,Group_91,Group_63,Group_38,Group_83,Group_64,Group_12,Group_77
User_3454 Surname_3454;Legal;Associate;Group_54,Group_70,Group_57,Group_36,Group_30,Group_61,Group_37,Group_44,Group_46
User_3455 Surname_3455;Operations;Analyst;Group_56,Group_45,Group_65,Group_58,Group_35
User_3456 Surname_3456;Operations;Intern;Group_18,Group_47,Group_20,Group_65,Group_77
User_3457 Surname_3457;Legal;Director;Group_82,Group_31,Group_66,Group_98,Group_73,Group_55,Group_33,Group_23,Group_9,Group_57
User_3458 Surname_3458;Sales;Associate;Group_70,Group_86,Group_47,Group_32
User_3459 Surname_3459;Support;Intern;Group_9,Group_31,Group_18,Group_58,Group_66,Group_36,Group_22,Group_71
User_3460 Surname_3460;Support;Director;Group_22,Group_47,Group_80,Group_61,Group_54,Group_58,Group_19,Group_26,Group_24,Group_34
User_3461 Surname_3461;IT;Associate;Group_89,Group_64,Group_17,Group_30,Group_82,Group_74,Group_43,Group_55
User_3462 Surname_3462;Support;Director;Group_88,Group_19,Group_55,Group_22,Group_15,Group_78,Group_62
User_3463 Surname_3463;Marketing;Associate;Group_37,Group_63,Group_7,Group_82
User_3464 Surname_3464;IT;Analyst;Group_85,Group_54,Group_77,Group_82,Group_73,Group_46,Group_52
User_3465 Surname_3465;Product;Director;Group_6,Group_84,Group_19,Group_17,Group_28,Group_96
User_3466 Surname_3466;Finance;Associate;Group_76,Group_1
User_3467 Surname_3467;Legal;Manager;Group_1,Group_50
User_3468 Surname_3468;Product;Intern;Group_91,Group_57,Group_6,Group_93,Group_75,Group_27,Group_64,Group_74,Group_24
User_3469 Surname_3469;IT;Intern;Group_20,Group_100,Group_41,Group_16,Group_34,Group_96,Group_39,Group_78
User_3470 Surname_3470;Product;VP;Group_11,Group_80,Group_15,Group_69,Group_9,Group_92
User_3471 Surname_3471;IT;Analyst;Group_69,Group_41
User_3472 Surname_3472;Support;Director;Group_27,Group_23
User_3473 Surname_3473;Legal;Director;Group_6,Group_11,Group_47,Group_13
User_3474 Surname_3474;Sales;Analyst;Group_31,Group_77,Group_18,Group_94,Group_26,Group_22
User_3475 Surname_3475;Engineering;Manager;Group_87,Group_17
User_3476 Surname_3476;Engineering;VP;Group_63,Group_18,Group_50,Group_13,Group_89,Group_65,Group_51,Group_66,Group_91
User_3477 Surname_3477;Support;Associate;Group_4,Group_2,Group_42,Group_14,Group_53,Group_1,Group_99
User_3478 Surname_3478;IT;Intern;Group_29,Group_90,Group_86,Group_41,Group_63
User_3479 Surname_3479;Legal;Manager;Group_49,Group_63
User_3480 Surname_3480;HR;Director;Group_16,Group_40,Group_94,Group_51,Group_4,Group_89,Group_68,Group_36
User_3481 Surname_3481;Sales;Manager;Group_15,Group_12,Group_56
User_3482 Surname_3482;Support;Analyst;Group_74,Group_86,Group_16,Group_81,Group_39,Group_67,Group_2,Group_75,Group_97
User_3483 Surname_3483;Engineering;Director;Group_28,Group_19,Group_41
User_3484 Surname_3484;Product;Associate;Group_12,Group_61,Group_76,Group_8
User_3485 Surname_3485;Legal;Director;Group_38,Group_16,Group_50,Group_68,Group_60,Group_90
User_3486 Surname_3486;IT;VP;Group_16,Group_96,Group_99,Group_53,Group_38,Group_95,Group_24,Group_82
User_3487 Surname_3487;HR;Director;Group_88,Group_24,Group_68
User_3488 Surname_3488;Sales;Manager;Group_57,Group_75,Group_54,Group_13,Group_14,Group_71
User_3489 Surname_3489;Product;Analyst;Group_89,Group_34,Group_19,Group_15,Group_5
User_3490 Surname_3490;Product;Analyst;Group_24,Group_21,Group_76,Group_75,Group_50
User_3491 Surname_3491;Legal;Intern;Group_6,Group_56,Group_20,Group_76,Group_63,Group_60,Group_4
User_3492 Surname_3492;Sales;VP;Group_61,Group_8,Group_47,Group_64,Group_27,Group_2,Group_60,Group_87,Group_69,Group_94
User_3493 Surname_3493;Marketing;Intern;Group_46,Group_62,Group_66,Group_89,Group_99,Group_47,Group_69
User_3494 Surname_3494;Operations;Associate;Group_17,Group_62
User_3495 Surname_3495;HR;Intern;Group_32,Group_79,Group_74,Group_99,Group_83
User_3496 Surname_3496;Finance;Director;Group_28,Group_57,Group_10
User_3497 Surname_3497;Operations;Intern;Group_27,Group_73,Group_10,Group_2,Group_12,Group_68,Group_78
User_3498 Surname_3498;IT;Intern;Group_16,Group_46,Group_100,Group_30,Group_71
User_3499 Surname_3499;Legal;Associate;Group_43,Group_76,Group_42,Group_84,Group_17,Group_27,Group_77,Group_96,Group_85,Group_63
User_3500 Surname_3500;Engineering;Associate;Group_39,Group_4
User_3501 Surname_3501;Marketing;Intern;Group_1,Group_52
User_3502 Surname_3502;Product;Director;Group_37,Group_76
User_3503 Surname_3503;Support;VP;Group_34,Group_16
User_3504 Surname_3504;Support;Analyst;Group_79,Group_37,Group_81,Group_88,Group_87,Group_68,Group_7,Group_26
User_3505 Surname_3505;Sales;Manager;Group_48,Group_16,Group_4,Group_60,Group_14,Group_2
User_3506 Surname_3506;HR;VP;Group_39,Group_12,Group_5,Group_46,Group_25
User_3507 Surname_3507;Marketing;Director;Group_16,Group_89,Group_68,Group_30,Group_4,Group_33,Group_76,Group_25
User_3508 Surname_3508;Legal;Associate;Group_65,Group_9,Group_63,Group_64,Group_84,Group_82,Group_41
User_3509 Surname_3509;Legal;Director;Group_39,Group_62,Group_95,Group_27,Group_54,Group_61,Group_3,Group_56,Group_75,Group_36
User_3510 Surname_3510;Marketing;Analyst;Group_78,Group_97,Group_36,Group_50
User_3511 Surname_3511;Finance;Analyst;Group_49,Group_82,Group_20,Group_34,Group_67,Group_26,Group_60,Group_39,Group_10
User_3512 Surname_3512;Support;Intern;Group_90,Group_56,Group_67,Group_8,Group_93,Group_28
User_3513 Surname_3513;Marketing;Director;Group_36,Group_73,Group_83,Group_54,Group_32,Group_11
User_3514 Surname_3514;Legal;Manager;Group_100,Group_25,Group_95,Group_23,Group_31,Group_73,Group_74,Group_71,Group_82
User_3515 Surname_3515;IT;Associate;Group_15,Group_98,Group_20,Group_90,Group_35,Group_51,Group_43,Group_53,Group_19,Group_47
User_3516 Surname_3516;HR;Director;Group_14,Group_67,Group_27,Group_43,Group_93,Group_25
User_3517 Surname_3517;Support;VP;Group_59,Group_60,Group_21,Group_80,Group_93,Group_72,Group_29,Group_41,Group_85,Group_50
User_3518 Surname_3518;Product;Associate;Group_75,Group_61,Group_11,Group_12
User_3519 Surname_3519;Legal;Associate;Group_67,Group_9,Group_41,Group_16,Group_88,Group_92,Group_51,Group_11
User_3520 Surname_3520;HR;VP;Group_76,Group_18,Group_36,Group_24,Group_69,Group_38,Group_12,Group_25,Group_45
User_3521 Surname_3521;HR;VP;Group_39,Group_51,Group_9,Group_12,Group_44
User_3522 Surname_3522;Marketing;Analyst;Group_63,Group_36,Group_34,Group_83,Group_25,Group_56,Group_100,Group_60
User_3523 Surname_3523;Operations;Director;Group_74,Group_60
User_3524 Surname_3524;Finance;Intern;Group_62,Group_95
User_3525 Surname_3525;Engineering;VP;Group_4,Group_36,Group_33,Group_95
User_3526 Surname_3526;IT;Associate;Group_45,Group_20,Group_95,Group_14,Group_78,Group_67,Group_75,Group_33,Group_4,Group_72
User_3527 Surname_3527;Product;Manager;Group_89,Group_49,Group_13
User_3528 Surname_3528;IT;Analyst;Group_65,Group_91,Group_29,Group_73,Group_100,Group_56,Group_23
User_3529 Surname_3529;IT;Intern;Group_16,Group_7,Group_31
User_3530 Surname_3530;Engineering;VP;Group_40,Group_2
User_3531 Surname_3531;Operations;VP;Group_92,Group_78,Group_42,Group_90,Group_28,Group_37,Group_33
User_3532 Surname_3532;IT;Manager;Group_86,Group_27,Group_11,Group_40
User_3533 Surname_3533;HR;Director;Group_96,Group_78
User_3534 Surname_3534;Operations;Director;Group_15,Group_71,Group_99,Group_9,Group_45,Group_94,Group_97,Group_61
User_3535 Surname_3535;Operations;Director;Group_58,Group_92,Group_85,Group_83
User_3536 Surname_3536;IT;Director;Group_95,Group_65,Group_61,Group_62,Group_69
User_3537 Surname_3537;IT;Analyst;Group_2,Group_60,Group_21,Group_37,Group_83,Group_27
User_3538 Surname_3538;Finance;Intern;Group_83,Group_16,Group_42,Group_90,Group_96
User_3539 Surname_3539;Sales;Associate;Group_21,Group_83,Group_60,Group_62,Group_20,Group_82,Group_78,Group_58,Group_93
User_3540 Surname_3540;HR;Intern;Group_89,Group_83
User_3541 Surname_3541;IT;VP;Group_79,Group_57,Group_45,Group_31,Group_53,Group_7,Group_37
User_3542 Surname_3542;HR;Director;Group_30,Group_38
User_3543 Surname_3543;Engineering;Intern;Group_38,Group_48
User_3544 Surname_3544;Engineering;VP;Group_31,Group_60,Group_29
User_3545 Surname_3545;Legal;Associate;Group_13,Group_26,Group_83,Group_3,Group_10,Group_2,Group_78,Group_85,Group_19,Group_48
User_3546 Surname_3546;Product;Director;Group_16,Group_96,Group_56,Group_29,Group_26,Group_1,Group_76,Group_94,Group_69
User_3547 Surname_3547;Legal;Associate;Group_4,Group_98,Group_41,Group_79,Group_68,Group_29
User_3548 Surname_3548;IT;Director;Group_90,Group_78
User_3549 Surname_3549;Support;Manager;Group_33,Group_25,Group_66,Group_84,Group_80,Group_31,Group_83,Group_6
User_3550 Surname_3550;Sales;VP;Group_52,Group_37,Group_42,Group_8
User_3551 Surname_3551;Marketing;Director;Group_7,Group_57,Group_78,Group_10,Group_31,Group_4,Group_16
User_3552 Surname_3552;Operations;VP;Group_8,Group_99,Group_89,Group_61,Group_91,Group_74,Group_43
User_3553 Surname_3553;IT;Intern;Group_32,Group_75,Group_100,Group_51,Group_36
User_3554 Surname_3554;IT;Intern;Group_42,Group_87,Group_96,Group_23,Group_95,Group_92,Group_62,Group_9,Group_28
User_3555 Surname_3555;Sales;Director;Group_81,Group_60,Group_62,Group_86
User_3556 Surname_3556;Support;Analyst;Group_55,Group_91,Group_20
User_3557 Surname_3557;HR;VP;Group_81,Group_19
User_3558 Surname_3558;Operations;Director;Group_38,Group_42,Group_1,Group_34,Group_23,Group_61,Group_6,Group_62,Group_39
User_3559 Surname_3559;Engineering;Manager;Group_94,Group_55,Group_70,Group_22
User_3560 Surname_3560;Marketing;Director;Group_76,Group_23,Group_91,Group_42,Group_65
User_3561 Surname_3561;Engineering;Director;Group_11,Group_65,Group_91,Group_49,Group_10,Group_82,Group_27
User_3562 Surname_3562;Sales;Manager;Group_50,Group_89,Group_77,Group_34,Group_12,Group_2,Group_65,Group_79,Group_67,Group_78
User_3563 Surname_3563;IT;Director;Group_84,Group_21,Group_63,Group_33,Group_29,Group_91,Group_81,Group_5,Group_36,Group_73
User_3564 Surname_3564;Marketing;Director;Group_33,Group_76,Group_90,Group_26,Group_35,Group_64,Group_46
User_3565 Surname_3565;HR;VP;Group_14,Group_86,Group_88,Group_32,Group_75,Group_90,Group_85,Group_52
User_3566 Surname_3566;Marketing;VP;Group_39,Group_40,Group_61,Group_71,Group_82
User_3567 Surname_3567;Engineering;Associate;Group_27,Group_78,Group_91,Group_45,Group_99,Group_32,Group_58
User_3568 Surname_3568;Legal;Associate;Group_19,Group_71,Group_90,Group_97,Group_13,Group_33
User_3569 Surname_3569;Support;Intern;Group_55,Group_85,Group_57
User_3570 Surname_3570;Product;Intern;Group_99,Group_75,Group_29,Group_17,Group_23,Group_77,Group_40,Group_52,Group_98
User_3571 Surname_3571;HR;Associate;Group_28,Group_6,Group_88,Group_43
User_3572 Surname_3572;Legal;Analyst;Group_88,Group_71,Group_58,Group_72,Group_51,Group_54,Group_36,Group_28,Group_12,Group_19
User_3573 Surname_3573;Marketing;VP;Group_38,Group_67,Group_31,Group_3,Group_39
User_3574 Surname_3574;Support;Associate;Group_70,Group_74,Group_4,Group_20,Group_14,Group_91,Group_19,Group_17
User_3575 Surname_3575;HR;Intern;Group_38,Group_53,Group_90,Group_10,Group_81,Group_52,Group_69
User_3576 Surname_3576;Legal;Associate;Group_58,Group_60,Group_44,Group_83,Group_56
User_3577 Surname_3577;Support;Intern;Group_46,Group_3,Group_23,Group_100,Group_83,Group_53,Group_34,Group_81,Group_97
User_3578 Surname_3578;Operations;Associate;Group_39,Group_100,Group_83,Group_62,Group_4,Group_78,Group_21
User_3579 Surname_3579;Support;Intern;Group_33,Group_96,Group_45,Group_75,Group_16,Group_84,Group_79,Group_47,Group_49,Group_10
User_3580 Surname_3580;IT;Manager;Group_44,Group_99,Group_66,Group_28,Group_20,Group_11,Group_80
User_3581 Surname_3581;Finance;Manager;Group_64,Group_68,Group_51,Group_10,Group_3,Group_28,Group_7,Group_91
User_3582 Surname_3582;Marketing;Analyst;Group_1,Group_26,Group_44
User_3583 Surname_3583;Operations;Director;Group_7,Group_4
User_3584 Surname_3584;Finance;Manager;Group_6,Group_90,Group_80
User_3585 Surname_3585;Support;Associate;Group_24,Group_81,Group_39,Group_92
User_3586 Surname_3586;Sales;Analyst;Group_61,Group_89,Group_68,Group_91,Group_38,Group_78,Group_62,Group_16,Group_50
User_3587 Surname_3587;Marketing;Manager;Group_2,Group_26,Group_19,Group_43,Group_77,Group_99,Group_66,Group_25,Group_95,Group_8
User_3588 Surname_3588;Sales;Associate;Group_59,Group_84,Group_37,Group_36,Group_82,Group_32
User_3589 Surname_3589;IT;Manager;Group_47,Group_55,Group_52,Group_21,Group_37,Group_70,Group_82
User_3590 Surname_3590;Marketing;Analyst;Group_60,Group_26
User_3591 Surname_3591;Operations;Analyst;Group_14,Group_20,Group_81,Group_99,Group_27,Group_55,Group_30
User_3592 Surname_3592;Legal;Analyst;Group_47,Group_61,Group_22,Group_71,Group_99,Group_19,Group_89,Group_70,Group_60
User_3593 Surname_3593;Engineering;Analyst;Group_82,Group_15,Group_60,Group_12,Group_84
User_3594 Surname_3594;Legal;Manager;Group_14,Group_77
User_3595 Surname_3595;IT;Analyst;Group_31,Group_58,Group_40,Group_81,Group_98,Group_9,Group_92,Group_49,Group_86,Group_50
User_3596 Surname_3596;Operations;Intern;Group_52,Group_75,Group_13,Group_71
User_3597 Surname_3597;IT;Analyst;Group_76,Group_21,Group_72,Group_59,Group_23,Group_54,Group_17
User_3598 Surname_3598;Marketing;Manager;Group_61,Group_73,Group_47,Group_9,Group_59,Group_17
User_3599 Surname_3599;Marketing;Intern;Group_17,Group_58,Group_61,Group_9,Group_43,Group_54
User_3600 Surname_3600;IT;Intern;Group_33,Group_77,Group_37,Group_18,Group_21,Group_25,Group_100,Group_97,Group_71
User_3601 Surname_3601;Product;Director;Group_62,Group_32,Group_84,Group_36
User_3602 Surname_3602;Operations;Associate;Group_5,Group_79,Group_8,Group_57,Group_40,Group_37
User_3603 Surname_3603;Operations;Intern;Group_42,Group_43,Group_65
User_3604 Surname_3604;Operations;Associate;Group_35,Group_95,Group_84,Group_37
User_3605 Surname_3605;HR;Manager;Group_87,Group_52,Group_37,Group_23,Group_16
User_3606 Surname_3606;Engineering;VP;Group_100,Group_47,Group_32,Group_20,Group_12,Group_2,Group_55,Group_33,Group_30,Group_35
User_3607 Surname_3607;Product;Intern;Group_95,Group_43,Group_76,Group_68,Group_36,Group_34,Group_23,Group_24,Group_62
User_3608 Surname_3608;Operations;Analyst;Group_37,Group_78
User_3609 Surname_3609;IT;Associate;Group_81,Group_39
User_3610 Surname_3610;Legal;Intern;Group_33,Group_84,Group_85,Group_98,Group_89
User_3611 Surname_3611;Marketing;Intern;Group_92,Group_20,Group_14
User_3612 Surname_3612;Finance;Analyst;Group_87,Group_73,Group_9,Group_26,Group_84,Group_83,Group_90,Group_60,Group_54
User_3613 Surname_3613;Finance;Analyst;Group_14,Group_1,Group_19,Group_90,Group_93,Group_25
User_3614 Surname_3614;Operations;Director;Group_54,Group_24,Group_15
User_3615 Surname_3615;Product;Director;Group_18,Group_100,Group_56,Group_19,Group_58
User_3616 Surname_3616;Product;Director;Group_62,Group_9,Group_95
User_3617 Surname_3617;Finance;VP;Group_85,Group_8
User_3618 Surname_3618;Operations;Manager;Group_88,Group_90,Group_83
User_3619 Surname_3619;Finance;Director;Group_39,Group_100,Group_14,Group_13,Group_51,Group_16,Group_29,Group_85,Group_36,Group_17
User_3620 Surname_3620;Support;Intern;Group_14,Group_11,Group_70,Group_66,Group_69,Group_30,Group_76,Group_72
User_3621 Surname_3621;HR;Manager;Group_67,Group_77,Group_91,Group_50
User_3622 Surname_3622;Operations;Manager;Group_8,Group_32,Group_24,Group_45,Group_15,Group_21,Group_37,Group_71,Group_91
User_3623 Surname_3623;Operations;Associate;Group_74,Group_66,Group_17,Group_94
User_3624 Surname_3624;IT;Analyst;Group_38,Group_12,Group_76,Group_58,Group_86,Group_57
User_3625 Surname_3625;HR;Intern;Group_76,Group_28,Group_91,Group_40
User_3626 Surname_3626;Finance;Director;Group_60,Group_59,Group_52,Group_4,Group_5,Group_80,Group_20,Group_42,Group_6,Group_84
User_3627 Surname_3627;Sales;Intern;Group_58,Group_17,Group_29,Group_14,Group_16
User_3628 Surname_3628;Product;Director;Group_98,Group_93,Group_51,Group_83
User_3629 Surname_3629;Product;VP;Group_8,Group_51,Group_65,Group_60,Group_45,Group_39
User_3630 Surname_3630;Legal;Analyst;Group_47,Group_25
User_3631 Surname_3631;Product;Intern;Group_62,Group_78,Group_18,Group_57
User_3632 Surname_3632;IT;Analyst;Group_46,Group_58,Group_84,Group_25,Group_11
User_3633 Surname_3633;Marketing;Intern;Group_27,Group_40,Group_49,Group_4
User_3634 Surname_3634;Marketing;Intern;Group_77,Group_18,Group_20,Group_44,Group_37
User_3635 Surname_3635;HR;Associate;Group_76,Group_34
User_3636 Surname_3636;Engineering;Director;Group_67,Group_92,Group_18,Group_83,Group_47,Group_29,Group_1,Group_12
User_3637 Surname_3637;Finance;VP;Group_91,Group_78,Group_29,Group_99,Group_89,Group_93,Group_87
User_3638 Surname_3638;Legal;Director;Group_24,Group_14,Group_83,Group_12
User_3639 Surname_3639;Marketing;Associate;Group_54,Group_17
User_3640 Surname_3640;Sales;Analyst;Group_6,Group_74,Group_89,Group_22,Group_82,Group_67,Group_62
User_3641 Surname_3641;Engineering;Director;Group_78,Group_19
User_3642 Surname_3642;Sales;Associate;Group_68,Group_60,Group_91,Group_90,Group_52,Group_30,Group_39,Group_29,Group_46
User_3643 Surname_3643;IT;Associate;Group_40,Group_44,Group_69,Group_12,Group_84,Group_70,Group_22,Group_78
User_3644 Surname_3644;Marketing;VP;Group_7,Group_50,Group_34,Group_81,Group_67,Group_37
User_3645 Surname_3645;Sales;Director;Group_56,Group_8,Group_23,Group_77
User_3646 Surname_3646;Operations;Associate;Group_38,Group_13,Group_46,Group_75,Group_63,Group_40,Group_48
User_3647 Surname_3647;Operations;Associate;Group_33,Group_69
User_3648 Surname_3648;Operations;Intern;Group_96,Group_11,Group_5,Group_29
User_3649 Surname_3649;Sales;VP;Group_73,Group_22,Group_15,Group_97,Group_87,Group_79
User_3650 Surname_3650;Legal;Associate;Group_49,Group_63,Group_43,Group_69,Group_33,Group_84,Group_75,Group_67
User_3651 Surname_3651;Operations;Manager;Group_87,Group_15
User_3652 Surname_3652;Operations;Manager;Group_16,Group_87,Group_18,Group_34,Group_5
User_3653 Surname_3653;Support;Analyst;Group_34,Group_89,Group_38,Group_16,Group_64,Group_23,Group_81,Group_78,Group_90,Group_7
User_3654 Surname_3654;Finance;Analyst;Group_32,Group_41,Group_50,Group_55,Group_71,Group_45,Group_9,Group_85,Group_38,Group_68
User_3655 Surname_3655;Engineering;Associate;Group_43,Group_46,Group_94,Group_35,Group_24,Group_58,Group_59,Group_32
User_3656 Surname_3656;Product;Director;Group_37,Group_46,Group_10,Group_87,Group_85,Group_19,Group_53
User_3657 Surname_3657;Legal;Associate;Group_90,Group_20
User_3658 Surname_3658;Product;Director;Group_17,Group_83,Group_60,Group_26,Group_12,Group_89,Group_51,Group_81,Group_90
User_3659 Surname_3659;Operations;Analyst;Group_71,Group_20,Group_90,Group_28,Group_77,Group_89,Group_13
User_3660 Surname_3660;HR;Analyst;Group_34,Group_4,Group_75,Group_35,Group_59,Group_74,Group_32,Group_97
User_3661 Surname_3661;Support;Intern;Group_84,Group_17,Group_33,Group_8,Group_63
User_3662 Surname_3662;Support;Manager;Group_81,Group_45,Group_92,Group_84,Group_70
User_3663 Surname_3663;Engineering;Associate;Group_26,Group_93,Group_91,Group_59,Group_80,Group_88,Group_25,Group_68,Group_21
User_3664 Surname_3664;Finance;Analyst;Group_16,Group_63,Group_13,Group_62,Group_79,Group_26
User_3665 Surname_3665;Engineering;Associate;Group_64,Group_61,Group_6,Group_46
User_3666 Surname_3666;Engineering;Analyst;Group_29,Group_3,Group_91,Group_19,Group_63,Group_71,Group_79,Group_57,Group_1
User_3667 Surname_3667;HR;VP;Group_21,Group_15,Group_61,Group_43,Group_34,Group_74,Group_26,Group_70
User_3668 Surname_3668;IT;Director;Group_82,Group_1,Group_21,Group_5,Group_65,Group_15,Group_33,Group_47
User_3669 Surname_3669;IT;VP;Group_60,Group_34,Group_99
User_3670 Surname_3670;Operations;Analyst;Group_7,Group_65,Group_97,Group_68,Group_69,Group_14,Group_29,Group_38,Group_87
User_3671 Surname_3671;Operations;Analyst;Group_8,Group_37,Group_98,Group_42,Group_11,Group_49,Group_55,Group_32,Group_31
User_3672 Surname_3672;Sales;VP;Group_80,Group_41,Group_30,Group_71,Group_58,Group_35,Group_97
User_3673 Surname_3673;HR;Analyst;Group_55,Group_67,Group_81,Group_85,Group_87,Group_4,Group_11,Group_60,Group_77,Group_68
User_3674 Surname_3674;Operations;Associate;Group_72,Group_50,Group_65,Group_29
User_3675 Surname_3675;Support;VP;Group_92,Group_80,Group_38,Group_29
User_3676 Surname_3676;Sales;Manager;Group_13,Group_48,Group_39,Group_14,Group_94,Group_25,Group_27,Group_60
User_3677 Surname_3677;Product;VP;Group_7,Group_15,Group_22,Group_50,Group_94,Group_62,Group_27
User_3678 Surname_3678;HR;VP;Group_84,Group_92,Group_23,Group_80,Group_82,Group_40,Group_1
User_3679 Surname_3679;Legal;Director;Group_59,Group_73,Group_100,Group_92,Group_26,Group_17,Group_24,Group_33,Group_48,Group_9
User_3680 Surname_3680;Operations;Analyst;Group_30,Group_5,Group_70,Group_10,Group_74,Group_22
User_3681 Surname_3681;Operations;Director;Group_65,Group_71,Group_54,Group_29,Group_52,Group_20,Group_92,Group_83,Group_2
User_3682 Surname_3682;Operations;Intern;Group_99,Group_74,Group_27,Group_86,Group_44,Group_24,Group_3,Group_95,Group_85,Group_73
User_3683 Surname_3683;Legal;Manager;Group_60,Group_61,Group_13,Group_76,Group_17,Group_10,Group_36
User_3684 Surname_3684;Marketing;Director;Group_14,Group_76,Group_70,Group_18,Group_33
User_3685 Surname_3685;Support;Analyst;Group_96,Group_59,Group_79,Group_45,Group_43,Group_44,Group_12,Group_32,Group_28,Group_39
User_3686 Surname_3686;Sales;Manager;Group_39,Group_61,Group_25,Group_20,Group_28,Group_92
User_3687 Surname_3687;HR;Manager;Group_70,Group_75,Group_43,Group_63,Group_72,Group_91,Group_26,Group_11,Group_12
User_3688 Surname_3688;Marketing;Director;Group_77,Group_38,Group_65,Group_17,Group_20
User_3689 Surname_3689;Finance;Manager;Group_93,Group_84,Group_41,Group_45,Group_82,Group_38,Group_59
User_3690 Surname_3690;HR;VP;Group_40,Group_8,Group_9,Group_48,Group_22,Group_70,Group_89,Group_79,Group_16
User_3691 Surname_3691;Support;Analyst;Group_70,Group_6,Group_41,Group_91,Group_48,Group_19,Group_13
User_3692 Surname_3692;Finance;Intern;Group_9,Group_38,Group_67,Group_92,Group_77
User_3693 Surname_3693;HR;Analyst;Group_83,Group_15,Group_12,Group_66,Group_7,Group_88,Group_46,Group_5,Group_85,Group_60
User_3694 Surname_3694;Operations;Director;Group_23,Group_42,Group_91,Group_53,Group_55,Group_54,Group_52
User_3695 Surname_3695;Finance;Analyst;Group_72,Group_96,Group_73,Group_6,Group_8,Group_48
User_3696 Surname_3696;Support;Manager;Group_98,Group_35,Group_71,Group_42,Group_66,Group_91
User_3697 Surname_3697;Finance;VP;Group_48,Group_37,Group_35,Group_8,Group_85,Group_98
User_3698 Surname_3698;Marketing;Analyst;Group_100,Group_70,Group_69,Group_85,Group_59,Group_80
User_3699 Surname_3699;Sales;Associate;Group_17,Group_11,Group_91,Group_36
User_3700 Surname_3700;Marketing;Director;Group_7,Group_28,Group_90
User_3701 Surname_3701;Engineering;VP;Group_47,Group_73,Group_88,Group_69,Group_65,Group_87,Group_10,Group_13,Group_25
User_3702 Surname_3702;Legal;VP;Group_69,Group_59,Group_64,Group_71,Group_94,Group_55,Group_54
User_3703 Surname_3703;Sales;Associate;Group_92,Group_21,Group_10,Group_89,Group_72,Group_28,Group_36,Group_19
User_3704 Surname_3704;Support;Intern;Group_54,Group_46,Group_51,Group_55,Group_65,Group_85,Group_97,Group_86
User_3705 Surname_3705;Support;Manager;Group_28,Group_97,Group_31,Group_76,Group_65,Group_89,Group_47,Group_86,Group_14,Group_16
User_3706 Surname_3706;IT;Associate;Group_35,Group_81,Group_23,Group_29,Group_91,Group_16,Group_48
User_3707 Surname_3707;Support;Manager;Group_66,Group_33,Group_97,Group_98,Group_9,Group_36,Group_89,Group_39
User_3708 Surname_3708;Product;Director;Group_34,Group_54,Group_98,Group_10,Group_36,Group_78,Group_22
User_3709 Surname_3709;Finance;Manager;Group_90,Group_3,Group_82,Group_31,Group_32,Group_56,Group_11
User_3710 Surname_3710;Support;Associate;Group_47,Group_54,Group_18,Group_92,Group_61,Group_85,Group_86
User_3711 Surname_3711;IT;Associate;Group_27,Group_58,Group_69,Group_92,Group_17
User_3712 Surname_3712;Sales;Analyst;Group_44,Group_56,Group_76,Group_53,Group_33,Group_54,Group_42,Group_16,Group_97
User_3713 Surname_3713;Marketing;Manager;Group_33,Group_74,Group_62,Group_93
User_3714 Surname_3714;Marketing;Associate;Group_18,Group_72,Group_95
User_3715 Surname_3715;HR;Analyst;Group_2,Group_43,Group_73,Group_64
User_3716 Surname_3716;Engineering;Associate;Group_20,Group_50
User_3717 Surname_3717;Product;Manager;Group_55,Group_2,Group_46,Group_22
User_3718 Surname_3718;Sales;VP;Group_42,Group_46,Group_12,Group_89,Group_22,Group_57,Group_100,Group_62,Group_99,Group_16
User_3719 Surname_3719;HR;Director;Group_85,Group_80,Group_94,Group_36,Group_69,Group_31,Group_47,Group_25
User_3720 Surname_3720;Legal;VP;Group_72,Group_96,Group_37
User_3721 Surname_3721;Finance;Manager;Group_17,Group_43,Group_78,Group_16,Group_94,Group_1,Group_91
User_3722 Surname_3722;Engineering;VP;Group_79,Group_49,Group_8,Group_36,Group_15,Group_78,Group_65
User_3723 Surname_3723;Operations;Analyst;Group_97,Group_67,Group_19,Group_49,Group_23
User_3724 Surname_3724;Product;VP;Group_21,Group_75,Group_69,Group_25,Group_40,Group_65,Group_17
User_3725 Surname_3725;Sales;VP;Group_90,Group_3,Group_78,Group_48,Group_95,Group_18,Group_63,Group_92
User_3726 Surname_3726;IT;Director;Group_88,Group_20
User_3727 Surname_3727;HR;Manager;Group_28,Group_39,Group_75,Group_81,Group_54,Group_38,Group_21
User_3728 Surname_3728;HR;Associate;Group_93,Group_15,Group_49,Group_6,Group_61,Group_79,Group_100,Group_95
User_3729 Surname_3729;Sales;Intern;Group_61,Group_53,Group_34,Group_74,Group_69,Group_11,Group_32,Group_41,Group_16
User_3730 Surname_3730;Legal;Associate;Group_26,Group_78,Group_72,Group_53,Group_2,Group_94,Group_81,Group_10
User_3731 Surname_3731;Operations;Associate;Group_60,Group_27,Group_10,Group_77,Group_3,Group_61,Group_97,Group_52,Group_58
User_3732 Surname_3732;Engineering;Intern;Group_43,Group_5,Group_52,Group_48,Group_36
User_3733 Surname_3733;Engineering;Associate;Group_64,Group_16,Group_5,Group_14,Group_68,Group_37,Group_56,Group_100,Group_79
User_3734 Surname_3734;Finance;Director;Group_37,Group_94,Group_4,Group_87
User_3735 Surname_3735;Product;Director;Group_61,Group_67
User_3736 Surname_3736;Marketing;Intern;Group_9,Group_80,Group_77,Group_74,Group_25,Group_11,Group_84,Group_92
User_3737 Surname_3737;Marketing;Analyst;Group_61,Group_100,Group_59,Group_18,Group_48,Group_68,Group_81,Group_97,Group_30
User_3738 Surname_3738;Operations;Associate;Group_38,Group_88,Group_33,Group_78,Group_10,Group_52,Group_90,Group_53,Group_19,Group_67
User_3739 Surname_3739;Marketing;Manager;Group_27,Group_31,Group_24,Group_40,Group_18,Group_57,Group_89,Group_45,Group_52,Group_26
User_3740 Surname_3740;Finance;Analyst;Group_66,Group_99,Group_37,Group_5,Group_94,Group_55,Group_18
User_3741 Surname_3741;Product;Manager;Group_61,Group_42,Group_25
User_3742 Surname_3742;Marketing;Manager;Group_94,Group_75,Group_80,Group_39,Group_95,Group_61,Group_86
User_3743 Surname_3743;Sales;VP;Group_94,Group_53,Group_95,Group_52,Group_64
User_3744 Surname_3744;HR;Intern;Group_42,Group_85
User_3745 Surname_3745;Operations;Associate;Group_35,Group_81,Group_11,Group_24,Group_5,Group_55,Group_97
User_3746 Surname_3746;Marketing;VP;Group_47,Group_19
User_3747 Surname_3747;Sales;Associate;Group_81,Group_20,Group_82,Group_44,Group_1,Group_52,Group_42,Group_7,Group_39
User_3748 Surname_3748;Product;VP;Group_91,Group_59
User_3749 Surname_3749;HR;Director;Group_96,Group_13,Group_98,Group_11,Group_65,Group_2,Group_14,Group_20
User_3750 Surname_3750;Support;Analyst;Group_83,Group_57,Group_92,Group_69,Group_11
User_3751 Surname_3751;Marketing;Associate;Group_41,Group_99,Group_66,Group_5,Group_97,Group_27,Group_37,Group_76
User_3752 Surname_3752;Product;VP;Group_61,Group_44,Group_53
User_3753 Surname_3753;Marketing;Associate;Group_69,Group_24,Group_52,Group_10,Group_25,Group_83,Group_56,Group_32,Group_89
User_3754 Surname_3754;HR;Manager;Group_85,Group_21,Group_11,Group_44,Group_76,Group_18,Group_40,Group_4
User_3755 Surname_3755;Sales;VP;Group_22,Group_84,Group_31,Group_19,Group_72,Group_38,Group_10
User_3756 Surname_3756;Finance;Associate;Group_19,Group_35
User_3757 Surname_3757;Legal;Associate;Group_36,Group_38,Group_83,Group_42,Group_95,Group_45
User_3758 Surname_3758;Finance;Intern;Group_20,Group_27,Group_92,Group_12,Group_66,Group_98,Group_72,Group_18,Group_90,Group_4
User_3759 Surname_3759;Product;Intern;Group_27,Group_88,Group_84,Group_75,Group_14
User_3760 Surname_3760;Engineering;Associate;Group_100,Group_97,Group_76,Group_98,Group_60,Group_81,Group_72,Group_34
User_3761 Surname_3761;Engineering;Analyst;Group_65,Group_18,Group_23,Group_42,Group_39
User_3762 Surname_3762;Product;VP;Group_23,Group_60,Group_65
User_3763 Surname_3763;IT;Associate;Group_61,Group_92,Group_7,Group_60
User_3764 Surname_3764;HR;VP;Group_6,Group_60,Group_91,Group_94,Group_92,Group_40,Group_71,Group_18
User_3765 Surname_3765;Finance;Manager;Group_5,Group_15,Group_52
User_3766 Surname_3766;HR;Intern;Group_50,Group_95,Group_85,Group_97,Group_48
User_3767 Surname_3767;Support;Associate;Group_13,Group_2
User_3768 Surname_3768;Legal;Associate;Group_62,Group_40,Group_10,Group_37
User_3769 Surname_3769;Engineering;Associate;Group_84,Group_53,Group_15,Group_9,Group_62,Group_81,Group_25
User_3770 Surname_3770;Legal;Director;Group_98,Group_8,Group_16,Group_32
User_3771 Surname_3771;Finance;Manager;Group_70,Group_11,Group_23,Group_60,Group_79,Group_4,Group_80,Group_64,Group_85
User_3772 Surname_3772;Product;Director;Group_84,Group_51,Group_25,Group_66,Group_1
User_3773 Surname_3773;Support;Associate;Group_14,Group_98,Group_35,Group_15,Group_62
User_3774 Surname_3774;Support;VP;Group_22,Group_81,Group_90,Group_9,Group_74
User_3775 Surname_3775;HR;Analyst;Group_92,Group_17
User_3776 Surname_3776;Marketing;Intern;Group_87,Group_84,Group_1,Group_81,Group_69,Group_9,Group_33
User_3777 Surname_3777;Engineering;Analyst;Group_71,Group_68,Group_8,Group_6,Group_50,Group_73,Group_57,Group_23
User_3778 Surname_3778;Support;Associate;Group_28,Group_97,Group_46,Group_20
User_3779 Surname_3779;HR;VP;Group_51,Group_87
User_3780 Surname_3780;Finance;VP;Group_94,Group_18,Group_44,Group_75,Group_62,Group_91,Group_35,Group_61
User_3781 Surname_3781;Finance;Intern;Group_71,Group_35
User_3782 Surname_3782;Support;Associate;Group_2,Group_20,Group_97
User_3783 Surname_3783;Product;Manager;Group_28,Group_88,Group_6
User_3784 Surname_3784;Finance;Analyst;Group_93,Group_91,Group_64
User_3785 Surname_3785;Marketing;Analyst;Group_61,Group_24,Group_96,Group_63,Group_17,Group_29
User_3786 Surname_3786;Marketing;Analyst;Group_30,Group_86,Group_44,Group_43,Group_29,Group_94,Group_18
User_3787 Surname_3787;Marketing;Associate;Group_54,Group_89,Group_77,Group_31,Group_17,Group_44,Group_84
User_3788 Surname_3788;Product;Director;Group_40,Group_53,Group_66,Group_24,Group_28,Group_68
User_3789 Surname_3789;HR;Intern;Group_25,Group_92,Group_85,Group_65,Group_97,Group_29,Group_22
User_3790 Surname_3790;Operations;Associate;Group_98,Group_50,Group_47,Group_51
User_3791 Surname_3791;Engineering;Director;Group_61,Group_63,Group_98,Group_79,Group_85,Group_26
User_3792 Surname_3792;Operations;VP;Group_9,Group_42,Group_48
User_3793 Surname_3793;HR;Associate;Group_23,Group_98,Group_62,Group_38,Group_69,Group_33,Group_77,Group_97
User_3794 Surname_3794;Marketing;Director;Group_23,Group_100,Group_15,Group_79,Group_49,Group_56,Group_2,Group_36
User_3795 Surname_3795;IT;Analyst;Group_70,Group_16,Group_68,Group_91,Group_41,Group_85,Group_58
User_3796 Surname_3796;Operations;Intern;Group_66,Group_13,Group_22
User_3797 Surname_3797;Product;Associate;Group_87,Group_72
User_3798 Surname_3798;IT;Manager;Group_7,Group_35,Group_71,Group_98,Group_54,Group_89,Group_1
User_3799 Surname_3799;Marketing;Associate;Group_70,Group_89,Group_87,Group_68,Group_41,Group_46,Group_80,Group_3,Group_97
User_3800 Surname_3800;Product;Director;Group_50,Group_92,Group_58,Group_16,Group_9,Group_42,Group_60,Group_94
User_3801 Surname_3801;Product;Manager;Group_95,Group_25,Group_54,Group_48,Group_46
User_3802 Surname_3802;Sales;Manager;Group_44,Group_42,Group_4,Group_96,Group_46,Group_91,Group_3,Group_92
User_3803 Surname_3803;Operations;Director;Group_7,Group_58,Group_11,Group_1,Group_92,Group_48,Group_24,Group_6,Group_98,Group_29
User_3804 Surname_3804;Support;VP;Group_49,Group_54,Group_72,Group_26,Group_85,Group_24,Group_91
User_3805 Surname_3805;Operations;Director;Group_25,Group_44,Group_35
User_3806 Surname_3806;Support;Director;Group_70,Group_14,Group_55,Group_25,Group_27,Group_3,Group_84
User_3807 Surname_3807;Product;Analyst;Group_97,Group_73,Group_90,Group_18,Group_8,Group_3
User_3808 Surname_3808;Engineering;Associate;Group_14,Group_89,Group_77,Group_7,Group_82,Group_59
User_3809 Surname_3809;Legal;Director;Group_30,Group_38,Group_26,Group_11,Group_48,Group_13,Group_16,Group_81,Group_39,Group_28
User_3810 Surname_3810;Sales;Associate;Group_95,Group_96,Group_49,Group_7,Group_24,Group_46
User_3811 Surname_3811;Finance;Intern;Group_69,Group_76,Group_74
User_3812 Surname_3812;Engineering;Analyst;Group_14,Group_79,Group_28
User_3813 Surname_3813;Sales;Analyst;Group_68,Group_65,Group_33,Group_86,Group_84,Group_75,Group_15,Group_99,Group_3
User_3814 Surname_3814;IT;Analyst;Group_87,Group_86,Group_70,Group_27,Group_46
User_3815 Surname_3815;HR;Associate;Group_20,Group_80,Group_94,Group_66,Group_21
User_3816 Surname_3816;IT;Intern;Group_82,Group_67,Group_75,Group_58,Group_54,Group_6,Group_80,Group_59,Group_87,Group_20
User_3817 Surname_3817;Sales;Associate;Group_20,Group_91,Group_14,Group_98,Group_39
User_3818 Surname_3818;Product;Associate;Group_57,Group_72,Group_42,Group_28,Group_77,Group_1
User_3819 Surname_3819;Engineering;Associate;Group_69,Group_50,Group_5,Group_81
User_3820 Surname_3820;Engineering;Manager;Group_4,Group_76,Group_62,Group_34,Group_31,Group_51
User_3821 Surname_3821;IT;Intern;Group_4,Group_31,Group_79,Group_60,Group_80,Group_73
User_3822 Surname_3822;IT;Intern;Group_53,Group_44
User_3823 Surname_3823;Sales;Analyst;Group_16,Group_30,Group_20
User_3824 Surname_3824;Support;Director;Group_26,Group_28,Group_3,Group_77,Group_25,Group_9,Group_86,Group_11
User_3825 Surname_3825;Support;Analyst;Group_20,Group_45,Group_87,Group_4
User_3826 Surname_3826;Engineering;Analyst;Group_50,Group_82,Group_31,Group_73
User_3827 Surname_3827;Legal;VP;Group_57,Group_6,Group_15,Group_19,Group_12
User_3828 Surname_3828;Finance;Analyst;Group_68,Group_75,Group_89,Group_1,Group_41,Group_91,Group_6
User_3829 Surname_3829;Marketing;Manager;Group_33,Group_36,Group_87,Group_38,Group_57,Group_49,Group_70,Group_24,Group_44,Group_52
User_3830 Surname_3830;HR;Intern;Group_44,Group_92,Group_11,Group_12,Group_25,Group_27,Group_47,Group_52
User_3831 Surname_3831;Engineering;Manager;Group_70,Group_96,Group_64,Group_76,Group_31
User_3832 Surname_3832;Engineering;Director;Group_12,Group_99,Group_18,Group_93
User_3833 Surname_3833;Operations;Director;Group_14,Group_18,Group_69,Group_74,Group_16,Group_95,Group_91
User_3834 Surname_3834;Product;Analyst;Group_30,Group_66,Group_89,Group_92,Group_27,Group_26,Group_55,Group_4,Group_22,Group_16
User_3835 Surname_3835;Engineering;Director;Group_15,Group_29,Group_43
User_3836 Surname_3836;Sales;Manager;Group_28,Group_3,Group_86,Group_78,Group_9,Group_61,Group_25
User_3837 Surname_3837;Product;VP;Group_31,Group_91,Group_88,Group_64,Group_37,Group_39,Group_22
User_3838 Surname_3838;Operations;Director;Group_16,Group_34,Group_43,Group_50,Group_33,Group_65,Group_28,Group_64,Group_73
User_3839 Surname_3839;Product;Intern;Group_71,Group_34,Group_19,Group_87,Group_95,Group_85,Group_55,Group_4,Group_82,Group_62
User_3840 Surname_3840;Operations;VP;Group_23,Group_31,Group_36
User_3841 Surname_3841;Product;Analyst;Group_72,Group_44,Group_92,Group_40,Group_98,Group_25,Group_76,Group_88
User_3842 Surname_3842;Product;Associate;Group_12,Group_82,Group_84,Group_65
User_3843 Surname_3843;IT;Intern;Group_53,Group_33,Group_64,Group_87,Group_69,Group_59,Group_60
User_3844 Surname_3844;Finance;Associate;Group_20,Group_30,Group_4,Group_67,Group_39,Group_33,Group_13,Group_17
User_3845 Surname_3845;Legal;Analyst;Group_12,Group_33,Group_25,Group_16,Group_7,Group_55,Group_50,Group_42,Group_60
User_3846 Surname_3846;IT;Analyst;Group_41,Group_27,Group_63,Group_73,Group_28,Group_10,Group_1,Group_31
User_3847 Surname_3847;Marketing;Director;Group_81,Group_46,Group_12,Group_75,Group_89,Group_64,Group_56,Group_62
User_3848 Surname_3848;IT;Analyst;Group_36,Group_66,Group_56,Group_59
User_3849 Surname_3849;Sales;Manager;Group_30,Group_39,Group_38
User_3850 Surname_3850;Finance;Director;Group_19,Group_96,Group_95,Group_11,Group_2
User_3851 Surname_3851;Sales;VP;Group_64,Group_49,Group_39,Group_14,Group_24,Group_43,Group_66,Group_84
User_3852 Surname_3852;Sales;Analyst;Group_12,Group_18
User_3853 Surname_3853;Operations;Intern;Group_57,Group_26,Group_36,Group_61,Group_52,Group_71,Group_58,Group_54,Group_88,Group_13
User_3854 Surname_3854;HR;Analyst;Group_64,Group_37,Group_14,Group_16,Group_66,Group_96,Group_77,Group_6,Group_38,Group_55
User_3855 Surname_3855;Engineering;Intern;Group_96,Group_10,Group_70,Group_53
User_3856 Surname_3856;Operations;Analyst;Group_18,Group_67,Group_58,Group_48,Group_9,Group_90,Group_62,Group_41
User_3857 Surname_3857;Support;Director;Group_99,Group_9,Group_84,Group_79,Group_6,Group_82,Group_71
User_3858 Surname_3858;Support;Manager;Group_96,Group_95,Group_22,Group_68
User_3859 Surname_3859;Finance;Analyst;Group_24,Group_72,Group_56,Group_30,Group_68,Group_85,Group_54,Group_49,Group_87,Group_43
User_3860 Surname_3860;Marketing;VP;Group_78,Group_62,Group_71,Group_10,Group_4,Group_94,Group_74,Group_98,Group_53,Group_66
User_3861 Surname_3861;Finance;Manager;Group_47,Group_68,Group_41,Group_26,Group_58,Group_98,Group_66,Group_2
User_3862 Surname_3862;Support;Manager;Group_37,Group_58,Group_99,Group_42
User_3863 Surname_3863;IT;Manager;Group_79,Group_44,Group_39
User_3864 Surname_3864;HR;Manager;Group_37,Group_80,Group_67,Group_25
User_3865 Surname_3865;Sales;Intern;Group_96,Group_60,Group_83
User_3866 Surname_3866;Engineering;Analyst;Group_28,Group_18,Group_47,Group_75,Group_69,Group_77,Group_99
User_3867 Surname_3867;HR;Director;Group_12,Group_39,Group_41,Group_84,Group_21
User_3868 Surname_3868;Engineering;Manager;Group_48,Group_70,Group_88,Group_64,Group_59,Group_14,Group_25,Group_98,Group_18
User_3869 Surname_3869;Finance;Director;Group_62,Group_48,Group_60,Group_72
User_3870 Surname_3870;Marketing;Analyst;Group_24,Group_48,Group_30,Group_14,Group_45,Group_28,Group_46,Group_91
User_3871 Surname_3871;Sales;VP;Group_34,Group_47,Group_92,Group_88,Group_44,Group_37
User_3872 Surname_3872;Product;Manager;Group_84,Group_53
User_3873 Surname_3873;Legal;VP;Group_26,Group_92,Group_22,Group_73,Group_85,Group_58,Group_84,Group_42,Group_83,Group_93
User_3874 Surname_3874;Legal;Associate;Group_92,Group_54,Group_66,Group_91,Group_68,Group_93,Group_45
User_3875 Surname_3875;HR;Associate;Group_61,Group_53,Group_91,Group_10,Group_34,Group_9,Group_5,Group_65,Group_79
User_3876 Surname_3876;Marketing;Director;Group_81,Group_98,Group_44,Group_87,Group_88,Group_9,Group_47,Group_72,Group_46
User_3877 Surname_3877;Product;Associate;Group_93,Group_31,Group_4
User_3878 Surname_3878;Sales;Manager;Group_60,Group_7,Group_71,Group_47
User_3879 Surname_3879;Finance;Manager;Group_33,Group_72,Group_60,Group_40,Group_91,Group_93,Group_77,Group_55,Group_35
User_3880 Surname_3880;HR;VP;Group_52,Group_83,Group_13
User_3881 Surname_3881;Engineering;Manager;Group_76,Group_68,Group_59,Group_88,Group_97,Group_56,Group_91
User_3882 Surname_3882;Operations;Associate;Group_14,Group_1,Group_78,Group_46
User_3883 Surname_3883;IT;Director;Group_12,Group_23,Group_30,Group_3,Group_74,Group_69,Group_76,Group_49,Group_37,Group_96
User_3884 Surname_3884;Finance;Director;Group_85,Group_66,Group_3,Group_18,Group_38,Group_75,Group_12,Group_59,Group_99,Group_64
User_3885 Surname_3885;HR;Associate;Group_99,Group_79
User_3886 Surname_3886;Operations;Director;Group_30,Group_4,Group_19,Group_32,Group_90,Group_11,Group_46,Group_53
User_3887 Surname_3887;Engineering;Analyst;Group_24,Group_11,Group_46
User_3888 Surname_3888;Engineering;Intern;Group_95,Group_18
User_3889 Surname_3889;Finance;Analyst;Group_67,Group_25,Group_35,Group_9,Group_37,Group_59
User_3890 Surname_3890;Marketing;Director;Group_51,Group_58,Group_100,Group_40
User_3891 Surname_3891;Product;VP;Group_21,Group_10,Group_76,Group_84,Group_13,Group_95,Group_52,Group_42,Group_98
User_3892 Surname_3892;Product;Intern;Group_97,Group_18,Group_4,Group_10,Group_57,Group_81,Group_30,Group_52
User_3893 Surname_3893;HR;Analyst;Group_38,Group_50,Group_22,Group_86,Group_21,Group_36
User_3894 Surname_3894;Support;Director;Group_60,Group_76,Group_50,Group_95,Group_1,Group_86,Group_40,Group_59,Group_48
User_3895 Surname_3895;Marketing;VP;Group_53,Group_56,Group_66,Group_36
User_3896 Surname_3896;IT;Analyst;Group_49,Group_59,Group_58,Group_79,Group_30,Group_16,Group_90
User_3897 Surname_3897;Engineering;Director;Group_89,Group_48,Group_47,Group_8,Group_56,Group_95,Group_80,Group_32,Group_46,Group_70
User_3898 Surname_3898;IT;Intern;Group_86,Group_26
User_3899 Surname_3899;Sales;Analyst;Group_26,Group_4,Group_74,Group_1,Group_52,Group_68,Group_48,Group_79
User_3900 Surname_3900;Operations;Director;Group_77,Group_54,Group_21,Group_27
User_3901 Surname_3901;Marketing;Analyst;Group_71,Group_1,Group_64,Group_30,Group_10,Group_19,Group_34,Group_81,Group_98,Group_65
User_3902 Surname_3902;Finance;VP;Group_14,Group_28,Group_69,Group_92,Group_39,Group_34,Group_35
User_3903 Surname_3903;Support;Director;Group_93,Group_9,Group_15,Group_64,Group_51,Group_69,Group_59,Group_54
User_3904 Surname_3904;Legal;Manager;Group_85,Group_18,Group_39,Group_11,Group_60,Group_89,Group_13,Group_56,Group_96
User_3905 Surname_3905;IT;Associate;Group_2,Group_27,Group_75,Group_82,Group_78,Group_12,Group_55
User_3906 Surname_3906;IT;Associate;Group_62,Group_66
User_3907 Surname_3907;Finance;Intern;Group_98,Group_56,Group_63,Group_54,Group_1
User_3908 Surname_3908;Legal;Associate;Group_76,Group_15,Group_96,Group_37,Group_39,Group_68,Group_92,Group_6,Group_86
User_3909 Surname_3909;Support;Manager;Group_63,Group_64,Group_65,Group_4,Group_42,Group_68
User_3910 Surname_3910;Product;Analyst;Group_29,Group_23,Group_69,Group_57,Group_39,Group_20
User_3911 Surname_3911;Operations;VP;Group_69,Group_18,Group_48,Group_87,Group_34,Group_6,Group_59
User_3912 Surname_3912;Operations;Analyst;Group_31,Group_56
User_3913 Surname_3913;Support;Director;Group_6,Group_47,Group_66
User_3914 Surname_3914;HR;Director;Group_4,Group_55,Group_32,Group_68,Group_47,Group_46,Group_64,Group_39,Group_29,Group_67
User_3915 Surname_3915;Engineering;Manager;Group_3,Group_18,Group_52,Group_42,Group_37,Group_22,Group_94,Group_13,Group_92
User_3916 Surname_3916;IT;Manager;Group_3,Group_66,Group_36,Group_45,Group_8,Group_67,Group_68,Group_15,Group_91
User_3917 Surname_3917;Engineering;Analyst;Group_100,Group_88,Group_14,Group_62,Group_89,Group_33,Group_41,Group_5,Group_80
User_3918 Surname_3918;Operations;Director;Group_95,Group_28,Group_1,Group_93,Group_88,Group_11,Group_30,Group_75
User_3919 Surname_3919;HR;Analyst;Group_14,Group_85,Group_8,Group_35,Group_72,Group_9,Group_63,Group_80,Group_24,Group_100
User_3920 Surname_3920;Finance;Manager;Group_18,Group_97,Group_88,Group_81,Group_86,Group_53
User_3921 Surname_3921;Operations;Associate;Group_36,Group_87,Group_38,Group_76,Group_41
User_3922 Surname_3922;HR;VP;Group_93,Group_73,Group_12,Group_46,Group_88,Group_31,Group_9,Group_16,Group_69
User_3923 Surname_3923;Operations;Intern;Group_48,Group_55,Group_100,Group_23,Group_94
User_3924 Surname_3924;Operations;Analyst;Group_12,Group_62
User_3925 Surname_3925;Product;VP;Group_11,Group_14,Group_93,Group_69,Group_70
User_3926 Surname_3926;Sales;Intern;Group_10,Group_4,Group_97,Group_18,Group_73,Group_75,Group_37,Group_42,Group_19
User_3927 Surname_3927;Finance;Manager;Group_86,Group_27,Group_72,Group_22,Group_58,Group_85,Group_97,Group_75,Group_19,Group_96
User_3928 Surname_3928;Engineering;Associate;Group_38,Group_18,Group_32,Group_45,Group_43,Group_81,Group_41,Group_49,Group_61,Group_17
User_3929 Surname_3929;Marketing;Manager;Group_63,Group_21,Group_83,Group_11,Group_45
User_3930 Surname_3930;Sales;Manager;Group_20,Group_3,Group_4,Group_10,Group_26,Group_53,Group_19,Group_66
User_3931 Surname_3931;IT;Director;Group_37,Group_18,Group_34,Group_49,Group_38,Group_92,Group_14,Group_79,Group_6
User_3932 Surname_3932;Product;Analyst;Group_5,Group_92,Group_57
User_3933 Surname_3933;Marketing;Analyst;Group_99,Group_46,Group_35,Group_50
User_3934 Surname_3934;IT;Manager;Group_30,Group_95,Group_20,Group_56,Group_17,Group_28,Group_50,Group_97
User_3935 Surname_3935;IT;Intern;Group_41,Group_52,Group_55,Group_85,Group_50,Group_48,Group_96,Group_58
User_3936 Surname_3936;Sales;Analyst;Group_41,Group_61,Group_3,Group_39
User_3937 Surname_3937;Sales;Director;Group_97,Group_36,Group_62,Group_48,Group_23,Group_37,Group_13,Group_74,Group_60,Group_11
User_3938 Surname_3938;HR;Manager;Group_2,Group_6,Group_83,Group_95,Group_23,Group_70,Group_59
User_3939 Surname_3939;Operations;VP;Group_14,Group_57
User_3940 Surname_3940;Operations;Intern;Group_17,Group_70,Group_94,Group_93,Group_84,Group_38,Group_7,Group_20,Group_31
User_3941 Surname_3941;IT;Manager;Group_71,Group_39,Group_38,Group_79,Group_77,Group_4,Group_75
User_3942 Surname_3942;IT;Director;Group_30,Group_41,Group_80,Group_88
User_3943 Surname_3943;Engineering;VP;Group_27,Group_10,Group_52,Group_30
User_3944 Surname_3944;Operations;VP;Group_85,Group_5,Group_40
User_3945 Surname_3945;IT;Analyst;Group_93,Group_69
User_3946 Surname_3946;Operations;Director;Group_31,Group_66,Group_93,Group_91,Group_79,Group_28,Group_68,Group_34,Group_95,Group_39
User_3947 Surname_3947;Product;Intern;Group_58,Group_41,Group_38,Group_36,Group_60
User_3948 Surname_3948;Finance;Analyst;Group_60,Group_44
User_3949 Surname_3949;Finance;Associate;Group_47,Group_22,Group_39,Group_4,Group_84,Group_71,Group_93
User_3950 Surname_3950;Engineering;Intern;Group_63,Group_34,Group_72,Group_43,Group_62
User_3951 Surname_3951;IT;Intern;Group_82,Group_38,Group_17
User_3952 Surname_3952;Engineering;Manager;Group_99,Group_22,Group_3,Group_55,Group_34,Group_84
User_3953 Surname_3953;Support;Intern;Group_85,Group_5,Group_45,Group_1,Group_58,Group_47,Group_82,Group_51,Group_20,Group_43
User_3954 Surname_3954;Marketing;Director;Group_68,Group_93,Group_72,Group_71,Group_26,Group_45,Group_35
User_3955 Surname_3955;Support;Director;Group_89,Group_15,Group_45,Group_65,Group_6,Group_14,Group_22,Group_28,Group_94
User_3956 Surname_3956;HR;VP;Group_78,Group_100,Group_25,Group_96,Group_55,Group_34,Group_59
User_3957 Surname_3957;IT;VP;Group_38,Group_47,Group_16,Group_96,Group_91
User_3958 Surname_3958;HR;Analyst;Group_20,Group_55,Group_14,Group_88,Group_84
User_3959 Surname_3959;Engineering;Associate;Group_96,Group_44,Group_67,Group_21,Group_38,Group_57,Group_40,Group_80
User_3960 Surname_3960;Support;VP;Group_75,Group_91,Group_34,Group_97,Group_36
User_3961 Surname_3961;Finance;Intern;Group_95,Group_21,Group_80,Group_78,Group_53,Group_13
User_3962 Surname_3962;Sales;Associate;Group_94,Group_39,Group_84,Group_51
User_3963 Surname_3963;HR;VP;Group_23,Group_26,Group_49,Group_37,Group_92
User_3964 Surname_3964;Operations;Director;Group_64,Group_19,Group_18,Group_8,Group_9,Group_45
User_3965 Surname_3965;Marketing;Analyst;Group_15,Group_31,Group_49,Group_52,Group_85,Group_34,Group_98,Group_73
User_3966 Surname_3966;Operations;Director;Group_21,Group_12,Group_65,Group_18,Group_1
User_3967 Surname_3967;Support;Analyst;Group_38,Group_64
User_3968 Surname_3968;Support;Analyst;Group_19,Group_68,Group_54,Group_15,Group_58,Group_100,Group_18,Group_99,Group_17,Group_60
User_3969 Surname_3969;Engineering;Analyst;Group_78,Group_80,Group_21
User_3970 Surname_3970;IT;Intern;Group_85,Group_4,Group_11,Group_81,Group_75,Group_63
User_3971 Surname_3971;HR;Intern;Group_21,Group_79,Group_19,Group_87,Group_75,Group_69
User_3972 Surname_3972;IT;Manager;Group_98,Group_13,Group_49,Group_68,Group_30,Group_1,Group_85,Group_42,Group_71
User_3973 Surname_3973;Finance;Associate;Group_66,Group_1,Group_8,Group_85,Group_6,Group_71,Group_98
User_3974 Surname_3974;Legal;Manager;Group_95,Group_31,Group_41,Group_12,Group_23,Group_55,Group_64,Group_2,Group_47,Group_10
User_3975 Surname_3975;Engineering;Director;Group_47,Group_79,Group_99
User_3976 Surname_3976;Support;Intern;Group_51,Group_48,Group_10,Group_15,Group_22,Group_32
User_3977 Surname_3977;Sales;Intern;Group_46,Group_6,Group_96,Group_72,Group_26,Group_34
User_3978 Surname_3978;HR;Analyst;Group_33,Group_10,Group_21,Group_28,Group_71,Group_83
User_3979 Surname_3979;Legal;Manager;Group_61,Group_39
User_3980 Surname_3980;Engineering;VP;Group_11,Group_65,Group_91,Group_92,Group_86,Group_26,Group_43
User_3981 Surname_3981;IT;Director;Group_71,Group_17,Group_23,Group_61
User_3982 Surname_3982;Product;Director;Group_77,Group_6,Group_38
User_3983 Surname_3983;Sales;VP;Group_98,Group_30,Group_77,Group_42,Group_78,Group_24
User_3984 Surname_3984;Engineering;VP;Group_51,Group_56,Group_65,Group_31,Group_87,Group_29,Group_13,Group_69,Group_46
User_3985 Surname_3985;Legal;Associate;Group_63,Group_69,Group_7
User_3986 Surname_3986;IT;VP;Group_57,Group_64
User_3987 Surname_3987;Operations;VP;Group_84,Group_17,Group_33,Group_19,Group_4,Group_65,Group_83,Group_72,Group_96,Group_39
User_3988 Surname_3988;Legal;Associate;Group_81,Group_52
User_3989 Surname_3989;Marketing;VP;Group_17,Group_99,Group_4,Group_50,Group_28
User_3990 Surname_3990;Engineering;Intern;Group_32,Group_55
User_3991 Surname_3991;Marketing;Intern;Group_40,Group_99,Group_29,Group_5,Group_71,Group_73,Group_24,Group_90
User_3992 Surname_3992;Operations;Intern;Group_6,Group_65,Group_85
User_3993 Surname_3993;Legal;Director;Group_1,Group_96,Group_82,Group_95,Group_81
User_3994 Surname_3994;Support;VP;Group_94,Group_91,Group_50,Group_70,Group_4,Group_5
User_3995 Surname_3995;Sales;Analyst;Group_44,Group_98
User_3996 Surname_3996;Legal;Intern;Group_31,Group_10,Group_6,Group_80,Group_98,Group_46
User_3997 Surname_3997;IT;Associate;Group_52,Group_18,Group_51
User_3998 Surname_3998;Engineering;Intern;Group_27,Group_37,Group_28,Group_54,Group_2,Group_98
User_3999 Surname_3999;Finance;Director;Group_27,Group_2,Group_51,Group_90,Group_7,Group_52,Group_37
User_4000 Surname_4000;Operations;Director;Group_2,Group_80,Group_43,Group_33,Group_32,Group_13,Group_39,Group_20,Group_54
User_4001 Surname_4001;IT;VP;Group_10,Group_73
User_4002 Surname_4002;Product;Intern;Group_43,Group_76,Group_65
User_4003 Surname_4003;HR;Associate;Group_42,Group_80,Group_33,Group_36,Group_17
User_4004 Surname_4004;Finance;Associate;Group_20,Group_61,Group_70
User_4005 Surname_4005;Support;Analyst;Group_10,Group_40,Group_70,Group_57,Group_24,Group_52,Group_98,Group_76,Group_27,Group_90
User_4006 Surname_4006;Engineering;Manager;Group_41,Group_51,Group_42
User_4007 Surname_4007;Product;Associate;Group_58,Group_55,Group_84,Group_30,Group_59,Group_94,Group_91,Group_72,Group_97,Group_9
User_4008 Surname_4008;Product;VP;Group_40,Group_28,Group_85,Group_23,Group_56,Group_76
User_4009 Surname_4009;Legal;Manager;Group_87,Group_92
User_4010 Surname_4010;Engineering;Manager;Group_44,Group_97,Group_92,Group_39
User_4011 Surname_4011;Product;Director;Group_13,Group_81,Group_95,Group_24,Group_4,Group_15,Group_65,Group_57
User_4012 Surname_4012;Marketing;Intern;Group_6,Group_94,Group_81
User_4013 Surname_4013;Operations;Analyst;Group_31,Group_29,Group_91,Group_66,Group_55,Group_9,Group_95,Group_4
User_4014 Surname_4014;HR;Associate;Group_82,Group_96,Group_53
User_4015 Surname_4015;Operations;Manager;Group_11,Group_37,Group_85,Group_86
User_4016 Surname_4016;Operations;Associate;Group_75,Group_5,Group_59,Group_22,Group_31,Group_41,Group_4,Group_36
User_4017 Surname_4017;Support;Manager;Group_52,Group_25,Group_81,Group_41,Group_94
User_4018 Surname_4018;Support;Associate;Group_71,Group_48,Group_65,Group_49
User_4019 Surname_4019;Support;Intern;Group_75,Group_12,Group_28,Group_90
User_4020 Surname_4020;HR;VP;Group_45,Group_88,Group_4,Group_18,Group_15
User_4021 Surname_4021;Engineering;Associate;Group_74,Group_14,Group_43,Group_73
User_4022 Surname_4022;Legal;Analyst;Group_49,Group_60,Group_88
User_4023 Surname_4023;Support;Analyst;Group_13,Group_74,Group_51,Group_41,Group_89,Group_28,Group_58,Group_14,Group_76
User_4024 Surname_4024;Marketing;Manager;Group_74,Group_96,Group_38,Group_32
User_4025 Surname_4025;Support;Associate;Group_38,Group_20
User_4026 Surname_4026;Support;Associate;Group_75,Group_93,Group_34,Group_4,Group_9,Group_55,Group_10
User_4027 Surname_4027;Product;Intern;Group_3,Group_5
User_4028 Surname_4028;Operations;Analyst;Group_56,Group_91,Group_28,Group_65,Group_10,Group_80,Group_37,Group_88
User_4029 Surname_4029;Marketing;Intern;Group_61,Group_95,Group_93,Group_28,Group_34,Group_89,Group_30,Group_62,Group_67
User_4030 Surname_4030;IT;Associate;Group_57,Group_93,Group_44,Group_21,Group_76,Group_65,Group_40
User_4031 Surname_4031;Support;Intern;Group_31,Group_76,Group_20,Group_78,Group_58,Group_62
User_4032 Surname_4032;Sales;Intern;Group_12,Group_10,Group_33,Group_24,Group_40
User_4033 Surname_4033;HR;Manager;Group_26,Group_23,Group_90,Group_47,Group_51,Group_34,Group_55,Group_86
User_4034 Surname_4034;Engineering;Director;Group_11,Group_84,Group_67,Group_65,Group_29,Group_7,Group_45
User_4035 Surname_4035;Marketing;Manager;Group_73,Group_22,Group_60,Group_2,Group_80,Group_51,Group_71
User_4036 Surname_4036;IT;VP;Group_45,Group_73,Group_42,Group_47,Group_6,Group_60,Group_63,Group_94,Group_55,Group_14
User_4037 Surname_4037;Product;Associate;Group_35,Group_23
User_4038 Surname_4038;Support;Analyst;Group_48,Group_91,Group_55,Group_71,Group_60,Group_88
User_4039 Surname_4039;Legal;VP;Group_47,Group_96,Group_84,Group_99,Group_27,Group_49
User_4040 Surname_4040;Engineering;Intern;Group_48,Group_5
User_4041 Surname_4041;Support;VP;Group_4,Group_13,Group_62
User_4042 Surname_4042;Legal;Intern;Group_62,Group_6
User_4043 Surname_4043;Product;Manager;Group_38,Group_34,Group_93,Group_47
User_4044 Surname_4044;HR;Director;Group_28,Group_42
User_4045 Surname_4045;Marketing;Intern;Group_92,Group_6,Group_47,Group_12,Group_84,Group_97,Group_42
User_4046 Surname_4046;Support;Intern;Group_36,Group_95,Group_97,Group_66,Group_13,Group_55,Group_86
User_4047 Surname_4047;HR;VP;Group_85,Group_32,Group_31,Group_75,Group_43
User_4048 Surname_4048;Finance;Associate;Group_47,Group_54,Group_36
User_4049 Surname_4049;Sales;Analyst;Group_1,Group_78,Group_16,Group_98,Group_21,Group_85
User_4050 Surname_4050;Operations;Associate;Group_16,Group_53,Group_59,Group_17,Group_29,Group_54,Group_85,Group_15,Group_11,Group_25
User_4051 Surname_4051;Sales;Associate;Group_54,Group_80,Group_42,Group_36,Group_90,Group_19,Group_57,Group_81,Group_23,Group_65
User_4052 Surname_4052;Sales;Intern;Group_91,Group_55,Group_58,Group_54,Group_96,Group_69,Group_95,Group_62,Group_74,Group_25
User_4053 Surname_4053;HR;Associate;Group_73,Group_69,Group_17
User_4054 Surname_4054;Marketing;Manager;Group_40,Group_51,Group_15,Group_92,Group_67,Group_29,Group_47,Group_39
User_4055 Surname_4055;IT;Manager;Group_40,Group_19,Group_59,Group_54,Group_61,Group_75,Group_91,Group_52,Group_71,Group_58
User_4056 Surname_4056;Legal;Intern;Group_71,Group_92,Group_74,Group_95,Group_77,Group_19,Group_29,Group_67
User_4057 Surname_4057;IT;Analyst;Group_85,Group_19
User_4058 Surname_4058;Marketing;VP;Group_75,Group_23,Group_43,Group_99,Group_59,Group_72
User_4059 Surname_4059;Product;VP;Group_50,Group_26,Group_20,Group_69,Group_81
User_4060 Surname_4060;Engineering;VP;Group_44,Group_54,Group_70,Group_29,Group_91,Group_31
User_4061 Surname_4061;Finance;Associate;Group_33,Group_5,Group_72,Group_41,Group_83,Group_31,Group_4
User_4062 Surname_4062;Legal;Analyst;Group_70,Group_36,Group_74,Group_26,Group_79,Group_9,Group_80,Group_81,Group_100,Group_55
User_4063 Surname_4063;Product;Associate;Group_60,Group_81,Group_78,Group_50,Group_11,Group_14,Group_3
User_4064 Surname_4064;Sales;Associate;Group_69,Group_29
User_4065 Surname_4065;Legal;Director;Group_43,Group_20,Group_65
User_4066 Surname_4066;Finance;Associate;Group_26,Group_25,Group_72,Group_4,Group_24,Group_62,Group_10,Group_77,Group_87
User_4067 Surname_4067;Marketing;Director;Group_19,Group_80
User_4068 Surname_4068;Support;Associate;Group_50,Group_7,Group_68,Group_56,Group_54,Group_10,Group_78,Group_23
User_4069 Surname_4069;Operations;Manager;Group_100,Group_74,Group_54,Group_90,Group_97,Group_65,Group_78
User_4070 Surname_4070;IT;Manager;Group_25,Group_77,Group_22,Group_14,Group_74,Group_88,Group_79
User_4071 Surname_4071;Marketing;Associate;Group_67,Group_45
User_4072 Surname_4072;Operations;VP;Group_40,Group_32,Group_25,Group_64
User_4073 Surname_4073;Engineering;VP;Group_14,Group_82,Group_63,Group_42,Group_32,Group_54,Group_62
User_4074 Surname_4074;Legal;VP;Group_74,Group_92,Group_17,Group_60,Group_52,Group_19,Group_44,Group_89,Group_98
User_4075 Surname_4075;IT;Intern;Group_87,Group_85,Group_84,Group_86,Group_1,Group_60,Group_47,Group_75
User_4076 Surname_4076;Support;VP;Group_73,Group_23,Group_72,Group_28,Group_19,Group_8,Group_56,Group_82
User_4077 Surname_4077;Support;Analyst;Group_94,Group_87,Group_12,Group_93,Group_31
User_4078 Surname_4078;Legal;Director;Group_22,Group_89,Group_43,Group_47,Group_57,Group_68,Group_99,Group_90
User_4079 Surname_4079;Finance;Analyst;Group_87,Group_67,Group_71,Group_56,Group_96,Group_89,Group_31,Group_54
User_4080 Surname_4080;Product;Director;Group_9,Group_6,Group_31,Group_76,Group_92,Group_24,Group_96,Group_78,Group_54,Group_69
User_4081 Surname_4081;Operations;Associate;Group_20,Group_57,Group_62,Group_41,Group_52,Group_77
User_4082 Surname_4082;Support;Manager;Group_5,Group_86,Group_85,Group_34,Group_75,Group_12,Group_95,Group_93,Group_43
User_4083 Surname_4083;Sales;Associate;Group_68,Group_33,Group_64,Group_70,Group_49,Group_56
User_4084 Surname_4084;Marketing;VP;Group_77,Group_56,Group_44,Group_76,Group_37,Group_6,Group_64
User_4085 Surname_4085;Engineering;Associate;Group_52,Group_40,Group_92,Group_13,Group_80,Group_39,Group_12,Group_2
User_4086 Surname_4086;Finance;Associate;Group_97,Group_93
User_4087 Surname_4087;Sales;Director;Group_33,Group_4,Group_63
User_4088 Surname_4088;Sales;Analyst;Group_15,Group_78,Group_20,Group_40,Group_47,Group_51,Group_34
User_4089 Surname_4089;IT;Associate;Group_57,Group_68,Group_62,Group_55,Group_15,Group_44,Group_38
User_4090 Surname_4090;IT;Associate;Group_21,Group_59
User_4091 Surname_4091;Operations;Intern;Group_95,Group_10,Group_97,Group_79,Group_49,Group_99,Group_8
User_4092 Surname_4092;Finance;Director;Group_48,Group_77,Group_51,Group_39,Group_32,Group_30,Group_75,Group_27,Group_3
User_4093 Surname_4093;Sales;Associate;Group_26,Group_17,Group_34,Group_33,Group_5
User_4094 Surname_4094;Operations;VP;Group_8,Group_11,Group_91,Group_47,Group_54,Group_89,Group_1,Group_49,Group_37,Group_71
User_4095 Surname_4095;Legal;Intern;Group_96,Group_90,Group_97,Group_91
User_4096 Surname_4096;IT;Director;Group_84,Group_1
User_4097 Surname_4097;Product;Associate;Group_12,Group_34,Group_96,Group_74,Group_85,Group_84,Group_65
User_4098 Surname_4098;Operations;Associate;Group_71,Group_63,Group_54,Group_14,Group_62
User_4099 Surname_4099;Operations;Analyst;Group_64,Group_86,Group_98,Group_9,Group_14,Group_79,Group_4,Group_47,Group_42,Group_92
User_4100 Surname_4100;Engineering;Director;Group_63,Group_19
User_4101 Surname_4101;Operations;VP;Group_59,Group_38,Group_68,Group_54,Group_20,Group_28
User_4102 Surname_4102;Operations;Director;Group_58,Group_70,Group_20,Group_73
User_4103 Surname_4103;HR;Manager;Group_89,Group_61,Group_16,Group_56,Group_2,Group_11,Group_62,Group_91,Group_4,Group_72
User_4104 Surname_4104;IT;Director;Group_55,Group_54
User_4105 Surname_4105;Product;Intern;Group_6,Group_87,Group_68,Group_4,Group_75,Group_2,Group_64
User_4106 Surname_4106;Operations;Director;Group_55,Group_80,Group_52
User_4107 Surname_4107;Finance;Intern;Group_70,Group_72
User_4108 Surname_4108;Legal;Manager;Group_13,Group_19,Group_45
User_4109 Surname_4109;Engineering;Analyst;Group_74,Group_64,Group_90,Group_97
User_4110 Surname_4110;Operations;VP;Group_21,Group_92,Group_90,Group_67,Group_55,Group_2,Group_69
User_4111 Surname_4111;IT;Manager;Group_57,Group_46,Group_1,Group_68,Group_82,Group_95,Group_96,Group_85,Group_100,Group_94
User_4112 Surname_4112;IT;Intern;Group_81,Group_4,Group_51,Group_31,Group_72,Group_43,Group_76
User_4113 Surname_4113;Sales;Manager;Group_59,Group_25,Group_98,Group_92,Group_54,Group_82
User_4114 Surname_4114;Operations;Director;Group_15,Group_98,Group_99,Group_17,Group_36,Group_29,Group_84
User_4115 Surname_4115;Sales;Director;Group_24,Group_25,Group_63,Group_22,Group_32,Group_95,Group_11
User_4116 Surname_4116;HR;Manager;Group_29,Group_19,Group_85,Group_67,Group_54,Group_44,Group_94
User_4117 Surname_4117;Operations;VP;Group_3,Group_56,Group_65,Group_16,Group_59,Group_55
User_4118 Surname_4118;IT;Analyst;Group_2,Group_11,Group_87,Group_13,Group_73,Group_31
User_4119 Surname_4119;Operations;Manager;Group_67,Group_52,Group_83,Group_43,Group_2,Group_32,Group_62
User_4120 Surname_4120;Finance;Intern;Group_43,Group_35,Group_14,Group_36,Group_10
User_4121 Surname_4121;IT;Analyst;Group_76,Group_16,Group_79,Group_92,Group_95,Group_81,Group_40
User_4122 Surname_4122;Sales;Intern;Group_26,Group_100,Group_77,Group_7,Group_97,Group_33,Group_50,Group_8
User_4123 Surname_4123;Marketing;Intern;Group_44,Group_8,Group_66,Group_73,Group_17,Group_53
User_4124 Surname_4124;Engineering;Analyst;Group_80,Group_52,Group_55,Group_70,Group_11,Group_63
User_4125 Surname_4125;Engineering;Director;Group_10,Group_74,Group_20,Group_6,Group_8,Group_75,Group_69,Group_19,Group_78
User_4126 Surname_4126;Marketing;Manager;Group_50,Group_84
User_4127 Surname_4127;Support;Associate;Group_87,Group_28,Group_93,Group_12,Group_56
User_4128 Surname_4128;Sales;Associate;Group_12,Group_34,Group_86,Group_100,Group_73
User_4129 Surname_4129;Legal;Intern;Group_50,Group_65,Group_82,Group_1,Group_8,Group_84,Group_52
User_4130 Surname_4130;Marketing;Associate;Group_67,Group_26,Group_91
User_4131 Surname_4131;Product;Analyst;Group_54,Group_72,Group_39,Group_32,Group_95,Group_77
User_4132 Surname_4132;Sales;Intern;Group_6,Group_28,Group_53,Group_71,Group_57,Group_40,Group_47
User_4133 Surname_4133;Engineering;Manager;Group_31,Group_1,Group_6,Group_25,Group_69
User_4134 Surname_4134;Marketing;Associate;Group_11,Group_54,Group_73,Group_84,Group_80,Group_8
User_4135 Surname_4135;Operations;Intern;Group_79,Group_51,Group_55,Group_2,Group_5,Group_52
User_4136 Surname_4136;Engineering;VP;Group_99,Group_66,Group_97,Group_67,Group_93,Group_46,Group_90,Group_80,Group_25,Group_69
User_4137 Surname_4137;HR;Analyst;Group_37,Group_20,Group_94,Group_1,Group_51,Group_83
User_4138 Surname_4138;Support;Analyst;Group_50,Group_82,Group_49,Group_40,Group_99
User_4139 Surname_4139;Engineering;Intern;Group_15,Group_2,Group_72,Group_48,Group_90,Group_71,Group_4,Group_75,Group_56
User_4140 Surname_4140;Marketing;Intern;Group_25,Group_56,Group_79,Group_19,Group_95,Group_40,Group_9,Group_53
User_4141 Surname_4141;Support;Analyst;Group_55,Group_92,Group_26,Group_91,Group_47,Group_23,Group_30,Group_7,Group_39
User_4142 Surname_4142;IT;Manager;Group_77,Group_36,Group_92,Group_66,Group_73,Group_34,Group_30
User_4143 Surname_4143;Marketing;Associate;Group_40,Group_8,Group_9,Group_100,Group_43,Group_58
User_4144 Surname_4144;Operations;Associate;Group_95,Group_51,Group_21,Group_48,Group_19,Group_67
User_4145 Surname_4145;Engineering;Intern;Group_24,Group_76,Group_73,Group_41,Group_42
User_4146 Surname_4146;IT;Director;Group_30,Group_70,Group_47
User_4147 Surname_4147;Operations;Manager;Group_75,Group_80,Group_25,Group_24,Group_42
User_4148 Surname_4148;Support;Manager;Group_71,Group_54,Group_61,Group_17,Group_30,Group_87,Group_29
User_4149 Surname_4149;Engineering;Manager;Group_7,Group_25
User_4150 Surname_4150;Operations;Manager;Group_17,Group_33,Group_2,Group_71,Group_19,Group_60,Group_50
User_4151 Surname_4151;Product;Associate;Group_65,Group_53,Group_87,Group_18,Group_11,Group_43,Group_99,Group_72
User_4152 Surname_4152;Engineering;Manager;Group_79,Group_32,Group_24,Group_36,Group_41,Group_89,Group_60
User_4153 Surname_4153;Sales;Director;Group_28,Group_83,Group_97
User_4154 Surname_4154;Engineering;Analyst;Group_24,Group_9,Group_90,Group_64,Group_37,Group_62,Group_61,Group_92
User_4155 Surname_4155;Support;Manager;Group_43,Group_64,Group_49,Group_90,Group_25,Group_38,Group_66,Group_15,Group_12,Group_48
User_4156 Surname_4156;Engineering;Intern;Group_47,Group_3,Group_16,Group_30,Group_84,Group_46
User_4157 Surname_4157;Engineering;VP;Group_48,Group_73,Group_61,Group_3,Group_47,Group_15,Group_7,Group_30
User_4158 Surname_4158;Sales;Manager;Group_56,Group_20,Group_43,Group_93,Group_86,Group_98,Group_96,Group_37,Group_67
User_4159 Surname_4159;Operations;Manager;Group_47,Group_60,Group_78,Group_36,Group_42
User_4160 Surname_4160;Marketing;Manager;Group_77,Group_18,Group_70,Group_4,Group_28,Group_60,Group_59,Group_50
User_4161 Surname_4161;Finance;Manager;Group_93,Group_63,Group_61
User_4162 Surname_4162;Finance;Analyst;Group_2,Group_16,Group_4,Group_42,Group_95,Group_39,Group_77,Group_61,Group_99
User_4163 Surname_4163;Finance;Analyst;Group_6,Group_35,Group_8,Group_90,Group_86,Group_68
User_4164 Surname_4164;IT;VP;Group_19,Group_77,Group_56,Group_44,Group_54,Group_4,Group_66,Group_24,Group_35
User_4165 Surname_4165;Marketing;Manager;Group_48,Group_81,Group_10,Group_59,Group_73,Group_87,Group_51,Group_21,Group_55,Group_79
User_4166 Surname_4166;HR;Intern;Group_90,Group_18,Group_45,Group_37,Group_88,Group_69,Group_16
User_4167 Surname_4167;Engineering;Manager;Group_25,Group_48,Group_92,Group_32,Group_19,Group_64,Group_42,Group_27
User_4168 Surname_4168;Product;VP;Group_90,Group_96
User_4169 Surname_4169;Sales;Analyst;Group_82,Group_64,Group_42
User_4170 Surname_4170;Product;Manager;Group_65,Group_25,Group_9,Group_13,Group_61,Group_50,Group_6,Group_66,Group_55,Group_18
User_4171 Surname_4171;Finance;Associate;Group_6,Group_76,Group_9,Group_95,Group_54,Group_94,Group_22,Group_33,Group_16,Group_69
User_4172 Surname_4172;Finance;VP;Group_38,Group_46,Group_81,Group_60,Group_95
User_4173 Surname_4173;IT;Associate;Group_98,Group_25,Group_29,Group_8,Group_16,Group_53,Group_84
User_4174 Surname_4174;Marketing;VP;Group_47,Group_30,Group_34,Group_88,Group_83
User_4175 Surname_4175;Marketing;Intern;Group_25,Group_20,Group_82
User_4176 Surname_4176;Sales;Analyst;Group_25,Group_62,Group_15,Group_11,Group_100
User_4177 Surname_4177;Legal;Manager;Group_99,Group_65,Group_33,Group_16,Group_68,Group_5,Group_66
User_4178 Surname_4178;Finance;VP;Group_19,Group_80,Group_52,Group_97
User_4179 Surname_4179;Engineering;Associate;Group_94,Group_7,Group_17,Group_56
User_4180 Surname_4180;Operations;VP;Group_90,Group_92,Group_37,Group_50,Group_48,Group_55,Group_12,Group_38
User_4181 Surname_4181;Legal;VP;Group_90,Group_98
User_4182 Surname_4182;Support;Associate;Group_4,Group_80
User_4183 Surname_4183;Product;Associate;Group_29,Group_84,Group_43,Group_17,Group_64,Group_12
User_4184 Surname_4184;HR;Analyst;Group_96,Group_2,Group_45,Group_6,Group_72,Group_52
User_4185 Surname_4185;Sales;Manager;Group_34,Group_95
User_4186 Surname_4186;HR;Director;Group_82,Group_54,Group_30,Group_69,Group_71,Group_44,Group_19,Group_15,Group_14
User_4187 Surname_4187;Finance;Manager;Group_75,Group_41,Group_5,Group_73,Group_38,Group_19
User_4188 Surname_4188;Marketing;Associate;Group_51,Group_65,Group_55,Group_23,Group_4,Group_79,Group_2,Group_77,Group_9,Group_52
User_4189 Surname_4189;Operations;Associate;Group_42,Group_55,Group_31,Group_54
User_4190 Surname_4190;Marketing;Analyst;Group_83,Group_82,Group_13,Group_62,Group_81,Group_100,Group_69,Group_40,Group_98,Group_29
User_4191 Surname_4191;Product;Intern;Group_57,Group_89,Group_82,Group_35,Group_32,Group_16,Group_86,Group_78,Group_5,Group_24
User_4192 Surname_4192;Marketing;Intern;Group_28,Group_13,Group_67,Group_20,Group_18
User_4193 Surname_4193;Finance;VP;Group_9,Group_69,Group_20,Group_49,Group_100,Group_82
User_4194 Surname_4194;Support;VP;Group_12,Group_69,Group_40,Group_32,Group_13
User_4195 Surname_4195;Engineering;Analyst;Group_73,Group_38,Group_69,Group_96,Group_20,Group_21,Group_36,Group_67,Group_75,Group_58
User_4196 Surname_4196;Operations;Manager;Group_39,Group_45,Group_43,Group_73,Group_10,Group_46,Group_81
User_4197 Surname_4197;Support;Intern;Group_36,Group_6,Group_8,Group_19,Group_39,Group_61,Group_74,Group_44
User_4198 Surname_4198;HR;Analyst;Group_97,Group_6
User_4199 Surname_4199;Engineering;Intern;Group_34,Group_92
User_4200 Surname_4200;Legal;Analyst;Group_52,Group_64,Group_98,Group_88,Group_54,Group_74
User_4201 Surname_4201;Finance;Analyst;Group_21,Group_94,Group_29,Group_15,Group_48,Group_46,Group_13
User_4202 Surname_4202;Sales;Director;Group_35,Group_2,Group_36
User_4203 Surname_4203;Legal;VP;Group_87,Group_22,Group_37,Group_43,Group_100,Group_91
User_4204 Surname_4204;Sales;VP;Group_79,Group_48,Group_69,Group_74,Group_96,Group_91,Group_38,Group_88,Group_32
User_4205 Surname_4205;Operations;VP;Group_57,Group_71,Group_3,Group_42,Group_37,Group_86,Group_79,Group_70
User_4206 Surname_4206;IT;Analyst;Group_19,Group_55,Group_81,Group_8
User_4207 Surname_4207;HR;VP;Group_70,Group_92,Group_23,Group_40,Group_18
User_4208 Surname_4208;Sales;Manager;Group_52,Group_59,Group_96,Group_74,Group_86
User_4209 Surname_4209;HR;VP;Group_73,Group_95,Group_53,Group_4,Group_42
User_4210 Surname_4210;IT;Manager;Group_31,Group_17,Group_82
User_4211 Surname_4211;Finance;Intern;Group_93,Group_35
User_4212 Surname_4212;IT;VP;Group_74,Group_19,Group_83,Group_81,Group_70,Group_84,Group_2
User_4213 Surname_4213;Product;Director;Group_73,Group_74,Group_51,Group_1,Group_16,Group_38,Group_90
User_4214 Surname_4214;Product;Analyst;Group_60,Group_66,Group_72,Group_71,Group_19,Group_45,Group_90,Group_86
User_4215 Surname_4215;Legal;Manager;Group_64,Group_66,Group_21
User_4216 Surname_4216;IT;Intern;Group_47,Group_78,Group_3,Group_56,Group_71,Group_88,Group_15,Group_35
User_4217 Surname_4217;Operations;Director;Group_10,Group_29,Group_98,Group_32,Group_35,Group_97,Group_70,Group_46
User_4218 Surname_4218;HR;Director;Group_46,Group_7,Group_90,Group_89
User_4219 Surname_4219;Engineering;Analyst;Group_62,Group_29,Group_15
User_4220 Surname_4220;Product;Intern;Group_84,Group_100,Group_28
User_4221 Surname_4221;Operations;Director;Group_100,Group_52,Group_7,Group_45
User_4222 Surname_4222;IT;VP;Group_3,Group_74,Group_46,Group_25
User_4223 Surname_4223;Product;Analyst;Group_39,Group_83,Group_17,Group_45,Group_68,Group_12
User_4224 Surname_4224;Marketing;Analyst;Group_61,Group_93,Group_19
User_4225 Surname_4225;Engineering;Intern;Group_25,Group_59,Group_37,Group_57,Group_56,Group_68,Group_44,Group_85,Group_77,Group_79
User_4226 Surname_4226;Finance;Director;Group_15,Group_72,Group_41
User_4227 Surname_4227;Legal;Director;Group_71,Group_45
User_4228 Surname_4228;Finance;Associate;Group_92,Group_96,Group_15
User_4229 Surname_4229;Support;VP;Group_66,Group_67,Group_40,Group_88,Group_19
User_4230 Surname_4230;Legal;Director;Group_82,Group_84,Group_26,Group_17
User_4231 Surname_4231;Engineering;Manager;Group_93,Group_69,Group_1,Group_71,Group_3
User_4232 Surname_4232;HR;Director;Group_27,Group_20,Group_65,Group_14,Group_75,Group_4,Group_88,Group_80
User_4233 Surname_4233;Operations;Analyst;Group_17,Group_60,Group_2,Group_93,Group_37,Group_22,Group_3,Group_5,Group_77
User_4234 Surname_4234;Legal;VP;Group_64,Group_56,Group_62,Group_14,Group_20
User_4235 Surname_4235;Support;Associate;Group_84,Group_7,Group_60,Group_34,Group_13,Group_97,Group_44,Group_66,Group_23,Group_29
User_4236 Surname_4236;Finance;Analyst;Group_26,Group_37,Group_34
User_4237 Surname_4237;Support;Analyst;Group_37,Group_55,Group_93,Group_27
User_4238 Surname_4238;Support;VP;Group_99,Group_30,Group_73,Group_90,Group_12,Group_77,Group_98,Group_70,Group_97
User_4239 Surname_4239;Operations;Manager;Group_45,Group_33,Group_51,Group_54,Group_70,Group_96
User_4240 Surname_4240;Operations;Director;Group_18,Group_78,Group_10,Group_40,Group_15,Group_74,Group_20,Group_41,Group_54,Group_38
User_4241 Surname_4241;Legal;VP;Group_87,Group_33,Group_97,Group_91,Group_73,Group_10,Group_67
User_4242 Surname_4242;Sales;Intern;Group_90,Group_99,Group_42,Group_12,Group_47,Group_86
User_4243 Surname_4243;Engineering;Associate;Group_67,Group_46
User_4244 Surname_4244;Product;Manager;Group_40,Group_35,Group_32,Group_82,Group_34,Group_31,Group_96,Group_50
User_4245 Surname_4245;Engineering;VP;Group_3,Group_84,Group_26,Group_81,Group_34,Group_82,Group_92,Group_95,Group_42,Group_36
User_4246 Surname_4246;Operations;Analyst;Group_48,Group_74,Group_60,Group_24,Group_88,Group_59
User_4247 Surname_4247;Support;Director;Group_54,Group_52,Group_94,Group_20,Group_51,Group_79,Group_59,Group_5,Group_18,Group_80
User_4248 Surname_4248;Support;VP;Group_6,Group_65,Group_42,Group_23,Group_62,Group_44,Group_11
User_4249 Surname_4249;Finance;Director;Group_73,Group_1
User_4250 Surname_4250;Operations;VP;Group_27,Group_2,Group_26,Group_23,Group_19,Group_89,Group_7,Group_42
User_4251 Surname_4251;Finance;Director;Group_66,Group_77,Group_58,Group_2,Group_87
User_4252 Surname_4252;Legal;Director;Group_60,Group_20,Group_50,Group_38,Group_41
User_4253 Surname_4253;HR;Associate;Group_66,Group_14,Group_80,Group_65,Group_52,Group_85,Group_47,Group_27
User_4254 Surname_4254;Finance;Associate;Group_36,Group_59,Group_5,Group_49,Group_7,Group_29,Group_32,Group_75,Group_47
User_4255 Surname_4255;Sales;Director;Group_97,Group_7,Group_12,Group_92,Group_47
User_4256 Surname_4256;IT;Intern;Group_5,Group_41,Group_62,Group_57,Group_89,Group_25,Group_19,Group_4
User_4257 Surname_4257;Engineering;Manager;Group_85,Group_75
User_4258 Surname_4258;Support;Associate;Group_54,Group_81
User_4259 Surname_4259;Finance;VP;Group_56,Group_40,Group_14,Group_53,Group_47
User_4260 Surname_4260;Engineering;Intern;Group_17,Group_84,Group_89,Group_100,Group_60,Group_97,Group_38,Group_80
User_4261 Surname_4261;Marketing;Associate;Group_74,Group_36,Group_6,Group_8
User_4262 Surname_4262;Finance;VP;Group_12,Group_51,Group_35
User_4263 Surname_4263;Marketing;Manager;Group_45,Group_1,Group_96,Group_62,Group_57,Group_92,Group_73,Group_85
User_4264 Surname_4264;IT;Manager;Group_82,Group_70,Group_54
User_4265 Surname_4265;Product;Analyst;Group_52,Group_40,Group_7,Group_66,Group_100,Group_94,Group_69,Group_96,Group_42
User_4266 Surname_4266;Engineering;Intern;Group_2,Group_70,Group_3,Group_21,Group_35
User_4267 Surname_4267;Product;Intern;Group_55,Group_80,Group_6,Group_99,Group_33,Group_18,Group_31,Group_43,Group_7,Group_98
User_4268 Surname_4268;Sales;Manager;Group_56,Group_78,Group_73,Group_54,Group_60,Group_26
User_4269 Surname_4269;Marketing;Analyst;Group_34,Group_36,Group_69
User_4270 Surname_4270;Support;Associate;Group_18,Group_88,Group_86,Group_2,Group_38,Group_34,Group_54,Group_48,Group_60,Group_72
User_4271 Surname_4271;Marketing;VP;Group_55,Group_46,Group_86,Group_67,Group_22,Group_85
User_4272 Surname_4272;Finance;Intern;Group_44,Group_67,Group_80,Group_57,Group_30,Group_59,Group_84,Group_20
User_4273 Surname_4273;IT;Associate;Group_91,Group_87,Group_66,Group_10
User_4274 Surname_4274;Engineering;Intern;Group_11,Group_43,Group_23,Group_39,Group_14,Group_50,Group_76,Group_55,Group_96,Group_3
User_4275 Surname_4275;Finance;Associate;Group_37,Group_19,Group_76,Group_14,Group_99
User_4276 Surname_4276;Engineering;Intern;Group_29,Group_19,Group_81
User_4277 Surname_4277;Legal;Analyst;Group_35,Group_9,Group_24
User_4278 Surname_4278;HR;Associate;Group_53,Group_40,Group_91
User_4279 Surname_4279;Marketing;Analyst;Group_62,Group_98
User_4280 Surname_4280;Sales;Intern;Group_48,Group_84,Group_53
User_4281 Surname_4281;Legal;Associate;Group_99,Group_89,Group_39,Group_96,Group_56,Group_78,Group_48
User_4282 Surname_4282;HR;VP;Group_58,Group_21,Group_77,Group_44,Group_14,Group_28,Group_67
User_4283 Surname_4283;IT;VP;Group_5,Group_68,Group_64
User_4284 Surname_4284;IT;Manager;Group_86,Group_9,Group_60,Group_55
User_4285 Surname_4285;Legal;Director;Group_3,Group_19
User_4286 Surname_4286;Operations;Director;Group_29,Group_69,Group_99,Group_52,Group_9
User_4287 Surname_4287;Sales;VP;Group_28,Group_78
User_4288 Surname_4288;Support;Analyst;Group_4,Group_43,Group_39,Group_16,Group_25,Group_94,Group_78
User_4289 Surname_4289;Sales;Director;Group_10,Group_98,Group_17,Group_80,Group_76
User_4290 Surname_4290;IT;VP;Group_38,Group_77,Group_71,Group_81
User_4291 Surname_4291;IT;Manager;Group_63,Group_53,Group_42,Group_57
User_4292 Surname_4292;Sales;Director;Group_5,Group_51,Group_55,Group_59,Group_98,Group_54,Group_42
User_4293 Surname_4293;Engineering;Intern;Group_70,Group_63,Group_59,Group_33,Group_37,Group_41
User_4294 Surname_4294;Legal;Director;Group_13,Group_67,Group_12,Group_5,Group_93,Group_79
User_4295 Surname_4295;Support;Manager;Group_7,Group_26,Group_66,Group_53,Group_95,Group_70,Group_55,Group_88,Group_6,Group_15
User_4296 Surname_4296;IT;Intern;Group_98,Group_79,Group_91,Group_69,Group_10,Group_65,Group_67,Group_25,Group_88
User_4297 Surname_4297;Engineering;VP;Group_41,Group_50,Group_90
User_4298 Surname_4298;Marketing;Director;Group_35,Group_69,Group_97,Group_18,Group_47,Group_58,Group_11
User_4299 Surname_4299;Legal;Analyst;Group_88,Group_4,Group_53,Group_81,Group_41,Group_85
User_4300 Surname_4300;Legal;Manager;Group_17,Group_77,Group_88,Group_95,Group_66,Group_26,Group_8,Group_84,Group_49
User_4301 Surname_4301;Operations;VP;Group_13,Group_64,Group_4,Group_60,Group_7,Group_86
User_4302 Surname_4302;IT;Manager;Group_41,Group_39,Group_71,Group_38
User_4303 Surname_4303;IT;Associate;Group_74,Group_48,Group_60,Group_34,Group_72
User_4304 Surname_4304;Product;Analyst;Group_23,Group_94,Group_75
User_4305 Surname_4305;Legal;Manager;Group_29,Group_45,Group_79,Group_58,Group_26,Group_74,Group_40,Group_82,Group_83
User_4306 Surname_4306;Operations;VP;Group_54,Group_61
User_4307 Surname_4307;HR;Manager;Group_43,Group_33,Group_100,Group_24,Group_35,Group_42
User_4308 Surname_4308;Marketing;Associate;Group_69,Group_75,Group_33
User_4309 Surname_4309;IT;Director;Group_81,Group_78,Group_5,Group_70,Group_96,Group_11,Group_57
User_4310 Surname_4310;Marketing;Associate;Group_93,Group_13,Group_47,Group_82,Group_100,Group_81,Group_2
User_4311 Surname_4311;Engineering;Director;Group_25,Group_98,Group_1,Group_67,Group_95
User_4312 Surname_4312;Sales;Intern;Group_16,Group_42,Group_1,Group_3,Group_82,Group_48,Group_2,Group_78,Group_55
User_4313 Surname_4313;Legal;VP;Group_23,Group_25,Group_24,Group_96,Group_18,Group_91,Group_4,Group_47,Group_74
User_4314 Surname_4314;Marketing;VP;Group_3,Group_75,Group_52
User_4315 Surname_4315;Legal;Associate;Group_54,Group_56,Group_93,Group_4,Group_75,Group_23
User_4316 Surname_4316;IT;Intern;Group_38,Group_23,Group_77
User_4317 Surname_4317;Engineering;Analyst;Group_31,Group_20,Group_91,Group_67,Group_63,Group_28,Group_15
User_4318 Surname_4318;Support;Director;Group_60,Group_3,Group_24,Group_33,Group_62
User_4319 Surname_4319;Product;Manager;Group_94,Group_2,Group_39,Group_88,Group_42,Group_89,Group_37
User_4320 Surname_4320;HR;Director;Group_59,Group_22,Group_14
User_4321 Surname_4321;Operations;Associate;Group_91,Group_63,Group_90,Group_70
User_4322 Surname_4322;Finance;Intern;Group_97,Group_79,Group_72,Group_69,Group_39,Group_43
User_4323 Surname_4323;Marketing;Director;Group_39,Group_94,Group_76,Group_89,Group_35,Group_59,Group_53,Group_86
User_4324 Surname_4324;Product;VP;Group_96,Group_26,Group_24,Group_18,Group_34
User_4325 Surname_4325;Product;Director;Group_77,Group_34,Group_73,Group_78,Group_63,Group_31,Group_75,Group_56
User_4326 Surname_4326;Sales;Director;Group_48,Group_10,Group_77,Group_57,Group_21,Group_14,Group_42,Group_54,Group_78
User_4327 Surname_4327;Sales;Intern;Group_23,Group_47,Group_98,Group_77,Group_44,Group_28,Group_16
User_4328 Surname_4328;Product;Director;Group_8,Group_46,Group_19,Group_18,Group_100,Group_73
User_4329 Surname_4329;Support;Intern;Group_9,Group_41,Group_73,Group_80,Group_55,Group_44,Group_84,Group_40,Group_34
User_4330 Surname_4330;Marketing;Intern;Group_31,Group_16,Group_69,Group_30,Group_78,Group_44,Group_49,Group_23,Group_83
User_4331 Surname_4331;Legal;Analyst;Group_54,Group_7,Group_28,Group_80,Group_79,Group_16,Group_36,Group_37
User_4332 Surname_4332;Finance;Intern;Group_9,Group_87,Group_99,Group_77,Group_90,Group_83
User_4333 Surname_4333;Sales;Associate;Group_94,Group_88,Group_57,Group_86,Group_9,Group_47,Group_26,Group_40,Group_15,Group_95
User_4334 Surname_4334;Legal;Intern;Group_21,Group_84,Group_37,Group_54,Group_92,Group_36,Group_4,Group_7
User_4335 Surname_4335;Support;Analyst;Group_83,Group_33,Group_97,Group_52,Group_51
User_4336 Surname_4336;Support;Manager;Group_59,Group_80,Group_85,Group_26,Group_14,Group_57,Group_67
User_4337 Surname_4337;Legal;Intern;Group_70,Group_69,Group_9
User_4338 Surname_4338;Operations;Analyst;Group_69,Group_75,Group_24,Group_27,Group_94,Group_51,Group_97
User_4339 Surname_4339;HR;Manager;Group_77,Group_99,Group_91,Group_86,Group_67
User_4340 Surname_4340;Operations;Director;Group_87,Group_60,Group_65,Group_29,Group_62,Group_79,Group_70,Group_24
User_4341 Surname_4341;Operations;Analyst;Group_53,Group_54,Group_98,Group_20,Group_23,Group_75,Group_92,Group_62,Group_100
User_4342 Surname_4342;Finance;Director;Group_20,Group_59
User_4343 Surname_4343;Support;Analyst;Group_66,Group_30,Group_2,Group_29,Group_41,Group_42,Group_45,Group_93
User_4344 Surname_4344;Product;Director;Group_77,Group_63,Group_66,Group_42
User_4345 Surname_4345;Legal;Intern;Group_37,Group_39,Group_21,Group_50,Group_23,Group_14
User_4346 Surname_4346;IT;Intern;Group_47,Group_69,Group_67,Group_82,Group_75,Group_6
User_4347 Surname_4347;Support;Intern;Group_48,Group_8,Group_26,Group_29,Group_73,Group_40
User_4348 Surname_4348;Engineering;Associate;Group_43,Group_53,Group_70
User_4349 Surname_4349;Support;Associate;Group_48,Group_88,Group_2,Group_11,Group_56,Group_15
User_4350 Surname_4350;HR;Director;Group_23,Group_59
User_4351 Surname_4351;Marketing;Analyst;Group_96,Group_74,Group_71,Group_43
User_4352 Surname_4352;Operations;Analyst;Group_7,Group_37,Group_46,Group_49,Group_10,Group_82,Group_15,Group_68
User_4353 Surname_4353;Sales;Analyst;Group_77,Group_20,Group_80,Group_24,Group_64,Group_7,Group_83,Group_21
User_4354 Surname_4354;Operations;Director;Group_82,Group_33,Group_32
User_4355 Surname_4355;Finance;Manager;Group_80,Group_11,Group_42,Group_79,Group_28,Group_82,Group_38,Group_14,Group_92
User_4356 Surname_4356;Support;Intern;Group_71,Group_70,Group_26
User_4357 Surname_4357;IT;Associate;Group_99,Group_43,Group_52,Group_27,Group_15,Group_49
User_4358 Surname_4358;Support;Analyst;Group_9,Group_31,Group_20,Group_61,Group_68,Group_35,Group_10
User_4359 Surname_4359;Finance;Analyst;Group_58,Group_74
User_4360 Surname_4360;Legal;VP;Group_90,Group_96,Group_61,Group_92
User_4361 Surname_4361;IT;Director;Group_34,Group_15
User_4362 Surname_4362;Product;VP;Group_6,Group_59,Group_44,Group_77,Group_96,Group_47,Group_19,Group_25,Group_23
User_4363 Surname_4363;Finance;Director;Group_20,Group_8,Group_17,Group_10,Group_12
User_4364 Surname_4364;Finance;Associate;Group_93,Group_37,Group_56
User_4365 Surname_4365;Legal;Manager;Group_79,Group_82
User_4366 Surname_4366;IT;Director;Group_75,Group_27,Group_51
User_4367 Surname_4367;Legal;Associate;Group_37,Group_27,Group_52,Group_39,Group_62
User_4368 Surname_4368;Support;VP;Group_54,Group_18,Group_4,Group_58,Group_69,Group_7,Group_15,Group_50,Group_44
User_4369 Surname_4369;Operations;Director;Group_78,Group_6,Group_38
User_4370 Surname_4370;HR;Manager;Group_90,Group_28,Group_13,Group_23,Group_92,Group_46,Group_36
User_4371 Surname_4371;Legal;Intern;Group_52,Group_88,Group_28,Group_89,Group_31,Group_53,Group_24,Group_100,Group_44,Group_42
User_4372 Surname_4372;IT;VP;Group_48,Group_84
User_4373 Surname_4373;Product;Analyst;Group_38,Group_55,Group_88,Group_58,Group_98,Group_100
User_4374 Surname_4374;HR;Associate;Group_65,Group_31,Group_78,Group_19,Group_86,Group_52,Group_16,Group_10,Group_51,Group_2
User_4375 Surname_4375;Support;Manager;Group_52,Group_68,Group_44
User_4376 Surname_4376;Legal;VP;Group_11,Group_37,Group_93,Group_16,Group_13,Group_62,Group_95,Group_23
User_4377 Surname_4377;Sales;Analyst;Group_70,Group_96,Group_92
User_4378 Surname_4378;Legal;VP;Group_66,Group_32,Group_76,Group_75,Group_96,Group_15
User_4379 Surname_4379;Support;Manager;Group_52,Group_18,Group_84,Group_12,Group_55,Group_98
User_4380 Surname_4380;Finance;Associate;Group_30,Group_73
User_4381 Surname_4381;HR;Analyst;Group_81,Group_86
User_4382 Surname_4382;Finance;Intern;Group_21,Group_36,Group_10
User_4383 Surname_4383;Finance;Director;Group_61,Group_45,Group_54,Group_27,Group_25,Group_83
User_4384 Surname_4384;Support;VP;Group_8,Group_28,Group_67,Group_53,Group_93,Group_45,Group_90
User_4385 Surname_4385;Support;Director;Group_19,Group_54,Group_91,Group_46,Group_63,Group_3,Group_56
User_4386 Surname_4386;Operations;Manager;Group_58,Group_13,Group_79,Group_48,Group_80,Group_44,Group_67,Group_100,Group_55
User_4387 Surname_4387;IT;Manager;Group_19,Group_87
User_4388 Surname_4388;Engineering;Manager;Group_83,Group_61
User_4389 Surname_4389;Marketing;Manager;Group_39,Group_12,Group_97,Group_58,Group_62,Group_16
User_4390 Surname_4390;Legal;Analyst;Group_82,Group_53,Group_65,Group_81,Group_68
User_4391 Surname_4391;Support;Analyst;Group_93,Group_61,Group_46,Group_68,Group_47,Group_69,Group_40,Group_26,Group_82
User_4392 Surname_4392;Marketing;Manager;Group_7,Group_27,Group_88,Group_55,Group_94,Group_8
User_4393 Surname_4393;Marketing;Intern;Group_46,Group_22
User_4394 Surname_4394;Finance;Director;Group_53,Group_94
User_4395 Surname_4395;Finance;Intern;Group_58,Group_20,Group_77,Group_13,Group_68
User_4396 Surname_4396;IT;Director;Group_74,Group_18,Group_58,Group_57,Group_84,Group_16,Group_67,Group_43,Group_98,Group_15
User_4397 Surname_4397;Product;Analyst;Group_97,Group_60,Group_49,Group_100
User_4398 Surname_4398;HR;VP;Group_56,Group_10,Group_63
User_4399 Surname_4399;Operations;Director;Group_32,Group_68,Group_64,Group_74,Group_30,Group_7,Group_44,Group_52
User_4400 Surname_4400;Operations;VP;Group_58,Group_13
User_4401 Surname_4401;IT;Manager;Group_39,Group_28,Group_38,Group_72,Group_84,Group_74,Group_68
User_4402 Surname_4402;Sales;Director;Group_86,Group_11,Group_23,Group_24,Group_12,Group_92
User_4403 Surname_4403;Marketing;VP;Group_7,Group_26,Group_81,Group_59,Group_67,Group_1,Group_29,Group_91,Group_69,Group_11
User_4404 Surname_4404;Support;VP;Group_77,Group_97,Group_55
User_4405 Surname_4405;Product;Analyst;Group_82,Group_87
User_4406 Surname_4406;IT;VP;Group_80,Group_70,Group_6,Group_79,Group_11,Group_69,Group_22,Group_68,Group_59
User_4407 Surname_4407;Support;Intern;Group_74,Group_60,Group_99
User_4408 Surname_4408;Engineering;VP;Group_87,Group_100,Group_63,Group_71,Group_88
User_4409 Surname_4409;Sales;Analyst;Group_11,Group_96,Group_30
User_4410 Surname_4410;HR;VP;Group_7,Group_34,Group_92,Group_49,Group_35,Group_12,Group_59
User_4411 Surname_4411;IT;VP;Group_29,Group_40,Group_5,Group_30,Group_9
User_4412 Surname_4412;Support;Associate;Group_18,Group_21,Group_30,Group_81,Group_17,Group_7,Group_40,Group_10,Group_60
User_4413 Surname_4413;Sales;Associate;Group_42,Group_40,Group_15
User_4414 Surname_4414;HR;Analyst;Group_23,Group_70,Group_4,Group_95,Group_2,Group_36,Group_81,Group_69
User_4415 Surname_4415;Finance;Associate;Group_39,Group_30,Group_69,Group_28,Group_34,Group_33,Group_66,Group_92,Group_47
User_4416 Surname_4416;Legal;Analyst;Group_40,Group_81,Group_59,Group_62,Group_97,Group_6,Group_74,Group_23
User_4417 Surname_4417;IT;Associate;Group_71,Group_53,Group_74,Group_41
User_4418 Surname_4418;Marketing;Associate;Group_84,Group_4,Group_42,Group_2,Group_80,Group_59,Group_7,Group_52
User_4419 Surname_4419;Finance;VP;Group_41,Group_99,Group_87,Group_56,Group_28
User_4420 Surname_4420;IT;Manager;Group_59,Group_47,Group_41,Group_17
User_4421 Surname_4421;Engineering;Director;Group_55,Group_19,Group_25,Group_73,Group_84,Group_62
User_4422 Surname_4422;Support;VP;Group_38,Group_90,Group_99,Group_81
User_4423 Surname_4423;Product;Intern;Group_83,Group_24,Group_63,Group_15
User_4424 Surname_4424;Engineering;Director;Group_77,Group_96,Group_88,Group_35,Group_41
User_4425 Surname_4425;Engineering;Manager;Group_94,Group_100,Group_85,Group_12,Group_53,Group_39
User_4426 Surname_4426;IT;Manager;Group_13,Group_67,Group_25,Group_26,Group_30,Group_53
User_4427 Surname_4427;IT;Director;Group_68,Group_88,Group_4,Group_7,Group_66,Group_9,Group_6
User_4428 Surname_4428;Sales;Director;Group_33,Group_68,Group_91,Group_78,Group_21,Group_76,Group_41,Group_13,Group_11,Group_59
User_4429 Surname_4429;Operations;VP;Group_77,Group_56,Group_79,Group_93,Group_42
User_4430 Surname_4430;HR;Associate;Group_7,Group_4,Group_81,Group_71,Group_73,Group_46
User_4431 Surname_4431;HR;VP;Group_34,Group_23,Group_95,Group_30
User_4432 Surname_4432;HR;Director;Group_48,Group_87,Group_72,Group_92,Group_94,Group_32,Group_84
User_4433 Surname_4433;Product;Intern;Group_19,Group_77,Group_56,Group_27,Group_11,Group_5,Group_22
User_4434 Surname_4434;Engineering;Manager;Group_78,Group_57,Group_33,Group_80
User_4435 Surname_4435;Finance;Analyst;Group_92,Group_10,Group_16,Group_83,Group_56,Group_43,Group_62,Group_42
User_4436 Surname_4436;Legal;VP;Group_77,Group_47,Group_99,Group_17,Group_93,Group_14
User_4437 Surname_4437;Product;VP;Group_30,Group_90,Group_76,Group_9
User_4438 Surname_4438;Legal;Analyst;Group_71,Group_68,Group_95,Group_61
User_4439 Surname_4439;HR;Associate;Group_39,Group_59,Group_3
User_4440 Surname_4440;IT;Associate;Group_27,Group_20,Group_39,Group_11,Group_48
User_4441 Surname_4441;Marketing;Associate;Group_22,Group_13,Group_1,Group_31,Group_21,Group_79,Group_95
User_4442 Surname_4442;Legal;Intern;Group_26,Group_38,Group_1
User_4443 Surname_4443;Product;Associate;Group_19,Group_40,Group_89,Group_7,Group_44,Group_14,Group_45,Group_65
User_4444 Surname_4444;Legal;Director;Group_82,Group_45,Group_38,Group_86,Group_20,Group_7,Group_53,Group_100,Group_74
User_4445 Surname_4445;Product;Associate;Group_11,Group_80,Group_20,Group_73
User_4446 Surname_4446;HR;Director;Group_10,Group_89,Group_79,Group_5,Group_65,Group_43,Group_82,Group_70,Group_66,Group_20
User_4447 Surname_4447;Engineering;Intern;Group_65,Group_86
User_4448 Surname_4448;HR;Intern;Group_44,Group_31,Group_26
User_4449 Surname_4449;Engineering;Analyst;Group_44,Group_48,Group_60
User_4450 Surname_4450;Sales;Manager;Group_25,Group_52,Group_53,Group_99,Group_14,Group_55,Group_12
User_4451 Surname_4451;IT;Manager;Group_49,Group_30
User_4452 Surname_4452;Finance;VP;Group_31,Group_18,Group_28
User_4453 Surname_4453;Engineering;Associate;Group_19,Group_78,Group_38,Group_68,Group_93,Group_31,Group_13,Group_51,Group_23
User_4454 Surname_4454;Marketing;VP;Group_66,Group_81,Group_82
User_4455 Surname_4455;HR;Intern;Group_33,Group_34,Group_75
User_4456 Surname_4456;IT;Director;Group_84,Group_31,Group_57,Group_86,Group_14,Group_52
User_4457 Surname_4457;Product;Director;Group_5,Group_55,Group_4,Group_15
User_4458 Surname_4458;HR;VP;Group_64,Group_14,Group_69,Group_92,Group_83,Group_46,Group_29
User_4459 Surname_4459;Product;Intern;Group_71,Group_74,Group_23,Group_4,Group_51,Group_52,Group_85,Group_95,Group_98
User_4460 Surname_4460;Product;Director;Group_39,Group_55,Group_36,Group_2,Group_6
User_4461 Surname_4461;HR;Director;Group_9,Group_86,Group_58,Group_41,Group_62,Group_50
User_4462 Surname_4462;Support;Manager;Group_82,Group_80,Group_22,Group_14,Group_90
User_4463 Surname_4463;HR;Director;Group_2,Group_92,Group_53,Group_12,Group_13,Group_45,Group_36,Group_64,Group_25
User_4464 Surname_4464;HR;Associate;Group_66,Group_11
User_4465 Surname_4465;Operations;Manager;Group_90,Group_33,Group_11,Group_37,Group_3,Group_47,Group_54,Group_78,Group_9,Group_42
User_4466 Surname_4466;IT;Intern;Group_30,Group_8,Group_24
User_4467 Surname_4467;Engineering;Director;Group_27,Group_61,Group_81,Group_97,Group_82
User_4468 Surname_4468;IT;VP;Group_89,Group_79
User_4469 Surname_4469;Marketing;Manager;Group_62,Group_11,Group_37
User_4470 Surname_4470;Marketing;Analyst;Group_22,Group_72,Group_41,Group_5,Group_86
User_4471 Surname_4471;Legal;Associate;Group_87,Group_92,Group_51,Group_95,Group_2,Group_32
User_4472 Surname_4472;Operations;VP;Group_51,Group_5,Group_93,Group_15,Group_62,Group_83,Group_31
User_4473 Surname_4473;Product;Intern;Group_75,Group_47,Group_49,Group_43,Group_62,Group_63
User_4474 Surname_4474;Legal;Director;Group_50,Group_81
User_4475 Surname_4475;Finance;Director;Group_58,Group_40
User_4476 Surname_4476;Marketing;Associate;Group_68,Group_85,Group_88,Group_36,Group_43
User_4477 Surname_4477;Engineering;Director;Group_32,Group_16,Group_53,Group_11,Group_75,Group_36,Group_26,Group_83
User_4478 Surname_4478;Finance;Director;Group_80,Group_76,Group_22,Group_86,Group_54,Group_77,Group_57
User_4479 Surname_4479;Legal;VP;Group_80,Group_23,Group_40,Group_20,Group_34
User_4480 Surname_4480;HR;Analyst;Group_76,Group_50,Group_41,Group_65,Group_43,Group_11,Group_7,Group_35,Group_69
User_4481 Surname_4481;Marketing;Manager;Group_13,Group_19,Group_39,Group_76,Group_29,Group_50,Group_63,Group_8,Group_93
User_4482 Surname_4482;Finance;Associate;Group_7,Group_99,Group_51,Group_88,Group_93,Group_38,Group_69,Group_50,Group_39,Group_9
User_4483 Surname_4483;HR;Intern;Group_67,Group_81,Group_11,Group_1,Group_33,Group_19,Group_10,Group_100
User_4484 Surname_4484;Legal;VP;Group_61,Group_81,Group_46,Group_17,Group_19,Group_41,Group_13,Group_94,Group_64,Group_65
User_4485 Surname_4485;IT;Analyst;Group_42,Group_23,Group_49,Group_72,Group_87
User_4486 Surname_4486;HR;VP;Group_33,Group_97,Group_46,Group_66,Group_3
User_4487 Surname_4487;Support;Analyst;Group_43,Group_59,Group_7,Group_36
User_4488 Surname_4488;Legal;Associate;Group_5,Group_92,Group_23,Group_51,Group_68,Group_34
User_4489 Surname_4489;Sales;Manager;Group_12,Group_45,Group_67,Group_59,Group_50,Group_69,Group_83
User_4490 Surname_4490;Engineering;Manager;Group_57,Group_14,Group_23
User_4491 Surname_4491;Product;Intern;Group_83,Group_35,Group_14,Group_84,Group_2,Group_92
User_4492 Surname_4492;Operations;Manager;Group_8,Group_81,Group_75,Group_25,Group_90,Group_35,Group_4,Group_32
User_4493 Surname_4493;Support;Director;Group_23,Group_69
User_4494 Surname_4494;Product;Associate;Group_98,Group_39,Group_24,Group_28,Group_75,Group_48,Group_2
User_4495 Surname_4495;Finance;Intern;Group_3,Group_51,Group_64,Group_7,Group_47,Group_29,Group_12,Group_95
User_4496 Surname_4496;Sales;Associate;Group_91,Group_60,Group_56,Group_85,Group_39
User_4497 Surname_4497;Finance;Intern;Group_86,Group_41,Group_39,Group_53,Group_3,Group_6,Group_52,Group_81,Group_44,Group_19
User_4498 Surname_4498;IT;Director;Group_96,Group_33,Group_50,Group_68,Group_11,Group_13,Group_58,Group_79,Group_93,Group_40
User_4499 Surname_4499;Product;Analyst;Group_14,Group_57,Group_51,Group_11,Group_18,Group_64,Group_62,Group_89,Group_97
User_4500 Surname_4500;Legal;VP;Group_43,Group_6,Group_1,Group_25,Group_56,Group_42,Group_72
User_4501 Surname_4501;Finance;VP;Group_35,Group_51
User_4502 Surname_4502;Product;Manager;Group_27,Group_16,Group_69,Group_7,Group_64
User_4503 Surname_4503;Operations;Analyst;Group_77,Group_25,Group_6,Group_68,Group_62,Group_52,Group_15,Group_48
User_4504 Surname_4504;Product;Manager;Group_22,Group_13,Group_64,Group_88,Group_5,Group_69
User_4505 Surname_4505;Finance;Director;Group_80,Group_69,Group_40,Group_92
User_4506 Surname_4506;Finance;Analyst;Group_27,Group_57,Group_87,Group_50,Group_67,Group_60,Group_76,Group_21,Group_63,Group_29
User_4507 Surname_4507;Sales;Manager;Group_5,Group_50,Group_61,Group_39,Group_8,Group_36
User_4508 Surname_4508;Legal;Associate;Group_49,Group_75,Group_76
User_4509 Surname_4509;Product;Manager;Group_53,Group_59,Group_88,Group_7,Group_26,Group_36,Group_14,Group_11,Group_23
User_4510 Surname_4510;Operations;Manager;Group_1,Group_18,Group_45,Group_6,Group_29,Group_62,Group_37
User_4511 Surname_4511;Marketing;Director;Group_56,Group_74
User_4512 Surname_4512;Sales;Manager;Group_56,Group_16,Group_27
User_4513 Surname_4513;Support;Associate;Group_68,Group_58,Group_44,Group_16,Group_55,Group_37,Group_62,Group_67,Group_52,Group_38
User_4514 Surname_4514;IT;Manager;Group_8,Group_82
User_4515 Surname_4515;Support;Manager;Group_21,Group_4
User_4516 Surname_4516;Finance;Intern;Group_91,Group_1,Group_29,Group_33,Group_96,Group_100,Group_63
User_4517 Surname_4517;Sales;Associate;Group_70,Group_92,Group_8,Group_29,Group_93,Group_69,Group_26,Group_89
User_4518 Surname_4518;Support;Intern;Group_63,Group_59,Group_23,Group_98,Group_19,Group_64,Group_50
User_4519 Surname_4519;Product;Associate;Group_76,Group_70
User_4520 Surname_4520;Support;Intern;Group_66,Group_44,Group_28,Group_56,Group_8
User_4521 Surname_4521;Operations;Analyst;Group_60,Group_53,Group_23,Group_10,Group_37,Group_72,Group_30,Group_71,Group_12
User_4522 Surname_4522;Finance;Analyst;Group_7,Group_42,Group_34,Group_81,Group_95
User_4523 Surname_4523;Sales;VP;Group_33,Group_45,Group_61,Group_96,Group_43,Group_60,Group_73,Group_76,Group_79
User_4524 Surname_4524;Sales;Director;Group_31,Group_76,Group_24,Group_1,Group_66,Group_53,Group_21
User_4525 Surname_4525;IT;Analyst;Group_2,Group_29,Group_77,Group_86,Group_39
User_4526 Surname_4526;Support;Manager;Group_87,Group_81,Group_29,Group_2,Group_34,Group_64
User_4527 Surname_4527;Operations;Associate;Group_39,Group_9,Group_95,Group_64,Group_13,Group_17,Group_16,Group_48,Group_90,Group_96
User_4528 Surname_4528;Finance;VP;Group_86,Group_22,Group_90,Group_56,Group_98,Group_43
User_4529 Surname_4529;Marketing;Intern;Group_46,Group_98,Group_6,Group_58,Group_40,Group_18
User_4530 Surname_4530;Marketing;Analyst;Group_28,Group_20,Group_72,Group_27,Group_9,Group_81,Group_23,Group_83
User_4531 Surname_4531;Engineering;Director;Group_23,Group_74,Group_48,Group_54,Group_68
User_4532 Surname_4532;IT;VP;Group_28,Group_78
User_4533 Surname_4533;Finance;Director;Group_1,Group_39,Group_48,Group_73,Group_98,Group_67,Group_97,Group_8,Group_42
User_4534 Surname_4534;Finance;Director;Group_16,Group_82,Group_15,Group_31,Group_40,Group_21
User_4535 Surname_4535;Product;VP;Group_1,Group_71,Group_52,Group_73,Group_68,Group_15,Group_93,Group_19
User_4536 Surname_4536;Finance;Director;Group_59,Group_78
User_4537 Surname_4537;Support;Intern;Group_22,Group_47,Group_64,Group_5
User_4538 Surname_4538;Support;Manager;Group_89,Group_46,Group_49,Group_1,Group_81,Group_97,Group_56
User_4539 Surname_4539;HR;Associate;Group_63,Group_75,Group_48,Group_47,Group_13,Group_96,Group_68,Group_55
User_4540 Surname_4540;Legal;Director;Group_25,Group_79,Group_9,Group_36,Group_65,Group_6
User_4541 Surname_4541;Finance;Manager;Group_12,Group_71,Group_99,Group_27,Group_11,Group_25,Group_32,Group_66,Group_18,Group_77
User_4542 Surname_4542;Sales;Associate;Group_55,Group_24,Group_72,Group_57,Group_54,Group_44,Group_32,Group_77,Group_40,Group_27
User_4543 Surname_4543;IT;Associate;Group_89,Group_65,Group_77,Group_90,Group_61,Group_9,Group_27,Group_10,Group_63
User_4544 Surname_4544;Engineering;Manager;Group_9,Group_77
User_4545 Surname_4545;Legal;Associate;Group_52,Group_21,Group_62
User_4546 Surname_4546;IT;Associate;Group_48,Group_68,Group_42,Group_92,Group_53
User_4547 Surname_4547;IT;Manager;Group_37,Group_85,Group_87,Group_75,Group_64,Group_46,Group_62
User_4548 Surname_4548;Legal;Manager;Group_36,Group_7,Group_100,Group_22
User_4549 Surname_4549;Operations;VP;Group_81,Group_15,Group_26,Group_9
User_4550 Surname_4550;Sales;Intern;Group_50,Group_54,Group_45
User_4551 Surname_4551;IT;Manager;Group_90,Group_74,Group_5,Group_66,Group_19,Group_69,Group_61
User_4552 Surname_4552;IT;Manager;Group_27,Group_59,Group_38,Group_45,Group_98,Group_87,Group_28,Group_60,Group_26
User_4553 Surname_4553;Legal;VP;Group_59,Group_52,Group_67,Group_39,Group_72,Group_26,Group_11,Group_78,Group_60
User_4554 Surname_4554;Finance;Director;Group_61,Group_76,Group_64,Group_32,Group_24,Group_98,Group_99,Group_39
User_4555 Surname_4555;Operations;Manager;Group_63,Group_4,Group_90,Group_74,Group_76,Group_61,Group_33,Group_29
User_4556 Surname_4556;IT;Manager;Group_68,Group_88,Group_94,Group_18
User_4557 Surname_4557;Marketing;Intern;Group_77,Group_9,Group_1,Group_84,Group_3
User_4558 Surname_4558;Marketing;Analyst;Group_100,Group_41,Group_45,Group_78,Group_56,Group_15,Group_42
User_4559 Surname_4559;Marketing;VP;Group_43,Group_92,Group_36,Group_60
User_4560 Surname_4560;HR;Director;Group_61,Group_46,Group_44,Group_53
User_4561 Surname_4561;Support;Intern;Group_49,Group_61,Group_53,Group_54,Group_22,Group_24,Group_96,Group_21,Group_42,Group_94
User_4562 Surname_4562;Marketing;VP;Group_9,Group_94,Group_42,Group_59
User_4563 Surname_4563;Finance;VP;Group_20,Group_15,Group_93,Group_71,Group_92,Group_49
User_4564 Surname_4564;Finance;Manager;Group_11,Group_31,Group_47,Group_56,Group_78,Group_57
User_4565 Surname_4565;Engineering;Associate;Group_30,Group_93,Group_29,Group_75,Group_72,Group_17,Group_24
User_4566 Surname_4566;Operations;VP;Group_96,Group_16,Group_92,Group_69,Group_13,Group_60,Group_88
User_4567 Surname_4567;Finance;Analyst;Group_13,Group_85,Group_27,Group_41,Group_94,Group_78,Group_77
User_4568 Surname_4568;Product;Manager;Group_10,Group_22,Group_94,Group_71,Group_91,Group_48,Group_25,Group_80
User_4569 Surname_4569;Marketing;Director;Group_67,Group_86,Group_94,Group_92
User_4570 Surname_4570;Product;Director;Group_29,Group_60,Group_99,Group_70,Group_15,Group_77
User_4571 Surname_4571;Marketing;Intern;Group_52,Group_34,Group_66,Group_60,Group_67,Group_23,Group_98,Group_45,Group_55,Group_37
User_4572 Surname_4572;Engineering;Director;Group_67,Group_29,Group_46,Group_24,Group_87,Group_91,Group_88,Group_60
User_4573 Surname_4573;Finance;Intern;Group_62,Group_67,Group_86,Group_42,Group_64
User_4574 Surname_4574;Marketing;VP;Group_9,Group_23,Group_81,Group_72,Group_79,Group_57,Group_35,Group_7,Group_15,Group_95
User_4575 Surname_4575;Finance;VP;Group_74,Group_43,Group_46,Group_17,Group_68,Group_59,Group_15,Group_67,Group_44
User_4576 Surname_4576;Finance;Director;Group_73,Group_15,Group_38
User_4577 Surname_4577;Finance;Director;Group_65,Group_67,Group_97,Group_12,Group_49,Group_11
User_4578 Surname_4578;Engineering;Analyst;Group_72,Group_35,Group_23
User_4579 Surname_4579;IT;Associate;Group_90,Group_11,Group_54,Group_1,Group_8,Group_36,Group_30,Group_37,Group_95,Group_53
User_4580 Surname_4580;Finance;Manager;Group_89,Group_3,Group_85,Group_68,Group_17,Group_54,Group_81,Group_49,Group_73,Group_42
User_4581 Surname_4581;IT;VP;Group_89,Group_34,Group_36,Group_91,Group_90,Group_35,Group_72,Group_54,Group_21,Group_17
User_4582 Surname_4582;Product;VP;Group_21,Group_78
User_4583 Surname_4583;IT;Director;Group_99,Group_25,Group_26,Group_12,Group_82,Group_5,Group_44,Group_9,Group_88,Group_29
User_4584 Surname_4584;Support;Intern;Group_66,Group_90,Group_34,Group_31,Group_21
User_4585 Surname_4585;Legal;Director;Group_91,Group_1,Group_79,Group_19,Group_53,Group_69,Group_23,Group_41,Group_2
User_4586 Surname_4586;Sales;VP;Group_31,Group_18,Group_76
User_4587 Surname_4587;Sales;Associate;Group_34,Group_71,Group_16,Group_90,Group_77,Group_29,Group_95,Group_65,Group_46
User_4588 Surname_4588;Operations;Associate;Group_58,Group_79,Group_14,Group_9,Group_46,Group_69,Group_20,Group_80,Group_50,Group_30
User_4589 Surname_4589;Finance;Intern;Group_40,Group_65,Group_97,Group_60,Group_64,Group_100
User_4590 Surname_4590;Marketing;Analyst;Group_45,Group_95,Group_24,Group_69,Group_23,Group_11
User_4591 Surname_4591;Sales;Analyst;Group_50,Group_6,Group_60,Group_41,Group_95,Group_97,Group_61,Group_14
User_4592 Surname_4592;Sales;VP;Group_80,Group_56,Group_45,Group_79,Group_71
User_4593 Surname_4593;Sales;Associate;Group_31,Group_16
User_4594 Surname_4594;Marketing;Manager;Group_2,Group_83,Group_31
User_4595 Surname_4595;IT;Associate;Group_84,Group_87,Group_99,Group_98,Group_70,Group_2,Group_13
User_4596 Surname_4596;Legal;Associate;Group_84,Group_68,Group_55,Group_24,Group_17,Group_56,Group_83,Group_44
User_4597 Surname_4597;Support;Associate;Group_17,Group_39,Group_86,Group_60,Group_12,Group_89,Group_13,Group_15
User_4598 Surname_4598;Operations;VP;Group_28,Group_26,Group_69,Group_55,Group_35,Group_32,Group_51,Group_85,Group_7,Group_84
User_4599 Surname_4599;Finance;Associate;Group_28,Group_85,Group_31,Group_61,Group_15,Group_76,Group_22,Group_42,Group_6,Group_30
User_4600 Surname_4600;Marketing;VP;Group_18,Group_37,Group_81,Group_36,Group_98,Group_24,Group_12,Group_84,Group_85
User_4601 Surname_4601;Support;Associate;Group_5,Group_27,Group_95,Group_67,Group_34,Group_31,Group_38,Group_87
User_4602 Surname_4602;Legal;Associate;Group_100,Group_63,Group_9,Group_53,Group_79,Group_20,Group_30
User_4603 Surname_4603;Product;Director;Group_79,Group_4,Group_100,Group_32,Group_66,Group_34,Group_8
User_4604 Surname_4604;Support;VP;Group_28,Group_72,Group_65,Group_22,Group_67,Group_19,Group_88,Group_31,Group_51,Group_21
User_4605 Surname_4605;Sales;Director;Group_24,Group_99,Group_73,Group_79,Group_31,Group_28,Group_71,Group_96,Group_76
User_4606 Surname_4606;Operations;Intern;Group_80,Group_56,Group_14,Group_9,Group_31,Group_10,Group_21,Group_49
User_4607 Surname_4607;HR;VP;Group_71,Group_20,Group_68
User_4608 Surname_4608;Operations;Associate;Group_82,Group_21,Group_34,Group_19,Group_10,Group_2,Group_84,Group_4
User_4609 Surname_4609;Legal;Associate;Group_15,Group_100,Group_73,Group_53,Group_1,Group_81,Group_79,Group_42,Group_12
User_4610 Surname_4610;Marketing;Intern;Group_71,Group_53,Group_94,Group_25
User_4611 Surname_4611;Engineering;Analyst;Group_67,Group_59,Group_48
User_4612 Surname_4612;Legal;Director;Group_41,Group_90,Group_21
User_4613 Surname_4613;Legal;Director;Group_79,Group_83,Group_28,Group_65,Group_23,Group_59
User_4614 Surname_4614;Product;Associate;Group_87,Group_7,Group_38,Group_37,Group_56
User_4615 Surname_4615;Finance;Intern;Group_43,Group_90,Group_25
User_4616 Surname_4616;Engineering;VP;Group_27,Group_55,Group_63,Group_36,Group_100,Group_97,Group_57
User_4617 Surname_4617;IT;Director;Group_12,Group_36,Group_8,Group_25,Group_88,Group_31
User_4618 Surname_4618;Legal;Associate;Group_21,Group_60,Group_97,Group_25,Group_23,Group_95
User_4619 Surname_4619;Product;Manager;Group_33,Group_84,Group_74,Group_69,Group_61,Group_71
User_4620 Surname_4620;IT;VP;Group_3,Group_56,Group_35,Group_59
User_4621 Surname_4621;Sales;Manager;Group_91,Group_98,Group_20,Group_77
User_4622 Surname_4622;Engineering;Intern;Group_53,Group_29,Group_31,Group_100,Group_30,Group_80,Group_3,Group_75
User_4623 Surname_4623;Sales;Analyst;Group_12,Group_36,Group_29,Group_43,Group_26
User_4624 Surname_4624;Finance;Intern;Group_73,Group_56,Group_55,Group_52,Group_24,Group_18,Group_46,Group_40
User_4625 Surname_4625;Support;Director;Group_13,Group_82,Group_49,Group_2,Group_83,Group_70,Group_28,Group_79,Group_61,Group_67
User_4626 Surname_4626;Product;Associate;Group_67,Group_32
User_4627 Surname_4627;Finance;Associate;Group_48,Group_95,Group_79,Group_68,Group_34,Group_60,Group_70,Group_46,Group_56,Group_15
User_4628 Surname_4628;Finance;VP;Group_93,Group_64,Group_72,Group_43,Group_78
User_4629 Surname_4629;Engineering;Intern;Group_16,Group_78,Group_10,Group_19,Group_64,Group_32,Group_56,Group_40,Group_12,Group_6
User_4630 Surname_4630;IT;Intern;Group_94,Group_21
User_4631 Surname_4631;Operations;Director;Group_32,Group_4,Group_65,Group_85,Group_22,Group_20,Group_53,Group_83
User_4632 Surname_4632;Legal;Analyst;Group_28,Group_35,Group_34,Group_10,Group_92,Group_45,Group_43,Group_41,Group_19
User_4633 Surname_4633;Legal;Intern;Group_92,Group_64,Group_63,Group_35,Group_19,Group_29,Group_87,Group_68,Group_85,Group_30
User_4634 Surname_4634;Support;Intern;Group_66,Group_42,Group_60,Group_89,Group_84,Group_53,Group_52,Group_15
User_4635 Surname_4635;HR;Intern;Group_38,Group_68,Group_89,Group_24
User_4636 Surname_4636;IT;Director;Group_61,Group_94,Group_72,Group_7,Group_42,Group_29,Group_14,Group_52
User_4637 Surname_4637;Support;Analyst;Group_53,Group_50,Group_70,Group_18,Group_90,Group_29,Group_11,Group_99
User_4638 Surname_4638;Marketing;Manager;Group_59,Group_33,Group_24,Group_25,Group_64,Group_58,Group_10
User_4639 Surname_4639;Product;Director;Group_35,Group_1,Group_19,Group_64,Group_6,Group_24,Group_18,Group_17,Group_27,Group_12
User_4640 Surname_4640;IT;Intern;Group_12,Group_37,Group_44,Group_10,Group_66,Group_58,Group_48,Group_32
User_4641 Surname_4641;Sales;Director;Group_11,Group_82
User_4642 Surname_4642;IT;Manager;Group_95,Group_51,Group_6,Group_26,Group_100
User_4643 Surname_4643;Support;Manager;Group_99,Group_20,Group_1,Group_75,Group_95,Group_98,Group_89,Group_91,Group_24,Group_6
User_4644 Surname_4644;Marketing;Manager;Group_66,Group_20,Group_27,Group_3,Group_98,Group_76,Group_7
User_4645 Surname_4645;HR;Intern;Group_65,Group_56,Group_98,Group_31,Group_48,Group_20
User_4646 Surname_4646;Support;Associate;Group_87,Group_18
User_4647 Surname_4647;HR;VP;Group_75,Group_12
User_4648 Surname_4648;IT;Analyst;Group_92,Group_60,Group_41,Group_23,Group_4,Group_16,Group_61,Group_72
User_4649 Surname_4649;Support;Director;Group_51,Group_8,Group_74,Group_88,Group_5,Group_92
User_4650 Surname_4650;HR;Associate;Group_29,Group_50,Group_59,Group_82
User_4651 Surname_4651;Product;Manager;Group_30,Group_46,Group_50,Group_62,Group_61
User_4652 Surname_4652;Operations;VP;Group_87,Group_73,Group_90
User_4653 Surname_4653;Legal;Manager;Group_58,Group_23,Group_66,Group_54,Group_100,Group_38
User_4654 Surname_4654;Engineering;Associate;Group_59,Group_24,Group_100,Group_61,Group_7
User_4655 Surname_4655;Finance;Manager;Group_42,Group_9,Group_32
User_4656 Surname_4656;Legal;VP;Group_27,Group_16,Group_100,Group_19,Group_8
User_4657 Surname_4657;Finance;Intern;Group_86,Group_95,Group_16,Group_64,Group_58,Group_48
User_4658 Surname_4658;HR;Director;Group_83,Group_57,Group_1,Group_26,Group_79
User_4659 Surname_4659;Operations;VP;Group_25,Group_94,Group_46,Group_55,Group_72,Group_6,Group_11
User_4660 Surname_4660;Finance;Analyst;Group_99,Group_76,Group_28,Group_91,Group_57
User_4661 Surname_4661;Engineering;Director;Group_100,Group_88,Group_90,Group_97,Group_63,Group_5
User_4662 Surname_4662;Operations;Director;Group_78,Group_96,Group_72,Group_56,Group_83,Group_64,Group_46
User_4663 Surname_4663;Engineering;Intern;Group_29,Group_66,Group_47,Group_32,Group_74,Group_40,Group_70,Group_14,Group_44,Group_6
User_4664 Surname_4664;Product;Intern;Group_52,Group_65,Group_11,Group_40,Group_46,Group_5,Group_62,Group_56,Group_93,Group_61
User_4665 Surname_4665;Engineering;VP;Group_4,Group_57
User_4666 Surname_4666;Support;Intern;Group_42,Group_24,Group_44,Group_79,Group_31,Group_12,Group_43,Group_35
User_4667 Surname_4667;Support;Associate;Group_36,Group_95,Group_13,Group_35,Group_29,Group_86,Group_54
User_4668 Surname_4668;Product;Manager;Group_75,Group_56,Group_81,Group_32,Group_3,Group_76
User_4669 Surname_4669;Sales;Analyst;Group_36,Group_96,Group_62,Group_58,Group_7,Group_76,Group_16,Group_59
User_4670 Surname_4670;Sales;Director;Group_89,Group_14,Group_81,Group_15
User_4671 Surname_4671;Operations;Manager;Group_60,Group_32,Group_70,Group_80,Group_45,Group_91,Group_9,Group_40,Group_3,Group_8
User_4672 Surname_4672;Engineering;VP;Group_96,Group_78,Group_58
User_4673 Surname_4673;Sales;Intern;Group_44,Group_75,Group_41,Group_24,Group_46,Group_63,Group_2,Group_14,Group_33,Group_90
User_4674 Surname_4674;IT;Director;Group_1,Group_50,Group_38,Group_24,Group_69,Group_60
User_4675 Surname_4675;Engineering;Associate;Group_69,Group_8
User_4676 Surname_4676;HR;Associate;Group_4,Group_43,Group_54,Group_97,Group_9
User_4677 Surname_4677;IT;Manager;Group_90,Group_54,Group_9,Group_7,Group_70,Group_78,Group_30
User_4678 Surname_4678;Product;Associate;Group_87,Group_49,Group_48,Group_5,Group_93,Group_37
User_4679 Surname_4679;Operations;Analyst;Group_75,Group_96,Group_46,Group_22
User_4680 Surname_4680;Operations;Analyst;Group_100,Group_65,Group_8,Group_13,Group_58
User_4681 Surname_4681;IT;Manager;Group_75,Group_89,Group_73
User_4682 Surname_4682;Finance;Intern;Group_34,Group_80,Group_38,Group_44,Group_9,Group_2,Group_69,Group_16,Group_79
User_4683 Surname_4683;Finance;VP;Group_42,Group_2,Group_91,Group_3,Group_27,Group_47,Group_85,Group_15
User_4684 Surname_4684;Operations;Manager;Group_92,Group_69,Group_63,Group_35
User_4685 Surname_4685;Sales;Analyst;Group_49,Group_75,Group_55,Group_86,Group_44,Group_21
User_4686 Surname_4686;Marketing;VP;Group_100,Group_94,Group_31,Group_96,Group_41,Group_12,Group_48,Group_53
User_4687 Surname_4687;Legal;Director;Group_46,Group_68
User_4688 Surname_4688;Finance;Associate;Group_19,Group_21,Group_49,Group_54,Group_2,Group_70,Group_75,Group_50,Group_81,Group_96
User_4689 Surname_4689;Finance;Director;Group_29,Group_93,Group_39,Group_79,Group_64
User_4690 Surname_4690;Engineering;Manager;Group_12,Group_37,Group_6,Group_80,Group_50,Group_31,Group_61,Group_32,Group_34
User_4691 Surname_4691;Finance;Associate;Group_87,Group_36,Group_85,Group_35
User_4692 Surname_4692;Marketing;Director;Group_73,Group_41,Group_21,Group_74,Group_16,Group_64
User_4693 Surname_4693;IT;Analyst;Group_92,Group_71,Group_70,Group_27,Group_35,Group_45,Group_90,Group_95
User_4694 Surname_4694;Marketing;Director;Group_4,Group_86,Group_9,Group_34,Group_88,Group_12,Group_99
User_4695 Surname_4695;Marketing;Associate;Group_10,Group_55,Group_29,Group_92,Group_44
User_4696 Surname_4696;Legal;Intern;Group_95,Group_83
User_4697 Surname_4697;Support;Intern;Group_94,Group_73,Group_84
User_4698 Surname_4698;Marketing;Director;Group_64,Group_31,Group_80,Group_33,Group_24
User_4699 Surname_4699;Engineering;Intern;Group_83,Group_77,Group_24,Group_100,Group_41,Group_66,Group_37,Group_60
User_4700 Surname_4700;Marketing;Intern;Group_55,Group_80,Group_40,Group_52,Group_27,Group_93,Group_73,Group_61,Group_19,Group_3
User_4701 Surname_4701;IT;VP;Group_74,Group_30,Group_71
User_4702 Surname_4702;Finance;Manager;Group_25,Group_22
User_4703 Surname_4703;Finance;Director;Group_64,Group_62,Group_95,Group_28,Group_81,Group_46,Group_49
User_4704 Surname_4704;Sales;Manager;Group_54,Group_28,Group_45,Group_59,Group_85,Group_55,Group_38,Group_2
User_4705 Surname_4705;Legal;Intern;Group_42,Group_74
User_4706 Surname_4706;Legal;Director;Group_12,Group_99
User_4707 Surname_4707;Support;Manager;Group_65,Group_97,Group_95,Group_91,Group_21,Group_15,Group_19,Group_10,Group_48
User_4708 Surname_4708;Operations;Analyst;Group_67,Group_43,Group_44,Group_8,Group_20
User_4709 Surname_4709;Engineering;Intern;Group_26,Group_52,Group_67,Group_64,Group_86,Group_78,Group_2,Group_66,Group_69,Group_24
User_4710 Surname_4710;Legal;Intern;Group_9,Group_18,Group_52,Group_50,Group_17
User_4711 Surname_4711;Legal;Director;Group_15,Group_51,Group_38,Group_62
User_4712 Surname_4712;Support;VP;Group_93,Group_57
User_4713 Surname_4713;IT;Director;Group_61,Group_24,Group_33
User_4714 Surname_4714;Finance;Director;Group_74,Group_35,Group_48,Group_41,Group_22,Group_81,Group_56,Group_85,Group_33,Group_43
User_4715 Surname_4715;Legal;Intern;Group_54,Group_25,Group_100,Group_57,Group_3,Group_70,Group_46,Group_81
User_4716 Surname_4716;Sales;Director;Group_89,Group_31,Group_88,Group_12
User_4717 Surname_4717;Operations;Manager;Group_47,Group_35,Group_43,Group_48,Group_79
User_4718 Surname_4718;Operations;Associate;Group_19,Group_34,Group_79
User_4719 Surname_4719;Engineering;VP;Group_18,Group_44
User_4720 Surname_4720;Support;Associate;Group_2,Group_30,Group_28,Group_52
User_4721 Surname_4721;Operations;Director;Group_63,Group_29,Group_62,Group_81,Group_93,Group_58,Group_14,Group_4
User_4722 Surname_4722;Sales;Intern;Group_33,Group_61,Group_13,Group_91,Group_88,Group_50
User_4723 Surname_4723;Engineering;Analyst;Group_12,Group_38
User_4724 Surname_4724;Finance;Manager;Group_38,Group_57,Group_37,Group_42,Group_17,Group_40,Group_66,Group_62
User_4725 Surname_4725;Engineering;Director;Group_59,Group_76,Group_61
User_4726 Surname_4726;Support;Intern;Group_8,Group_60,Group_23,Group_39
User_4727 Surname_4727;Operations;Associate;Group_12,Group_68,Group_34,Group_98,Group_49
User_4728 Surname_4728;Support;Director;Group_14,Group_32,Group_34,Group_16,Group_67,Group_76,Group_31
User_4729 Surname_4729;Engineering;Associate;Group_8,Group_47,Group_18,Group_35,Group_53,Group_16,Group_11,Group_4,Group_71,Group_37
User_4730 Surname_4730;Finance;Director;Group_54,Group_16,Group_46
User_4731 Surname_4731;HR;Analyst;Group_48,Group_33,Group_37,Group_18,Group_88,Group_31
User_4732 Surname_4732;Marketing;Associate;Group_65,Group_88,Group_24,Group_47
User_4733 Surname_4733;Support;Analyst;Group_50,Group_83,Group_70,Group_8,Group_84,Group_64,Group_19,Group_1,Group_18
User_4734 Surname_4734;Support;Analyst;Group_1,Group_46,Group_100,Group_38,Group_92,Group_48,Group_76,Group_21,Group_13
User_4735 Surname_4735;IT;Associate;Group_18,Group_45,Group_24
User_4736 Surname_4736;Legal;Manager;Group_23,Group_53,Group_84
User_4737 Surname_4737;Engineering;Manager;Group_88,Group_32,Group_60,Group_30,Group_12
User_4738 Surname_4738;Engineering;Analyst;Group_28,Group_82
User_4739 Surname_4739;Finance;Director;Group_94,Group_90,Group_66
User_4740 Surname_4740;IT;VP;Group_28,Group_12,Group_96,Group_65,Group_19,Group_26
User_4741 Surname_4741;Finance;Analyst;Group_46,Group_38,Group_28,Group_27,Group_78,Group_30,Group_5
User_4742 Surname_4742;Sales;VP;Group_5,Group_71,Group_48,Group_77,Group_45
User_4743 Surname_4743;Finance;Analyst;Group_3,Group_73,Group_81,Group_13,Group_67,Group_52,Group_93
User_4744 Surname_4744;Finance;VP;Group_96,Group_65,Group_62,Group_42,Group_70,Group_57,Group_75,Group_44
User_4745 Surname_4745;Finance;VP;Group_5,Group_88,Group_67,Group_40,Group_18,Group_2,Group_63,Group_17,Group_26
User_4746 Surname_4746;Legal;Associate;Group_35,Group_87,Group_69,Group_58,Group_96,Group_88,Group_72,Group_86
User_4747 Surname_4747;Sales;Associate;Group_74,Group_99,Group_69,Group_73,Group_13,Group_58
User_4748 Surname_4748;Engineering;Associate;Group_13,Group_15,Group_3,Group_53,Group_35,Group_9,Group_43,Group_19,Group_97,Group_31
User_4749 Surname_4749;Operations;Director;Group_92,Group_52,Group_77,Group_31,Group_10,Group_47,Group_78,Group_53,Group_73
User_4750 Surname_4750;Support;Manager;Group_49,Group_11,Group_80,Group_47,Group_70,Group_35,Group_3,Group_44,Group_42
User_4751 Surname_4751;IT;Analyst;Group_56,Group_69,Group_58,Group_15,Group_28,Group_8,Group_50,Group_92,Group_42
User_4752 Surname_4752;Engineering;VP;Group_79,Group_90
User_4753 Surname_4753;IT;Associate;Group_82,Group_98,Group_51,Group_12,Group_27,Group_4,Group_14,Group_11,Group_10,Group_44
User_4754 Surname_4754;Operations;Intern;Group_49,Group_69,Group_58,Group_57,Group_46,Group_11,Group_62,Group_33,Group_6
User_4755 Surname_4755;Finance;Intern;Group_25,Group_5,Group_70
User_4756 Surname_4756;Marketing;Associate;Group_88,Group_41,Group_43,Group_2,Group_13,Group_74,Group_23,Group_81
User_4757 Surname_4757;HR;VP;Group_34,Group_97,Group_40,Group_48,Group_56
User_4758 Surname_4758;Finance;Director;Group_63,Group_2,Group_68,Group_11,Group_7,Group_24,Group_9
User_4759 Surname_4759;IT;Intern;Group_84,Group_56
User_4760 Surname_4760;Marketing;Director;Group_96,Group_46,Group_23,Group_57,Group_21,Group_28,Group_48,Group_20,Group_81,Group_53
User_4761 Surname_4761;Operations;Intern;Group_62,Group_49,Group_72,Group_71,Group_70,Group_50,Group_67
User_4762 Surname_4762;IT;Intern;Group_41,Group_80,Group_7,Group_13,Group_3,Group_2
User_4763 Surname_4763;Engineering;Intern;Group_29,Group_18,Group_47,Group_33
User_4764 Surname_4764;Sales;VP;Group_21,Group_53
User_4765 Surname_4765;IT;Associate;Group_22,Group_91,Group_10
User_4766 Surname_4766;Legal;Director;Group_55,Group_45,Group_25,Group_92,Group_73
User_4767 Surname_4767;Finance;VP;Group_2,Group_86,Group_53,Group_78,Group_23,Group_68,Group_52
User_4768 Surname_4768;Operations;VP;Group_61,Group_20,Group_63,Group_39,Group_50,Group_51,Group_32,Group_60,Group_64
User_4769 Surname_4769;IT;Intern;Group_21,Group_79,Group_75,Group_7,Group_35,Group_64
User_4770 Surname_4770;Operations;Associate;Group_77,Group_35,Group_85
User_4771 Surname_4771;Product;Associate;Group_66,Group_81,Group_4
User_4772 Surname_4772;Finance;Manager;Group_19,Group_91,Group_45,Group_22,Group_4,Group_20,Group_16
User_4773 Surname_4773;Support;Analyst;Group_44,Group_16
User_4774 Surname_4774;Marketing;Associate;Group_3,Group_97,Group_61,Group_56,Group_47,Group_58
User_4775 Surname_4775;Product;Analyst;Group_69,Group_63,Group_53,Group_94,Group_99
User_4776 Surname_4776;Marketing;Director;Group_42,Group_60,Group_76,Group_84,Group_10,Group_40,Group_29,Group_45,Group_88
User_4777 Surname_4777;IT;VP;Group_65,Group_32
User_4778 Surname_4778;Legal;Associate;Group_84,Group_29,Group_6,Group_35,Group_33,Group_78,Group_11,Group_30,Group_47
User_4779 Surname_4779;Legal;Manager;Group_67,Group_68,Group_78,Group_56,Group_35,Group_22
User_4780 Surname_4780;Finance;Associate;Group_53,Group_20,Group_16,Group_43,Group_39,Group_85,Group_96,Group_73,Group_33
User_4781 Surname_4781;Marketing;Associate;Group_15,Group_51
User_4782 Surname_4782;IT;Analyst;Group_99,Group_63
User_4783 Surname_4783;Engineering;Analyst;Group_67,Group_57,Group_97,Group_53,Group_70,Group_76,Group_81,Group_51
User_4784 Surname_4784;Marketing;Associate;Group_94,Group_81,Group_60,Group_36,Group_79
User_4785 Surname_4785;Product;VP;Group_53,Group_61,Group_38,Group_77,Group_69,Group_49
User_4786 Surname_4786;Marketing;Analyst;Group_60,Group_42
User_4787 Surname_4787;Marketing;VP;Group_12,Group_8,Group_15,Group_20
User_4788 Surname_4788;Engineering;Director;Group_60,Group_40,Group_91,Group_27
User_4789 Surname_4789;Engineering;VP;Group_30,Group_5,Group_82,Group_8,Group_22,Group_93,Group_33,Group_59
User_4790 Surname_4790;Engineering;Analyst;Group_35,Group_47
User_4791 Surname_4791;Finance;Analyst;Group_95,Group_43
User_4792 Surname_4792;IT;Associate;Group_1,Group_30
User_4793 Surname_4793;Legal;Director;Group_28,Group_95,Group_49,Group_8,Group_98,Group_20,Group_71,Group_68,Group_44
User_4794 Surname_4794;Marketing;Manager;Group_25,Group_87,Group_4
User_4795 Surname_4795;Finance;Intern;Group_7,Group_97,Group_83,Group_69,Group_91,Group_25,Group_5,Group_51,Group_40,Group_76
User_4796 Surname_4796;HR;VP;Group_5,Group_51,Group_99,Group_88,Group_70,Group_63,Group_58,Group_12,Group_49
User_4797 Surname_4797;Engineering;VP;Group_29,Group_40,Group_37,Group_33,Group_28,Group_63,Group_79,Group_48,Group_86,Group_57
User_4798 Surname_4798;Sales;Intern;Group_25,Group_36,Group_47,Group_3,Group_7,Group_8,Group_40,Group_2
User_4799 Surname_4799;Legal;VP;Group_30,Group_27,Group_75,Group_59
User_4800 Surname_4800;Legal;Analyst;Group_94,Group_10,Group_44,Group_96,Group_6,Group_78,Group_55
User_4801 Surname_4801;Sales;VP;Group_64,Group_84,Group_52,Group_90
User_4802 Surname_4802;Product;Associate;Group_50,Group_43
User_4803 Surname_4803;Finance;Analyst;Group_40,Group_11,Group_35,Group_54,Group_17,Group_100,Group_6,Group_32
User_4804 Surname_4804;Support;Associate;Group_44,Group_85,Group_26,Group_95,Group_39,Group_19,Group_75,Group_2,Group_37,Group_34
User_4805 Surname_4805;HR;VP;Group_1,Group_68,Group_90,Group_45,Group_29
User_4806 Surname_4806;Finance;VP;Group_8,Group_52,Group_2,Group_18,Group_63,Group_56,Group_76,Group_55
User_4807 Surname_4807;Legal;Associate;Group_38,Group_29,Group_18,Group_41,Group_49,Group_42,Group_86
User_4808 Surname_4808;Support;Intern;Group_23,Group_59,Group_19,Group_49,Group_21
User_4809 Surname_4809;Operations;Analyst;Group_7,Group_13,Group_64
User_4810 Surname_4810;Product;Analyst;Group_54,Group_26
User_4811 Surname_4811;Operations;Manager;Group_52,Group_23,Group_86,Group_58,Group_17,Group_96,Group_94,Group_95,Group_89
User_4812 Surname_4812;HR;Manager;Group_96,Group_33,Group_92,Group_90,Group_95,Group_15,Group_84,Group_74,Group_24
User_4813 Surname_4813;Product;VP;Group_1,Group_38,Group_30,Group_37,Group_4,Group_79,Group_18
User_4814 Surname_4814;Engineering;Manager;Group_68,Group_73,Group_97,Group_10,Group_85,Group_30,Group_26
User_4815 Surname_4815;Product;Analyst;Group_7,Group_59,Group_9,Group_30,Group_99,Group_90,Group_52,Group_72,Group_66,Group_31
User_4816 Surname_4816;Engineering;Analyst;Group_93,Group_78,Group_36,Group_17,Group_83
User_4817 Surname_4817;IT;Intern;Group_64,Group_56,Group_22,Group_73,Group_49,Group_44,Group_78,Group_85,Group_60,Group_27
User_4818 Surname_4818;Marketing;Manager;Group_1,Group_96
User_4819 Surname_4819;Operations;Analyst;Group_59,Group_45,Group_38,Group_69,Group_29,Group_31,Group_4,Group_25
User_4820 Surname_4820;Legal;VP;Group_93,Group_86,Group_61,Group_1
User_4821 Surname_4821;Engineering;Associate;Group_87,Group_40,Group_82,Group_73
User_4822 Surname_4822;Marketing;Analyst;Group_30,Group_86,Group_42,Group_26
User_4823 Surname_4823;HR;Manager;Group_88,Group_74,Group_16,Group_27,Group_49
User_4824 Surname_4824;Product;Manager;Group_49,Group_29,Group_59,Group_53,Group_11
User_4825 Surname_4825;Operations;Intern;Group_31,Group_94,Group_76,Group_83,Group_52,Group_73,Group_42,Group_87,Group_19
User_4826 Surname_4826;Product;Director;Group_61,Group_57,Group_45,Group_94,Group_50,Group_40,Group_77,Group_6,Group_49,Group_67
User_4827 Surname_4827;Sales;Director;Group_41,Group_29,Group_24
User_4828 Surname_4828;Finance;VP;Group_88,Group_20,Group_8,Group_34,Group_37,Group_76,Group_25,Group_62,Group_66,Group_46
User_4829 Surname_4829;IT;Director;Group_1,Group_38,Group_79,Group_89,Group_86,Group_68,Group_37,Group_36
User_4830 Surname_4830;Engineering;VP;Group_23,Group_25,Group_81,Group_37
User_4831 Surname_4831;Support;VP;Group_74,Group_54,Group_33,Group_91,Group_63,Group_67,Group_43,Group_76
User_4832 Surname_4832;Support;Intern;Group_63,Group_35,Group_91,Group_17,Group_69,Group_74,Group_4,Group_29
User_4833 Surname_4833;Sales;Intern;Group_90,Group_79,Group_30,Group_96
User_4834 Surname_4834;Engineering;Director;Group_41,Group_78,Group_24,Group_74,Group_88,Group_84,Group_35
User_4835 Surname_4835;Sales;Manager;Group_63,Group_61,Group_34,Group_9
User_4836 Surname_4836;IT;Associate;Group_68,Group_93,Group_89,Group_9,Group_2,Group_67
User_4837 Surname_4837;Product;Director;Group_73,Group_88,Group_57,Group_76,Group_81,Group_37,Group_17,Group_85,Group_12
User_4838 Surname_4838;Marketing;Associate;Group_74,Group_1,Group_61,Group_83,Group_88,Group_73,Group_46,Group_5,Group_6
User_4839 Surname_4839;Marketing;Intern;Group_48,Group_44,Group_49,Group_82,Group_86,Group_12,Group_45,Group_71
User_4840 Surname_4840;Legal;Manager;Group_40,Group_25,Group_96,Group_23,Group_11
User_4841 Surname_4841;IT;Manager;Group_65,Group_80,Group_19,Group_50,Group_41,Group_48,Group_21,Group_24,Group_96,Group_78
User_4842 Surname_4842;Legal;Intern;Group_46,Group_21,Group_1,Group_13,Group_36,Group_92,Group_33,Group_41,Group_53
User_4843 Surname_4843;HR;Intern;Group_52,Group_8,Group_25,Group_14,Group_28,Group_41,Group_77
User_4844 Surname_4844;Sales;Manager;Group_82,Group_5,Group_9,Group_13,Group_33
User_4845 Surname_4845;Marketing;Manager;Group_41,Group_63,Group_24,Group_68,Group_33,Group_51,Group_61,Group_43,Group_38,Group_29
User_4846 Surname_4846;Sales;Manager;Group_34,Group_86,Group_19,Group_92,Group_21,Group_70
User_4847 Surname_4847;HR;Manager;Group_57,Group_37,Group_95
User_4848 Surname_4848;IT;Analyst;Group_24,Group_100
User_4849 Surname_4849;Product;Director;Group_83,Group_94,Group_7,Group_70,Group_39,Group_73,Group_89,Group_64,Group_29,Group_18
User_4850 Surname_4850;Engineering;VP;Group_38,Group_8,Group_61,Group_1,Group_42
User_4851 Surname_4851;Operations;Associate;Group_93,Group_85,Group_2,Group_79,Group_15,Group_68
User_4852 Surname_4852;IT;Director;Group_82,Group_15,Group_87,Group_20,Group_65,Group_90,Group_11
User_4853 Surname_4853;IT;Director;Group_27,Group_18,Group_46,Group_44,Group_91,Group_17,Group_28,Group_85,Group_80,Group_50
User_4854 Surname_4854;Engineering;VP;Group_20,Group_23,Group_8,Group_13,Group_9,Group_61,Group_71,Group_2,Group_3,Group_100
User_4855 Surname_4855;Product;Associate;Group_61,Group_11,Group_100,Group_27,Group_44,Group_43,Group_53
User_4856 Surname_4856;IT;VP;Group_46,Group_87,Group_52,Group_57,Group_56,Group_22,Group_100,Group_41
User_4857 Surname_4857;Legal;Intern;Group_60,Group_10
User_4858 Surname_4858;Engineering;Analyst;Group_53,Group_1
User_4859 Surname_4859;Support;Associate;Group_94,Group_83,Group_63,Group_84,Group_37,Group_20,Group_1
User_4860 Surname_4860;Legal;Intern;Group_100,Group_7,Group_94,Group_17,Group_28,Group_86,Group_13
User_4861 Surname_4861;Operations;Analyst;Group_27,Group_33,Group_21
User_4862 Surname_4862;Support;Director;Group_8,Group_12,Group_89,Group_95,Group_45,Group_52
User_4863 Surname_4863;Legal;Analyst;Group_87,Group_67,Group_41,Group_90,Group_99,Group_91,Group_78,Group_51,Group_94
User_4864 Surname_4864;Marketing;Analyst;Group_94,Group_9,Group_6
User_4865 Surname_4865;Sales;Intern;Group_58,Group_35,Group_71,Group_19
User_4866 Surname_4866;Operations;VP;Group_44,Group_3,Group_76,Group_25,Group_49,Group_4,Group_70,Group_26
User_4867 Surname_4867;Legal;Manager;Group_88,Group_18,Group_73
User_4868 Surname_4868;Engineering;Director;Group_57,Group_47,Group_49
User_4869 Surname_4869;HR;Analyst;Group_46,Group_65
User_4870 Surname_4870;Marketing;Director;Group_2,Group_34
User_4871 Surname_4871;Product;Manager;Group_87,Group_67,Group_88,Group_74,Group_51,Group_35
User_4872 Surname_4872;IT;Director;Group_85,Group_80,Group_53,Group_16,Group_4,Group_44
User_4873 Surname_4873;HR;Intern;Group_31,Group_23,Group_57,Group_59,Group_14,Group_10,Group_81,Group_25
User_4874 Surname_4874;Finance;Analyst;Group_98,Group_65,Group_45,Group_11,Group_49,Group_62,Group_95,Group_46,Group_90
User_4875 Surname_4875;Sales;VP;Group_1,Group_15,Group_4,Group_54,Group_55,Group_63,Group_75
User_4876 Surname_4876;Legal;Manager;Group_4,Group_26,Group_44,Group_33
User_4877 Surname_4877;Support;VP;Group_73,Group_60,Group_92,Group_81,Group_68
User_4878 Surname_4878;Marketing;VP;Group_19,Group_13,Group_57,Group_17
User_4879 Surname_4879;Sales;Analyst;Group_50,Group_86
User_4880 Surname_4880;Engineering;Manager;Group_76,Group_60,Group_1,Group_61,Group_82,Group_91,Group_22,Group_29
User_4881 Surname_4881;Support;Associate;Group_22,Group_27,Group_38,Group_4,Group_94,Group_24,Group_45,Group_76,Group_84,Group_2
User_4882 Surname_4882;Legal;Manager;Group_89,Group_77,Group_50
User_4883 Surname_4883;Legal;Intern;Group_55,Group_100,Group_83,Group_54,Group_8,Group_85,Group_82,Group_9,Group_67,Group_37
User_4884 Surname_4884;Product;Analyst;Group_84,Group_2,Group_53,Group_59,Group_49
User_4885 Surname_4885;Finance;VP;Group_98,Group_65,Group_83
User_4886 Surname_4886;Finance;Associate;Group_24,Group_44,Group_14,Group_42,Group_88
User_4887 Surname_4887;Operations;Analyst;Group_58,Group_60
User_4888 Surname_4888;Engineering;Director;Group_41,Group_99,Group_91
User_4889 Surname_4889;Product;Intern;Group_56,Group_29,Group_80,Group_89
User_4890 Surname_4890;Legal;VP;Group_85,Group_70,Group_36,Group_49,Group_90,Group_57,Group_67,Group_71
User_4891 Surname_4891;Operations;Intern;Group_62,Group_69,Group_55,Group_65,Group_98,Group_20,Group_5,Group_18,Group_8
User_4892 Surname_4892;HR;Intern;Group_5,Group_94,Group_9,Group_91,Group_12,Group_83,Group_10
User_4893 Surname_4893;Sales;Manager;Group_21,Group_84,Group_35,Group_15
User_4894 Surname_4894;Engineering;Manager;Group_59,Group_23,Group_74,Group_84,Group_56,Group_94,Group_90,Group_95,Group_9
User_4895 Surname_4895;Engineering;VP;Group_6,Group_77,Group_74,Group_2,Group_53,Group_30,Group_61,Group_26,Group_99
User_4896 Surname_4896;Operations;Associate;Group_52,Group_10,Group_42,Group_38,Group_95,Group_3,Group_51,Group_96
User_4897 Surname_4897;Support;Manager;Group_93,Group_33,Group_9,Group_65,Group_90,Group_25
User_4898 Surname_4898;Operations;Associate;Group_65,Group_19,Group_16,Group_35
User_4899 Surname_4899;Engineering;Director;Group_11,Group_34,Group_68,Group_52,Group_22,Group_61,Group_88,Group_10,Group_19
User_4900 Surname_4900;Legal;Analyst;Group_47,Group_46,Group_35,Group_82,Group_53,Group_55,Group_59,Group_69
User_4901 Surname_4901;Sales;Analyst;Group_12,Group_62,Group_74,Group_20,Group_72,Group_61,Group_13,Group_56,Group_87,Group_39
User_4902 Surname_4902;Product;Manager;Group_25,Group_60,Group_85,Group_82
User_4903 Surname_4903;Finance;VP;Group_61,Group_6,Group_53,Group_8
User_4904 Surname_4904;HR;Director;Group_21,Group_10,Group_99,Group_30,Group_76,Group_35,Group_77,Group_96,Group_51
User_4905 Surname_4905;Engineering;Manager;Group_17,Group_56,Group_72,Group_48
User_4906 Surname_4906;Support;Manager;Group_42,Group_4,Group_87
User_4907 Surname_4907;Finance;Associate;Group_20,Group_92,Group_72,Group_16,Group_84,Group_99,Group_80,Group_96,Group_62,Group_9
User_4908 Surname_4908;Support;Analyst;Group_32,Group_28,Group_50,Group_22,Group_88,Group_54,Group_12,Group_26
User_4909 Surname_4909;Marketing;Intern;Group_12,Group_86,Group_47,Group_66,Group_38,Group_2,Group_54,Group_37,Group_7
User_4910 Surname_4910;HR;Director;Group_22,Group_92,Group_64,Group_52,Group_63,Group_4,Group_95,Group_6
User_4911 Surname_4911;Product;Manager;Group_29,Group_100,Group_22,Group_32,Group_7,Group_28,Group_77,Group_62,Group_66,Group_89
User_4912 Surname_4912;Marketing;Director;Group_58,Group_90,Group_80,Group_49,Group_23,Group_79
User_4913 Surname_4913;Product;Director;Group_96,Group_1,Group_24,Group_64,Group_86,Group_76,Group_90
User_4914 Surname_4914;Legal;Director;Group_54,Group_56,Group_81,Group_76
User_4915 Surname_4915;Marketing;Director;Group_94,Group_13,Group_24,Group_52,Group_48,Group_62,Group_53
User_4916 Surname_4916;Support;Associate;Group_80,Group_64,Group_51,Group_98,Group_13,Group_6
User_4917 Surname_4917;Marketing;Director;Group_49,Group_81,Group_32
User_4918 Surname_4918;Marketing;Analyst;Group_42,Group_20
User_4919 Surname_4919;Product;Manager;Group_34,Group_77,Group_27,Group_3
User_4920 Surname_4920;Operations;VP;Group_8,Group_79,Group_26,Group_41
User_4921 Surname_4921;Marketing;Director;Group_51,Group_24,Group_23,Group_88,Group_13,Group_45,Group_12
User_4922 Surname_4922;Engineering;Director;Group_2,Group_40,Group_76,Group_95,Group_84,Group_23
User_4923 Surname_4923;Product;VP;Group_55,Group_97,Group_56,Group_88,Group_43
User_4924 Surname_4924;Sales;Intern;Group_23,Group_69,Group_89,Group_5,Group_25,Group_97,Group_47,Group_28,Group_22,Group_26
User_4925 Surname_4925;Engineering;Director;Group_100,Group_73,Group_3,Group_32,Group_49,Group_20,Group_46,Group_98
User_4926 Surname_4926;Marketing;Associate;Group_8,Group_63,Group_14,Group_16,Group_36,Group_64,Group_45
User_4927 Surname_4927;IT;Analyst;Group_46,Group_40,Group_98
User_4928 Surname_4928;Legal;Analyst;Group_72,Group_6,Group_63,Group_1,Group_33,Group_80
User_4929 Surname_4929;Marketing;Associate;Group_96,Group_1,Group_40,Group_22,Group_61,Group_8
User_4930 Surname_4930;Support;Manager;Group_70,Group_74,Group_89,Group_28,Group_41,Group_79,Group_50,Group_32,Group_19
User_4931 Surname_4931;IT;VP;Group_16,Group_11,Group_18
User_4932 Surname_4932;Operations;Intern;Group_89,Group_68,Group_55,Group_86,Group_95,Group_61
User_4933 Surname_4933;Engineering;Associate;Group_63,Group_77,Group_6,Group_44,Group_13,Group_41,Group_43,Group_71,Group_57
User_4934 Surname_4934;HR;VP;Group_92,Group_38
User_4935 Surname_4935;Engineering;VP;Group_94,Group_20
User_4936 Surname_4936;Product;Associate;Group_27,Group_66,Group_72,Group_21,Group_59,Group_58
User_4937 Surname_4937;Product;VP;Group_59,Group_19
User_4938 Surname_4938;Support;Analyst;Group_64,Group_80,Group_23,Group_22,Group_74
User_4939 Surname_4939;Sales;Director;Group_34,Group_42,Group_33,Group_93,Group_76,Group_14,Group_31,Group_66,Group_7
User_4940 Surname_4940;IT;Analyst;Group_21,Group_10,Group_40
User_4941 Surname_4941;Marketing;Intern;Group_44,Group_10,Group_28,Group_37,Group_49
User_4942 Surname_4942;Engineering;Intern;Group_13,Group_65,Group_99,Group_34,Group_9
User_4943 Surname_4943;Finance;Analyst;Group_40,Group_96,Group_29,Group_3
User_4944 Surname_4944;HR;Manager;Group_34,Group_99
User_4945 Surname_4945;Operations;VP;Group_100,Group_16,Group_75,Group_3
User_4946 Surname_4946;HR;Manager;Group_84,Group_56,Group_25,Group_90,Group_86,Group_3,Group_80,Group_77,Group_15
User_4947 Surname_4947;Sales;Director;Group_69,Group_89,Group_6,Group_57,Group_58,Group_87
User_4948 Surname_4948;Product;Director;Group_67,Group_40,Group_88,Group_47
User_4949 Surname_4949;Support;Analyst;Group_61,Group_18,Group_15,Group_45,Group_33,Group_80,Group_95,Group_70,Group_11,Group_16
User_4950 Surname_4950;Support;Intern;Group_85,Group_57,Group_29,Group_50
User_4951 Surname_4951;Finance;VP;Group_77,Group_32,Group_23,Group_59,Group_11,Group_5,Group_91,Group_2
User_4952 Surname_4952;Support;Associate;Group_43,Group_56,Group_89
User_4953 Surname_4953;Support;Manager;Group_63,Group_94,Group_64,Group_14,Group_54
User_4954 Surname_4954;IT;Intern;Group_42,Group_51,Group_11,Group_43,Group_54
User_4955 Surname_4955;Product;VP;Group_56,Group_26,Group_77,Group_4,Group_76,Group_100,Group_89,Group_5,Group_69,Group_12
User_4956 Surname_4956;Support;Director;Group_19,Group_18,Group_46,Group_97,Group_54,Group_94,Group_21,Group_38,Group_87,Group_71
User_4957 Surname_4957;Operations;Director;Group_89,Group_93,Group_81,Group_84
User_4958 Surname_4958;Engineering;Analyst;Group_71,Group_90,Group_87,Group_72,Group_48,Group_61,Group_27
User_4959 Surname_4959;Marketing;VP;Group_45,Group_20,Group_28,Group_89,Group_25,Group_54,Group_95,Group_64,Group_19
User_4960 Surname_4960;Legal;Associate;Group_15,Group_47,Group_42,Group_18,Group_99,Group_70
User_4961 Surname_4961;IT;VP;Group_27,Group_73,Group_46,Group_43,Group_37,Group_21,Group_84,Group_91,Group_32,Group_25
User_4962 Surname_4962;Product;Associate;Group_35,Group_86,Group_11,Group_40,Group_76,Group_79,Group_26,Group_20,Group_7
User_4963 Surname_4963;Product;VP;Group_14,Group_15,Group_91,Group_36,Group_1,Group_40,Group_87,Group_70
User_4964 Surname_4964;Support;Analyst;Group_66,Group_8,Group_7,Group_77,Group_62,Group_94,Group_80,Group_5
User_4965 Surname_4965;Product;Analyst;Group_48,Group_26,Group_42,Group_84
User_4966 Surname_4966;Support;VP;Group_14,Group_50,Group_60
User_4967 Surname_4967;HR;Director;Group_71,Group_55,Group_24,Group_67,Group_27,Group_72
User_4968 Surname_4968;HR;VP;Group_72,Group_31,Group_77,Group_61,Group_36,Group_30,Group_62,Group_4,Group_58,Group_75
User_4969 Surname_4969;Product;Analyst;Group_89,Group_12,Group_60
User_4970 Surname_4970;HR;VP;Group_20,Group_6,Group_27
User_4971 Surname_4971;Engineering;Intern;Group_24,Group_46,Group_41,Group_52,Group_29
User_4972 Surname_4972;Operations;Manager;Group_48,Group_63,Group_43,Group_29,Group_75,Group_94
User_4973 Surname_4973;Sales;Manager;Group_60,Group_69,Group_2
User_4974 Surname_4974;Legal;Manager;Group_65,Group_82
User_4975 Surname_4975;Product;Intern;Group_32,Group_9,Group_65,Group_26,Group_47,Group_33
User_4976 Surname_4976;Marketing;Analyst;Group_86,Group_32,Group_96,Group_62,Group_4,Group_82,Group_55,Group_40
User_4977 Surname_4977;Marketing;Director;Group_11,Group_5,Group_33,Group_81,Group_86,Group_52,Group_41,Group_40,Group_31
User_4978 Surname_4978;Legal;Analyst;Group_82,Group_60,Group_27,Group_72,Group_88,Group_2
User_4979 Surname_4979;Support;VP;Group_99,Group_60,Group_27,Group_84,Group_37,Group_88,Group_55,Group_80,Group_83,Group_58
User_4980 Surname_4980;Marketing;Analyst;Group_2,Group_33,Group_81,Group_27,Group_65,Group_62,Group_87
User_4981 Surname_4981;IT;Director;Group_19,Group_57,Group_34,Group_36,Group_14,Group_95,Group_66,Group_79,Group_33,Group_46
User_4982 Surname_4982;Sales;VP;Group_71,Group_53,Group_52,Group_98
User_4983 Surname_4983;Legal;Intern;Group_83,Group_95
User_4984 Surname_4984;Sales;VP;Group_59,Group_53
User_4985 Surname_4985;Legal;Director;Group_81,Group_40,Group_43,Group_7,Group_77,Group_65,Group_97,Group_35
User_4986 Surname_4986;Finance;Director;Group_52,Group_54,Group_53,Group_76,Group_99,Group_44,Group_14
User_4987 Surname_4987;HR;Manager;Group_6,Group_47,Group_2,Group_99,Group_48,Group_66,Group_92,Group_63,Group_16
User_4988 Surname_4988;Engineering;VP;Group_13,Group_39,Group_59,Group_96,Group_52,Group_4,Group_78,Group_87,Group_32,Group_90
User_4989 Surname_4989;HR;Manager;Group_89,Group_84
User_4990 Surname_4990;IT;Manager;Group_72,Group_1,Group_54
User_4991 Surname_4991;Support;Intern;Group_26,Group_65,Group_12,Group_67,Group_7,Group_78,Group_5,Group_14
User_4992 Surname_4992;Sales;Associate;Group_59,Group_85,Group_16,Group_90
User_4993 Surname_4993;Support;Associate;Group_70,Group_9
User_4994 Surname_4994;Finance;Intern;Group_28,Group_96,Group_27,Group_61,Group_69,Group_9,Group_41
User_4995 Surname_4995;IT;Associate;Group_92,Group_25,Group_76,Group_15,Group_38,Group_23,Group_95,Group_18,Group_59,Group_26
User_4996 Surname_4996;Operations;Intern;Group_52,Group_49,Group_85,Group_87,Group_50,Group_97,Group_40,Group_60,Group_59
User_4997 Surname_4997;Product;VP;Group_98,Group_3,Group_48,Group_81,Group_91,Group_58,Group_42,Group_5
User_4998 Surname_4998;Engineering;Intern;Group_45,Group_20,Group_51,Group_60,Group_84
User_4999 Surname_4999;Product;Intern;Group_63,Group_54,Group_93,Group_56,Group_70,Group_50,Group_67,Group_52
